EmployeeID,Age,Attrition,BusinessTravel,DailyRate,Department,DistanceFromHome,Education,EducationField,EnvironmentSatisfaction,Gender,HourlyRate,JobInvolvement,JobLevel,JobRole,JobSatisfaction,MaritalStatus,MonthlyIncome,MonthlyRate,NumCompaniesWorked,OverTime,PercentSalaryHike,PerformanceRating,RelationshipSatisfaction,StockOptionLevel,TotalWorkingYears,TrainingTimesLastYear,WorkLifeBalance,YearsAtCompany,YearsInCurrentRole,YearsSinceLastPromotion,YearsWithCurrManager,PromotionGapRatio,RoleStagnationIndex,TrainingIntensityScore,ManagerStabilityIndicator,ManagerTenureRatio,RolePromoGapDiff,CareerVelocity,CompRatioToRoleAvg,OverallSatisfaction,CareerStage,PromotionGapRiskScore,PromotionGapRiskLevel,RetentionOpportunityIndex,RetentionPriorityLevel,TrainingNeedIndicator,ManagerStabilityImpact,PrescriptiveAction,ClusterID,HierarchicalClusterID,PCA1,PCA2,PCA3,CareerCluster
PANW-1000,41,1,Travel_Rarely,1102,Sales,1,2,Life Sciences,2,Female,94,3,2,Sales Executive,4,Single,5993,19479,8,Yes,11,3,1,0,8,0,1,6,4,0,5,0.0,0.571,0.0,1.0,0.714,4,0.222,0.87,2.0,Growth Stage (3-6 yrs),26.8,Low Risk,39.4,Already Attrited,Moderate Development Need,Stable Leadership Continuity,Exit Analysis & Knowledge Transfer,1,4,-0.199,-0.106,-1.125,Fast-Track Performers
PANW-1001,49,0,Travel_Frequently,279,Research & Development,8,1,Life Sciences,3,Male,61,2,2,Research Scientist,2,Married,5130,24907,1,No,23,4,4,1,10,3,3,10,7,1,7,0.091,0.636,0.273,0.875,0.636,6,0.182,1.58,3.0,Established Stage (7-12 yrs),48.8,Medium Risk,74.6,Immediate Action,Sufficiently Trained,Stable Leadership Continuity,Lateral Role Rotation / New Project,3,1,0.795,0.26,-1.314,High-Risk Stagnation Profiles
PANW-1002,37,1,Travel_Rarely,1373,Research & Development,2,2,Other,4,Male,92,2,1,Laboratory Technician,3,Single,2090,2396,6,Yes,15,3,2,0,7,3,3,0,0,0,0,0.0,0.0,3.0,0.0,0.0,0,0.125,0.65,3.0,Early Stage (0-2 yrs),3.8,Low Risk,27.6,Already Attrited,Sufficiently Trained,Recent Manager Transition,Exit Analysis & Knowledge Transfer,0,2,-3.545,-0.89,0.653,Early-Career Explorers
PANW-1003,33,0,Travel_Frequently,1392,Research & Development,3,4,Life Sciences,4,Female,56,3,1,Research Scientist,3,Married,2909,23159,1,Yes,11,3,3,0,8,3,3,8,7,3,0,0.333,0.778,0.333,0.0,0.0,4,0.111,0.9,3.25,Established Stage (7-12 yrs),55.6,High Risk,74.5,Immediate Action,Sufficiently Trained,Recent Manager Transition,Lateral Role Rotation / New Project,1,1,0.15,1.805,-0.509,Fast-Track Performers
PANW-1004,27,0,Travel_Rarely,591,Research & Development,2,1,Medical,1,Male,40,3,1,Laboratory Technician,2,Married,3468,16632,9,No,12,3,4,1,6,3,3,2,2,2,2,0.667,0.667,1.0,0.667,0.667,0,0.143,1.07,2.5,Early Stage (0-2 yrs),37.4,Medium Risk,68.1,Watchlist,Sufficiently Trained,Moderate Manager Continuity,Regular Annual Review,1,4,-0.863,1.587,0.68,Fast-Track Performers
PANW-1005,32,0,Travel_Frequently,1005,Research & Development,2,2,Life Sciences,4,Male,79,3,1,Laboratory Technician,4,Single,3068,11864,0,No,13,3,3,0,8,2,2,7,7,3,6,0.375,0.875,0.25,0.75,0.75,4,0.111,0.95,3.25,Established Stage (7-12 yrs),54.2,Medium Risk,74.0,Immediate Action,Moderate Development Need,Stable Leadership Continuity,Lateral Role Rotation / New Project,3,1,0.952,1.714,-0.773,High-Risk Stagnation Profiles
PANW-1006,59,0,Travel_Rarely,1324,Research & Development,3,3,Medical,3,Female,81,4,1,Laboratory Technician,1,Married,2670,9964,4,Yes,20,4,1,3,12,3,2,1,0,0,0,0.0,0.0,1.5,0.0,0.0,0,0.077,0.82,1.75,Early Stage (0-2 yrs),11.2,Low Risk,68.9,Watchlist,Sufficiently Trained,Recent Manager Transition,Regular Annual Review,0,2,-2.564,-0.916,-0.305,Early-Career Explorers
PANW-1007,30,0,Travel_Rarely,1358,Research & Development,24,1,Life Sciences,4,Male,67,3,1,Laboratory Technician,3,Divorced,2693,13335,1,No,22,4,2,1,1,2,3,1,0,0,0,0.0,0.0,1.0,0.0,0.0,0,0.5,0.83,3.0,Early Stage (0-2 yrs),3.8,Low Risk,62.6,Watchlist,Moderate Development Need,Recent Manager Transition,Regular Annual Review,0,2,-3.635,-0.162,0.606,Early-Career Explorers
PANW-1008,38,0,Travel_Frequently,216,Research & Development,23,3,Life Sciences,4,Male,44,2,3,Manufacturing Director,3,Single,9526,8787,0,No,21,4,2,0,10,2,3,9,7,1,8,0.1,0.7,0.2,1.0,0.8,6,0.273,1.31,3.0,Established Stage (7-12 yrs),46.6,Medium Risk,73.8,Immediate Action,Moderate Development Need,Stable Leadership Continuity,Lateral Role Rotation / New Project,3,1,1.026,0.04,-0.944,High-Risk Stagnation Profiles
PANW-1009,36,0,Travel_Rarely,1299,Research & Development,27,3,Medical,3,Male,94,3,2,Healthcare Representative,3,Married,5237,16577,6,No,13,3,2,2,17,3,2,7,7,7,7,0.875,0.875,0.375,0.875,0.875,0,0.111,0.7,2.5,Established Stage (7-12 yrs),72.0,High Risk,80.2,Immediate Action,Sufficiently Trained,Prolonged Stagnant Manager Dyad,Promotion & Compensation Review,3,0,2.429,1.773,1.154,High-Risk Stagnation Profiles
PANW-1010,35,0,Travel_Rarely,809,Research & Development,16,3,Medical,1,Male,84,4,1,Laboratory Technician,2,Married,2426,16479,0,No,13,3,3,1,6,5,3,5,4,0,3,0.0,0.667,0.833,0.6,0.5,4,0.143,0.75,2.25,Growth Stage (3-6 yrs),36.7,Medium Risk,71.6,Immediate Action,Sufficiently Trained,Moderate Manager Continuity,Lateral Role Rotation / New Project,1,4,-0.988,0.615,-1.251,Fast-Track Performers
PANW-1011,29,0,Travel_Rarely,153,Research & Development,15,2,Life Sciences,4,Female,49,2,2,Laboratory Technician,3,Single,4193,12682,0,Yes,12,3,4,0,10,3,3,9,5,0,8,0.0,0.5,0.3,1.333,0.8,5,0.182,1.3,3.5,Established Stage (7-12 yrs),31.9,Medium Risk,62.4,Watchlist,Sufficiently Trained,Stable Leadership Continuity,Regular Annual Review,3,4,0.431,-0.591,-1.15,High-Risk Stagnation Profiles
PANW-1012,31,0,Travel_Rarely,670,Research & Development,26,1,Life Sciences,1,Male,31,3,1,Research Scientist,3,Divorced,2911,15170,1,No,17,3,4,1,5,1,2,5,2,4,3,0.667,0.333,0.167,1.0,0.5,-2,0.167,0.9,2.5,Growth Stage (3-6 yrs),32.3,Medium Risk,66.3,Watchlist,Moderate Development Need,Moderate Manager Continuity,Upskilling & Training Program,1,4,-0.355,1.019,0.902,Fast-Track Performers
PANW-1013,34,0,Travel_Rarely,1346,Research & Development,19,2,Medical,2,Male,93,3,1,Laboratory Technician,4,Divorced,2661,8758,0,No,11,3,3,1,3,2,3,2,2,1,2,0.333,0.667,0.667,0.667,0.667,1,0.25,0.82,3.0,Early Stage (0-2 yrs),26.4,Low Risk,64.2,Watchlist,Moderate Development Need,Moderate Manager Continuity,Regular Annual Review,1,4,-1.399,1.274,-0.01,Fast-Track Performers
PANW-1014,28,1,Travel_Rarely,103,Research & Development,24,3,Life Sciences,3,Male,50,2,1,Laboratory Technician,3,Single,2028,12947,5,Yes,14,3,2,0,6,4,3,4,2,0,3,0.0,0.4,0.8,1.0,0.6,2,0.143,0.63,2.75,Growth Stage (3-6 yrs),20.0,Low Risk,33.2,Already Attrited,Sufficiently Trained,Moderate Manager Continuity,Exit Analysis & Knowledge Transfer,1,4,-1.434,-0.152,-0.908,Fast-Track Performers
PANW-1015,29,0,Travel_Rarely,1389,Research & Development,21,4,Life Sciences,2,Female,51,4,3,Manufacturing Director,1,Divorced,9980,10195,1,No,11,3,3,1,10,1,3,10,9,8,8,0.727,0.818,0.091,0.8,0.727,1,0.273,1.37,2.25,Established Stage (7-12 yrs),84.7,High Risk,88.4,Immediate Action,High Development Need,Prolonged Stagnant Manager Dyad,Promotion & Compensation Review,3,0,2.653,1.624,1.497,High-Risk Stagnation Profiles
PANW-1016,32,0,Travel_Rarely,334,Research & Development,5,2,Life Sciences,1,Male,80,4,1,Research Scientist,2,Divorced,3298,15053,0,Yes,12,3,4,2,7,5,2,6,2,0,5,0.0,0.286,0.714,1.667,0.714,2,0.125,1.02,2.25,Growth Stage (3-6 yrs),20.9,Low Risk,66.1,Watchlist,Sufficiently Trained,Stable Leadership Continuity,Regular Annual Review,1,4,-0.984,-0.783,-0.861,Fast-Track Performers
PANW-1017,22,0,Non-Travel,1123,Research & Development,16,2,Medical,4,Male,96,4,1,Laboratory Technician,4,Divorced,2935,7324,1,Yes,13,3,2,2,1,2,2,1,0,0,0,0.0,0.0,1.0,0.0,0.0,0,0.5,0.91,3.0,Early Stage (0-2 yrs),0.0,Low Risk,58.8,Watchlist,Moderate Development Need,Recent Manager Transition,Regular Annual Review,0,2,-3.595,-0.247,0.845,Early-Career Explorers
PANW-1018,53,0,Travel_Rarely,1219,Sales,2,4,Life Sciences,1,Female,78,2,4,Manager,4,Married,15427,22021,2,No,16,3,3,0,31,3,3,25,8,3,7,0.115,0.308,0.115,0.778,0.269,5,0.125,0.9,2.75,Veteran Stage (13+ yrs),43.2,Medium Risk,66.4,Watchlist,Sufficiently Trained,Stable Leadership Continuity,Regular Annual Review,2,1,3.404,-2.312,-0.234,Stable Long-Term Contributors
PANW-1019,38,0,Travel_Rarely,371,Research & Development,2,3,Life Sciences,4,Male,45,3,1,Research Scientist,4,Single,3944,4306,5,Yes,11,3,3,0,6,3,3,3,2,1,2,0.25,0.5,0.75,0.667,0.5,1,0.143,1.22,3.5,Growth Stage (3-6 yrs),22.2,Low Risk,62.8,Watchlist,Sufficiently Trained,Moderate Manager Continuity,Regular Annual Review,1,4,-1.239,0.606,-0.257,Fast-Track Performers
PANW-1020,24,0,Non-Travel,673,Research & Development,11,2,Other,1,Female,96,4,2,Manufacturing Director,3,Divorced,4011,8232,0,No,18,3,4,1,5,5,2,4,2,1,3,0.2,0.4,1.0,1.0,0.6,1,0.333,0.55,2.5,Growth Stage (3-6 yrs),23.5,Low Risk,67.0,Watchlist,Sufficiently Trained,Moderate Manager Continuity,Regular Annual Review,1,4,-1.444,-0.038,0.378,Fast-Track Performers
PANW-1021,36,1,Travel_Rarely,1218,Sales,9,4,Life Sciences,3,Male,82,2,1,Sales Representative,1,Single,3407,6986,7,No,23,4,2,0,10,4,3,5,3,0,3,0.0,0.5,0.667,0.75,0.5,3,0.091,1.3,2.25,Growth Stage (3-6 yrs),33.1,Medium Risk,44.1,Already Attrited,Sufficiently Trained,Moderate Manager Continuity,Exit Analysis & Knowledge Transfer,1,4,-0.923,0.071,-1.501,Fast-Track Performers
PANW-1022,34,0,Travel_Rarely,419,Research & Development,7,4,Life Sciences,1,Female,53,3,3,Research Director,2,Single,11994,21293,0,No,11,3,3,0,13,4,3,12,6,2,11,0.154,0.462,0.308,1.571,0.846,4,0.214,0.75,2.25,Established Stage (7-12 yrs),44.8,Medium Risk,70.7,Immediate Action,Sufficiently Trained,Stable Leadership Continuity,Regular Annual Review,3,1,1.683,-0.996,-0.273,High-Risk Stagnation Profiles
PANW-1023,21,0,Travel_Rarely,391,Research & Development,15,2,Life Sciences,3,Male,96,3,1,Research Scientist,4,Single,1232,19281,1,No,14,3,4,0,0,6,3,0,0,0,0,0.0,0.0,6.0,0.0,0.0,0,1.0,0.38,3.5,Early Stage (0-2 yrs),0.0,Low Risk,55.0,Watchlist,Sufficiently Trained,Recent Manager Transition,Regular Annual Review,0,2,-6.786,-0.71,4.635,Early-Career Explorers
PANW-1024,34,1,Travel_Rarely,699,Research & Development,6,1,Medical,2,Male,83,3,1,Research Scientist,1,Single,2960,17102,2,No,11,3,3,0,8,2,3,4,2,1,3,0.2,0.4,0.4,1.0,0.6,1,0.111,0.91,2.25,Growth Stage (3-6 yrs),31.0,Medium Risk,40.8,Already Attrited,Moderate Development Need,Moderate Manager Continuity,Exit Analysis & Knowledge Transfer,1,4,-0.855,0.106,-0.522,Fast-Track Performers
PANW-1025,53,0,Travel_Rarely,1282,Research & Development,5,3,Other,3,Female,58,3,5,Manager,3,Divorced,19094,10735,4,No,11,3,4,1,26,3,2,14,13,4,8,0.267,0.867,0.2,0.571,0.533,9,0.185,1.11,3.0,Veteran Stage (13+ yrs),64.4,High Risk,77.5,Immediate Action,Sufficiently Trained,Prolonged Stagnant Manager Dyad,Promotion & Compensation Review,2,1,3.897,-0.405,-0.144,Stable Long-Term Contributors
PANW-1026,32,1,Travel_Frequently,1125,Research & Development,16,1,Life Sciences,2,Female,72,1,1,Research Scientist,1,Single,3919,4681,1,Yes,22,4,2,0,10,5,3,10,2,6,7,0.545,0.182,0.455,2.333,0.636,-4,0.091,1.21,2.0,Established Stage (7-12 yrs),43.0,Medium Risk,43.8,Already Attrited,Sufficiently Trained,Prolonged Stagnant Manager Dyad,Exit Analysis & Knowledge Transfer,3,0,0.757,-0.325,0.849,High-Risk Stagnation Profiles
PANW-1027,42,0,Travel_Rarely,691,Sales,8,4,Marketing,3,Male,48,3,2,Sales Executive,2,Married,6825,21173,0,No,11,3,4,1,10,2,3,9,7,4,2,0.4,0.7,0.2,0.25,0.2,3,0.182,0.99,3.0,Established Stage (7-12 yrs),60.9,High Risk,76.3,Immediate Action,Moderate Development Need,Moderate Manager Continuity,Promotion & Compensation Review,3,1,0.798,1.241,0.15,High-Risk Stagnation Profiles
PANW-1028,44,0,Travel_Rarely,477,Research & Development,7,4,Medical,1,Female,42,2,3,Healthcare Representative,4,Married,10248,2094,3,No,14,3,4,1,24,4,3,22,6,5,17,0.217,0.261,0.174,2.429,0.739,1,0.12,1.36,3.0,Veteran Stage (13+ yrs),42.8,Medium Risk,66.2,Watchlist,Sufficiently Trained,Prolonged Stagnant Manager Dyad,Manager Mentorship & Skip-Level Check-in,2,1,3.948,-2.375,0.062,Stable Long-Term Contributors
PANW-1029,46,0,Travel_Rarely,705,Sales,2,4,Marketing,2,Female,83,3,5,Manager,1,Single,18947,22822,3,No,12,3,4,0,22,2,2,2,2,2,1,0.667,0.667,0.667,0.333,0.333,0,0.217,1.1,2.25,Early Stage (0-2 yrs),41.2,Medium Risk,69.4,Watchlist,Moderate Development Need,Recent Manager Transition,Regular Annual Review,1,1,0.659,-0.332,1.482,Fast-Track Performers
PANW-1030,33,0,Travel_Rarely,924,Research & Development,2,3,Medical,3,Male,78,3,1,Laboratory Technician,4,Single,2496,6670,4,No,11,3,4,0,7,3,3,1,1,0,0,0.0,0.5,1.5,0.0,0.0,1,0.125,0.77,3.5,Early Stage (0-2 yrs),15.6,Low Risk,60.5,Watchlist,Sufficiently Trained,Recent Manager Transition,Regular Annual Review,1,4,-2.298,0.317,-0.553,Fast-Track Performers
PANW-1031,44,0,Travel_Rarely,1459,Research & Development,10,4,Other,4,Male,41,3,2,Healthcare Representative,4,Married,6465,19121,2,Yes,13,3,4,0,9,5,4,4,2,1,3,0.2,0.4,1.0,1.0,0.6,1,0.2,0.86,4.0,Growth Stage (3-6 yrs),19.8,Low Risk,61.9,Watchlist,Sufficiently Trained,Moderate Manager Continuity,Regular Annual Review,1,4,-0.998,-0.32,0.136,Fast-Track Performers
PANW-1032,30,0,Travel_Rarely,125,Research & Development,9,2,Medical,4,Male,83,2,1,Laboratory Technician,3,Single,2206,16117,1,No,13,3,1,0,10,5,3,10,0,1,8,0.091,0.0,0.455,8.0,0.727,-1,0.091,0.68,2.75,Established Stage (7-12 yrs),7.2,Low Risk,53.8,Watchlist,Sufficiently Trained,Stable Leadership Continuity,Regular Annual Review,4,3,0.372,-3.94,-0.392,Promotion-Stalled Employees
PANW-1033,39,1,Travel_Rarely,895,Sales,5,3,Technical Degree,4,Male,56,3,2,Sales Representative,4,Married,2086,3335,3,No,14,3,3,1,19,6,4,1,0,0,0,0.0,0.0,3.0,0.0,0.0,0,0.1,0.79,3.75,Early Stage (0-2 yrs),0.0,Low Risk,30.0,Already Attrited,Sufficiently Trained,Recent Manager Transition,Exit Analysis & Knowledge Transfer,0,2,-2.673,-1.854,0.819,Early-Career Explorers
PANW-1034,24,1,Travel_Rarely,813,Research & Development,1,3,Medical,2,Male,61,3,1,Research Scientist,4,Married,2293,3020,2,Yes,16,3,1,1,6,2,2,2,0,2,0,0.667,0.0,0.667,0.0,0.0,-2,0.143,0.71,2.25,Early Stage (0-2 yrs),7.0,Low Risk,32.4,Already Attrited,Moderate Development Need,Recent Manager Transition,Exit Analysis & Knowledge Transfer,1,4,-1.809,0.505,1.304,Fast-Track Performers
PANW-1035,43,0,Travel_Rarely,1273,Research & Development,2,2,Medical,4,Female,72,4,1,Research Scientist,3,Divorced,2645,21923,1,No,12,3,4,2,6,3,2,5,3,1,4,0.167,0.5,0.5,1.0,0.667,2,0.143,0.82,3.25,Growth Stage (3-6 yrs),29.1,Low Risk,68.9,Watchlist,Sufficiently Trained,Stable Leadership Continuity,Regular Annual Review,1,4,-0.709,0.377,-0.663,Fast-Track Performers
PANW-1036,50,1,Travel_Rarely,869,Sales,3,2,Marketing,1,Male,86,2,1,Sales Representative,3,Married,2683,3810,1,Yes,14,3,3,0,3,2,3,3,2,0,2,0.0,0.5,0.5,0.667,0.5,2,0.25,1.02,2.5,Growth Stage (3-6 yrs),22.5,Low Risk,34.1,Already Attrited,Moderate Development Need,Moderate Manager Continuity,Exit Analysis & Knowledge Transfer,1,4,-1.765,0.439,-0.838,Fast-Track Performers
PANW-1037,35,0,Travel_Rarely,890,Sales,2,3,Marketing,4,Female,97,3,1,Sales Representative,4,Married,2014,9687,1,No,13,3,1,0,2,3,3,2,2,2,2,0.667,0.667,1.0,0.667,0.667,0,0.333,0.77,3.0,Early Stage (0-2 yrs),29.9,Low Risk,65.5,Watchlist,Sufficiently Trained,Moderate Manager Continuity,Regular Annual Review,1,4,-1.401,1.849,1.196,Fast-Track Performers
PANW-1038,36,0,Travel_Rarely,852,Research & Development,5,4,Life Sciences,2,Female,82,2,1,Research Scientist,1,Married,3419,13072,9,Yes,14,3,4,1,6,3,4,1,1,0,0,0.0,0.5,1.5,0.0,0.0,1,0.143,1.06,2.75,Early Stage (0-2 yrs),26.9,Low Risk,60.7,Watchlist,Sufficiently Trained,Recent Manager Transition,Regular Annual Review,1,4,-2.388,0.399,-0.583,Fast-Track Performers
PANW-1039,33,0,Travel_Frequently,1141,Sales,1,3,Life Sciences,3,Female,42,4,2,Sales Executive,1,Married,5376,3193,2,No,19,3,1,2,10,3,3,5,3,1,3,0.167,0.5,0.5,0.75,0.5,2,0.182,0.78,2.0,Growth Stage (3-6 yrs),36.6,Medium Risk,71.6,Immediate Action,Sufficiently Trained,Moderate Manager Continuity,Regular Annual Review,1,4,-0.534,0.035,-0.53,Fast-Track Performers
PANW-1040,35,0,Travel_Rarely,464,Research & Development,4,2,Other,3,Male,75,3,1,Laboratory Technician,4,Divorced,1951,10910,1,No,12,3,3,1,1,3,3,1,0,0,0,0.0,0.0,1.5,0.0,0.0,0,0.5,0.6,3.25,Early Stage (0-2 yrs),0.0,Low Risk,55.0,Watchlist,Sufficiently Trained,Recent Manager Transition,Regular Annual Review,0,2,-3.803,-0.327,1.107,Early-Career Explorers
PANW-1041,27,0,Travel_Rarely,1240,Research & Development,2,4,Life Sciences,4,Female,33,3,1,Laboratory Technician,1,Divorced,2341,19715,1,No,13,3,4,1,1,6,3,1,0,0,0,0.0,0.0,3.0,0.0,0.0,0,0.5,0.72,3.0,Early Stage (0-2 yrs),11.2,Low Risk,58.9,Watchlist,Sufficiently Trained,Recent Manager Transition,Regular Annual Review,0,2,-4.443,-0.528,1.786,Early-Career Explorers
PANW-1042,26,1,Travel_Rarely,1357,Research & Development,25,3,Life Sciences,1,Male,48,1,1,Laboratory Technician,3,Single,2293,10558,1,No,12,3,3,0,1,2,2,1,0,0,1,0.0,0.0,1.0,1.0,0.5,0,0.5,0.71,2.25,Early Stage (0-2 yrs),3.8,Low Risk,23.8,Already Attrited,Moderate Development Need,Recent Manager Transition,Exit Analysis & Knowledge Transfer,0,2,-3.364,-0.65,0.849,Early-Career Explorers
PANW-1043,27,0,Travel_Frequently,994,Sales,8,3,Life Sciences,4,Male,37,3,3,Sales Executive,3,Single,8726,2975,1,No,15,3,4,0,9,0,3,9,8,1,7,0.1,0.8,0.0,0.778,0.7,7,0.3,1.26,3.5,Established Stage (7-12 yrs),52.2,Medium Risk,73.3,Immediate Action,High Development Need,Stable Leadership Continuity,Lateral Role Rotation / New Project,3,1,1.102,0.434,-0.934,High-Risk Stagnation Profiles
PANW-1044,30,0,Travel_Frequently,721,Research & Development,1,2,Medical,3,Female,58,3,2,Laboratory Technician,4,Single,4011,10781,1,No,23,4,4,0,12,2,3,12,8,3,7,0.231,0.615,0.154,0.778,0.538,5,0.154,1.24,3.5,Established Stage (7-12 yrs),50.9,Medium Risk,79.1,Immediate Action,Moderate Development Need,Stable Leadership Continuity,Lateral Role Rotation / New Project,3,0,1.5,0.477,-0.843,High-Risk Stagnation Profiles
PANW-1045,41,1,Travel_Rarely,1360,Research & Development,12,3,Technical Degree,2,Female,49,3,5,Research Director,3,Married,19545,16280,1,No,12,3,4,0,23,0,3,22,15,15,8,0.652,0.652,0.0,0.5,0.348,0,0.208,1.22,3.0,Veteran Stage (13+ yrs),80.0,High Risk,58.0,Already Attrited,High Development Need,Prolonged Stagnant Manager Dyad,Exit Analysis & Knowledge Transfer,2,0,5.766,0.409,2.54,Stable Long-Term Contributors
PANW-1046,34,0,Non-Travel,1065,Sales,23,4,Marketing,2,Male,72,3,2,Sales Executive,3,Single,4568,10034,0,No,20,4,3,0,10,2,3,9,5,8,7,0.8,0.5,0.2,1.167,0.7,-3,0.182,0.66,2.75,Established Stage (7-12 yrs),59.9,High Risk,82.2,Immediate Action,Moderate Development Need,Prolonged Stagnant Manager Dyad,Manager Mentorship & Skip-Level Check-in,3,0,1.724,1.132,1.581,High-Risk Stagnation Profiles
PANW-1047,37,0,Travel_Rarely,408,Research & Development,19,2,Life Sciences,2,Male,73,3,1,Research Scientist,2,Married,3022,10227,4,No,21,4,1,0,8,1,3,1,0,0,0,0.0,0.0,0.5,0.0,0.0,0,0.111,0.93,2.0,Early Stage (0-2 yrs),7.5,Low Risk,63.9,Watchlist,Moderate Development Need,Recent Manager Transition,Upskilling & Training Program,1,2,-2.378,-0.561,-0.718,Fast-Track Performers
PANW-1048,46,0,Travel_Frequently,1211,Sales,5,4,Marketing,1,Male,98,3,2,Sales Executive,4,Single,5772,20445,4,Yes,21,4,3,0,14,4,3,9,6,0,8,0.0,0.6,0.4,1.143,0.8,6,0.133,0.83,2.75,Established Stage (7-12 yrs),33.8,Medium Risk,73.1,Immediate Action,Sufficiently Trained,Stable Leadership Continuity,Lateral Role Rotation / New Project,3,1,0.779,-0.396,-1.625,High-Risk Stagnation Profiles
PANW-1049,35,0,Travel_Rarely,1229,Research & Development,8,1,Life Sciences,4,Male,36,4,1,Laboratory Technician,4,Married,2269,4892,1,No,19,3,4,0,1,2,3,1,0,0,1,0.0,0.0,1.0,1.0,0.5,0,0.5,0.7,3.75,Early Stage (0-2 yrs),0.0,Low Risk,58.8,Watchlist,Moderate Development Need,Recent Manager Transition,Regular Annual Review,0,2,-3.395,-0.584,0.663,Early-Career Explorers
PANW-1050,48,1,Travel_Rarely,626,Research & Development,1,2,Life Sciences,1,Male,98,2,3,Laboratory Technician,3,Single,5381,19294,9,Yes,13,3,4,0,23,2,3,1,0,0,0,0.0,0.0,1.0,0.0,0.0,0,0.125,1.66,2.75,Early Stage (0-2 yrs),3.8,Low Risk,27.6,Already Attrited,Moderate Development Need,Recent Manager Transition,Exit Analysis & Knowledge Transfer,1,2,-1.451,-2.108,0.157,Fast-Track Performers
PANW-1051,28,1,Travel_Rarely,1434,Research & Development,5,4,Technical Degree,3,Male,50,3,1,Laboratory Technician,3,Single,3441,11179,1,Yes,13,3,3,0,2,3,2,2,2,2,2,0.667,0.667,1.0,0.667,0.667,0,0.333,1.06,2.75,Early Stage (0-2 yrs),33.7,Medium Risk,41.8,Already Attrited,Sufficiently Trained,Moderate Manager Continuity,Exit Analysis & Knowledge Transfer,1,4,-1.401,1.849,1.196,Fast-Track Performers
PANW-1052,44,0,Travel_Rarely,1488,Sales,1,5,Marketing,2,Female,75,3,2,Sales Executive,1,Divorced,5454,4009,5,Yes,21,4,3,1,9,2,2,4,3,1,3,0.2,0.6,0.4,0.75,0.6,2,0.2,0.79,2.0,Growth Stage (3-6 yrs),39.1,Medium Risk,74.9,Immediate Action,Moderate Development Need,Moderate Manager Continuity,Regular Annual Review,1,4,-0.534,0.395,-0.627,Fast-Track Performers
PANW-1053,35,0,Non-Travel,1097,Research & Development,11,2,Medical,3,Male,79,2,3,Healthcare Representative,1,Married,9884,8302,2,Yes,13,3,3,1,10,3,3,4,0,2,3,0.4,0.0,0.6,3.0,0.6,-2,0.273,1.31,2.5,Growth Stage (3-6 yrs),18.2,Low Risk,57.6,Watchlist,Sufficiently Trained,Moderate Manager Continuity,Regular Annual Review,1,4,-0.736,-1.962,1.451,Fast-Track Performers
PANW-1054,26,0,Travel_Rarely,1443,Sales,23,3,Marketing,3,Female,47,2,2,Sales Executive,4,Married,4157,21436,7,Yes,19,3,3,1,5,2,2,2,2,0,0,0.0,0.667,0.667,0.0,0.0,2,0.333,0.6,3.0,Early Stage (0-2 yrs),22.9,Low Risk,59.3,Watchlist,Moderate Development Need,Recent Manager Transition,Regular Annual Review,1,4,-1.902,0.701,-0.619,Fast-Track Performers
PANW-1055,33,0,Travel_Frequently,515,Research & Development,1,2,Life Sciences,1,Female,98,3,3,Research Director,4,Single,13458,15146,1,Yes,12,3,3,0,15,1,3,15,14,8,12,0.5,0.875,0.062,0.8,0.75,6,0.188,0.84,2.75,Veteran Stage (13+ yrs),74.9,High Risk,81.2,Immediate Action,High Development Need,Prolonged Stagnant Manager Dyad,Promotion & Compensation Review,2,1,4.199,1.26,0.386,Stable Long-Term Contributors
PANW-1056,35,0,Travel_Frequently,853,Sales,18,5,Life Sciences,2,Male,71,3,3,Sales Executive,1,Married,9069,11031,1,No,22,4,4,1,9,3,2,9,8,1,8,0.1,0.8,0.3,0.889,0.8,7,0.3,1.31,2.25,Established Stage (7-12 yrs),59.8,High Risk,82.2,Immediate Action,Sufficiently Trained,Stable Leadership Continuity,Lateral Role Rotation / New Project,3,1,1.063,0.396,-1.003,High-Risk Stagnation Profiles
PANW-1057,35,0,Travel_Rarely,1142,Research & Development,23,4,Medical,3,Female,30,3,1,Laboratory Technician,1,Married,4014,16002,3,Yes,15,3,3,1,4,3,3,2,2,2,2,0.667,0.667,1.0,0.667,0.667,0,0.2,1.24,2.5,Early Stage (0-2 yrs),41.2,Medium Risk,69.4,Watchlist,Sufficiently Trained,Moderate Manager Continuity,Regular Annual Review,1,4,-1.07,1.73,0.76,Fast-Track Performers
PANW-1058,31,0,Travel_Rarely,655,Research & Development,7,4,Life Sciences,4,Male,48,3,2,Laboratory Technician,4,Divorced,5915,9528,3,No,22,4,4,1,10,3,2,7,7,1,7,0.125,0.875,0.375,0.875,0.875,6,0.182,1.83,3.5,Established Stage (7-12 yrs),47.2,Medium Risk,77.8,Immediate Action,Sufficiently Trained,Stable Leadership Continuity,Lateral Role Rotation / New Project,3,1,0.788,0.84,-1.444,High-Risk Stagnation Profiles
PANW-1059,37,0,Travel_Rarely,1115,Research & Development,1,4,Life Sciences,1,Male,51,2,2,Manufacturing Director,3,Divorced,5993,2689,1,No,18,3,3,1,7,2,4,7,5,0,7,0.0,0.625,0.25,1.167,0.875,5,0.25,0.82,2.75,Established Stage (7-12 yrs),35.0,Medium Risk,63.5,Watchlist,Moderate Development Need,Stable Leadership Continuity,Lateral Role Rotation / New Project,1,1,0.018,0.023,-1.265,Fast-Track Performers
PANW-1060,32,0,Travel_Rarely,427,Research & Development,1,3,Medical,1,Male,33,3,2,Manufacturing Director,4,Married,6162,10877,1,Yes,22,4,2,1,9,3,3,9,8,7,8,0.7,0.8,0.3,0.889,0.8,1,0.2,0.84,2.5,Established Stage (7-12 yrs),69.5,High Risk,85.6,Immediate Action,Sufficiently Trained,Prolonged Stagnant Manager Dyad,Promotion & Compensation Review,3,0,2.065,1.868,0.764,High-Risk Stagnation Profiles
PANW-1061,38,0,Travel_Frequently,653,Research & Development,29,5,Life Sciences,4,Female,50,3,2,Laboratory Technician,4,Single,2406,5456,1,No,11,3,4,0,10,2,3,10,3,9,9,0.818,0.273,0.182,2.25,0.818,-6,0.182,0.74,3.75,Established Stage (7-12 yrs),47.7,Medium Risk,71.7,Immediate Action,Moderate Development Need,Prolonged Stagnant Manager Dyad,Manager Mentorship & Skip-Level Check-in,3,0,1.892,0.077,2.304,High-Risk Stagnation Profiles
PANW-1062,50,0,Travel_Rarely,989,Research & Development,7,2,Medical,2,Female,43,2,5,Research Director,3,Divorced,18740,16701,5,Yes,12,3,4,1,29,2,2,27,3,13,8,0.464,0.107,0.071,2.0,0.286,-10,0.167,1.17,2.75,Veteran Stage (13+ yrs),50.8,Medium Risk,69.0,Watchlist,Moderate Development Need,Prolonged Stagnant Manager Dyad,Manager Mentorship & Skip-Level Check-in,2,0,4.491,-2.811,2.885,Stable Long-Term Contributors
PANW-1063,59,0,Travel_Rarely,1435,Sales,25,3,Life Sciences,1,Female,99,3,3,Sales Executive,1,Single,7637,2354,7,No,11,3,4,0,28,3,2,21,16,7,9,0.318,0.727,0.136,0.529,0.409,9,0.103,1.1,2.0,Veteran Stage (13+ yrs),78.9,High Risk,82.6,Immediate Action,Sufficiently Trained,Prolonged Stagnant Manager Dyad,Promotion & Compensation Review,2,1,4.773,0.107,-0.125,Stable Long-Term Contributors
PANW-1064,36,0,Travel_Rarely,1223,Research & Development,8,3,Technical Degree,3,Female,59,3,3,Healthcare Representative,3,Divorced,10096,8202,1,No,13,3,2,3,17,2,3,17,14,12,8,0.667,0.778,0.111,0.533,0.444,2,0.167,1.34,2.75,Veteran Stage (13+ yrs),83.2,High Risk,84.1,Immediate Action,Moderate Development Need,Prolonged Stagnant Manager Dyad,Promotion & Compensation Review,2,0,4.423,1.536,1.535,Stable Long-Term Contributors
PANW-1065,55,0,Travel_Rarely,836,Research & Development,8,3,Medical,4,Female,33,3,4,Manager,3,Divorced,14756,19730,2,Yes,14,3,3,3,21,2,3,5,0,0,2,0.0,0.0,0.333,2.0,0.333,0,0.182,0.86,3.25,Growth Stage (3-6 yrs),3.8,Low Risk,56.3,Watchlist,Moderate Development Need,Moderate Manager Continuity,Regular Annual Review,1,4,-0.403,-3.123,0.101,Fast-Track Performers
PANW-1066,36,0,Travel_Frequently,1195,Research & Development,11,3,Life Sciences,2,Male,95,2,2,Manufacturing Director,2,Single,6499,22656,1,No,13,3,3,0,6,3,3,6,5,0,3,0.0,0.714,0.429,0.5,0.429,5,0.286,0.89,2.5,Growth Stage (3-6 yrs),41.0,Medium Risk,65.6,Watchlist,Sufficiently Trained,Moderate Manager Continuity,Lateral Role Rotation / New Project,1,4,-0.643,0.545,-0.95,Fast-Track Performers
PANW-1067,45,0,Travel_Rarely,1339,Research & Development,7,3,Life Sciences,2,Male,59,3,3,Research Scientist,1,Divorced,9724,18787,2,No,17,3,3,1,25,2,3,1,0,0,0,0.0,0.0,1.0,0.0,0.0,0,0.115,3.0,2.25,Early Stage (0-2 yrs),11.2,Low Risk,58.9,Watchlist,Moderate Development Need,Recent Manager Transition,Regular Annual Review,1,2,-1.366,-2.171,0.029,Fast-Track Performers
PANW-1068,35,0,Travel_Frequently,664,Research & Development,1,3,Medical,2,Male,79,3,1,Research Scientist,1,Married,2194,5868,4,No,13,3,4,1,5,2,2,3,2,1,2,0.25,0.5,0.5,0.667,0.5,1,0.167,0.68,2.25,Growth Stage (3-6 yrs),33.5,Medium Risk,66.7,Watchlist,Moderate Development Need,Moderate Manager Continuity,Regular Annual Review,1,4,-1.23,0.715,-0.361,Fast-Track Performers
PANW-1069,36,1,Travel_Rarely,318,Research & Development,9,3,Medical,4,Male,79,2,1,Research Scientist,3,Married,3388,21777,0,Yes,17,3,1,1,2,0,2,1,0,0,0,0.0,0.0,0.0,0.0,0.0,0,0.333,1.05,2.5,Early Stage (0-2 yrs),3.8,Low Risk,27.6,Already Attrited,Moderate Development Need,Recent Manager Transition,Exit Analysis & Knowledge Transfer,0,2,-2.827,-0.169,-0.218,Early-Career Explorers
PANW-1070,59,0,Travel_Frequently,1225,Sales,1,1,Life Sciences,1,Female,57,2,2,Sales Executive,3,Single,5473,24668,7,No,11,3,4,0,20,2,2,4,3,1,3,0.2,0.6,0.4,0.75,0.6,2,0.095,0.79,2.5,Growth Stage (3-6 yrs),31.6,Medium Risk,62.3,Watchlist,Moderate Development Need,Moderate Manager Continuity,Regular Annual Review,1,4,0.175,-0.265,-0.627,Fast-Track Performers
PANW-1071,29,0,Travel_Rarely,1328,Research & Development,2,3,Life Sciences,3,Male,76,3,1,Research Scientist,2,Married,2703,4956,0,No,23,4,4,1,6,3,3,5,4,0,4,0.0,0.667,0.5,0.8,0.667,4,0.143,0.83,3.0,Growth Stage (3-6 yrs),36.7,Medium Risk,74.1,Immediate Action,Sufficiently Trained,Stable Leadership Continuity,Lateral Role Rotation / New Project,1,4,-0.761,0.661,-1.697,Fast-Track Performers
PANW-1072,31,0,Travel_Rarely,1082,Research & Development,1,4,Medical,3,Male,87,3,1,Research Scientist,2,Single,2501,18775,1,No,17,3,2,0,1,4,3,1,1,1,0,0.5,0.5,2.0,0.0,0.0,0,0.5,0.77,2.5,Early Stage (0-2 yrs),26.6,Low Risk,64.3,Watchlist,Sufficiently Trained,Recent Manager Transition,Regular Annual Review,0,2,-3.037,1.477,1.813,Early-Career Explorers
PANW-1073,32,0,Travel_Rarely,548,Research & Development,1,3,Life Sciences,2,Male,66,3,2,Research Scientist,2,Married,6220,7346,1,No,17,3,2,2,10,3,3,10,4,0,9,0.0,0.364,0.273,1.8,0.818,4,0.182,1.92,2.25,Established Stage (7-12 yrs),29.1,Low Risk,65.2,Watchlist,Sufficiently Trained,Stable Leadership Continuity,Regular Annual Review,3,1,0.427,-1.096,-1.122,High-Risk Stagnation Profiles
PANW-1074,36,0,Travel_Rarely,132,Research & Development,6,3,Life Sciences,2,Female,55,4,1,Laboratory Technician,4,Married,3038,22002,3,No,12,3,2,0,5,3,3,1,0,0,0,0.0,0.0,1.5,0.0,0.0,0,0.167,0.94,2.75,Early Stage (0-2 yrs),0.0,Low Risk,58.8,Watchlist,Sufficiently Trained,Recent Manager Transition,Regular Annual Review,0,2,-2.995,-0.624,0.144,Early-Career Explorers
PANW-1075,31,0,Travel_Rarely,746,Research & Development,8,4,Life Sciences,3,Female,61,3,2,Manufacturing Director,4,Single,4424,20682,1,No,23,4,4,0,11,2,3,11,7,1,8,0.083,0.583,0.167,1.0,0.667,6,0.167,0.61,3.5,Established Stage (7-12 yrs),40.0,Medium Risk,75.2,Immediate Action,Moderate Development Need,Stable Leadership Continuity,Regular Annual Review,3,1,1.047,0.011,-1.384,High-Risk Stagnation Profiles
PANW-1076,35,0,Travel_Rarely,776,Sales,1,4,Marketing,3,Male,32,2,2,Sales Executive,1,Single,4312,23016,0,No,14,3,2,0,16,2,3,15,13,2,8,0.125,0.812,0.125,0.571,0.5,11,0.118,0.62,2.25,Veteran Stage (13+ yrs),63.6,High Risk,73.5,Immediate Action,Moderate Development Need,Stable Leadership Continuity,Promotion & Compensation Review,3,1,2.585,0.675,-1.542,High-Risk Stagnation Profiles
PANW-1077,45,0,Travel_Rarely,193,Research & Development,6,4,Other,4,Male,52,3,3,Research Director,1,Married,13245,15067,4,Yes,14,3,2,0,17,3,4,0,0,0,0,0.0,0.0,3.0,0.0,0.0,0,0.167,0.83,2.75,Early Stage (0-2 yrs),11.2,Low Risk,58.9,Watchlist,Sufficiently Trained,Recent Manager Transition,Regular Annual Review,0,2,-2.702,-2.05,1.17,Early-Career Explorers
PANW-1078,37,0,Travel_Rarely,397,Research & Development,7,4,Medical,1,Male,30,3,3,Research Director,3,Single,13664,25258,4,No,13,3,1,0,16,3,4,5,2,0,2,0.0,0.333,0.5,0.667,0.333,2,0.176,0.85,2.25,Growth Stage (3-6 yrs),18.3,Low Risk,61.4,Watchlist,Sufficiently Trained,Moderate Manager Continuity,Regular Annual Review,1,4,-0.584,-1.288,-0.458,Fast-Track Performers
PANW-1079,46,0,Travel_Rarely,945,Human Resources,5,2,Medical,2,Male,80,3,2,Human Resources,2,Divorced,5021,10425,8,Yes,22,4,4,1,16,2,3,4,2,0,2,0.0,0.4,0.4,0.667,0.4,2,0.118,1.19,2.75,Growth Stage (3-6 yrs),23.8,Low Risk,69.6,Watchlist,Moderate Development Need,Moderate Manager Continuity,Regular Annual Review,1,4,-0.728,-0.708,-1.155,Fast-Track Performers
PANW-1080,30,0,Travel_Rarely,852,Research & Development,1,1,Life Sciences,4,Male,55,2,2,Laboratory Technician,4,Married,5126,15998,1,Yes,12,3,3,2,10,1,2,10,8,3,0,0.273,0.727,0.091,0.0,0.0,5,0.182,1.58,3.25,Established Stage (7-12 yrs),53.7,Medium Risk,70.0,Immediate Action,High Development Need,Recent Manager Transition,Lateral Role Rotation / New Project,3,1,0.595,1.257,-0.376,High-Risk Stagnation Profiles
PANW-1081,35,0,Travel_Rarely,1214,Research & Development,1,3,Medical,2,Male,30,2,1,Research Scientist,3,Single,2859,26278,1,No,18,3,1,0,6,3,3,6,4,0,4,0.0,0.571,0.429,0.8,0.571,4,0.143,0.88,2.25,Growth Stage (3-6 yrs),30.5,Medium Risk,61.9,Watchlist,Sufficiently Trained,Stable Leadership Continuity,Regular Annual Review,1,4,-0.724,0.406,-1.488,Fast-Track Performers
PANW-1082,55,0,Travel_Rarely,111,Sales,1,2,Life Sciences,1,Male,70,3,3,Sales Executive,4,Married,10239,18092,3,No,14,3,4,1,24,4,3,1,0,1,0,0.5,0.0,2.0,0.0,0.0,-1,0.12,1.48,3.0,Early Stage (0-2 yrs),3.5,Low Risk,56.2,Watchlist,Sufficiently Trained,Recent Manager Transition,Regular Annual Review,1,2,-1.356,-1.523,1.802,Fast-Track Performers
PANW-1083,38,0,Non-Travel,573,Research & Development,6,3,Medical,2,Female,79,1,2,Research Scientist,4,Divorced,5329,15717,7,Yes,12,3,4,3,17,3,3,13,11,1,9,0.071,0.786,0.214,0.75,0.643,10,0.111,1.64,3.25,Veteran Stage (13+ yrs),48.2,Medium Risk,64.4,Watchlist,Sufficiently Trained,Stable Leadership Continuity,Lateral Role Rotation / New Project,3,1,2.231,0.253,-1.653,High-Risk Stagnation Profiles
PANW-1084,34,0,Travel_Rarely,1153,Research & Development,1,2,Medical,1,Male,94,3,2,Manufacturing Director,2,Married,4325,17736,1,No,15,3,3,0,5,2,3,5,2,1,3,0.167,0.333,0.333,1.0,0.5,1,0.333,0.59,2.25,Growth Stage (3-6 yrs),25.6,Low Risk,64.0,Watchlist,Moderate Development Need,Moderate Manager Continuity,Regular Annual Review,1,4,-1.163,-0.179,0.152,Fast-Track Performers
PANW-1085,56,0,Travel_Rarely,1400,Research & Development,7,3,Life Sciences,4,Male,49,1,3,Manufacturing Director,4,Single,7260,21698,4,No,11,3,1,0,37,3,2,6,4,0,2,0.0,0.571,0.429,0.4,0.286,4,0.079,1.0,2.75,Growth Stage (3-6 yrs),26.8,Low Risk,56.9,Watchlist,Sufficiently Trained,Moderate Manager Continuity,Regular Annual Review,1,1,0.972,-1.671,-0.992,Fast-Track Performers
PANW-1086,23,0,Travel_Rarely,541,Sales,2,1,Technical Degree,3,Male,62,3,1,Sales Representative,1,Divorced,2322,9518,3,No,13,3,3,1,3,3,3,0,0,0,0,0.0,0.0,3.0,0.0,0.0,0,0.25,0.88,2.5,Early Stage (0-2 yrs),11.2,Low Risk,58.9,Watchlist,Sufficiently Trained,Recent Manager Transition,Regular Annual Review,0,2,-3.944,-0.676,1.058,Early-Career Explorers
PANW-1087,51,0,Travel_Rarely,432,Research & Development,9,4,Life Sciences,4,Male,96,3,1,Laboratory Technician,4,Married,2075,18725,3,No,23,4,2,2,10,4,3,4,2,0,3,0.0,0.4,0.8,1.0,0.6,2,0.091,0.64,3.25,Growth Stage (3-6 yrs),16.2,Low Risk,66.9,Watchlist,Sufficiently Trained,Moderate Manager Continuity,Regular Annual Review,1,4,-1.206,-0.278,-1.284,Fast-Track Performers
PANW-1088,30,0,Travel_Rarely,288,Research & Development,2,3,Life Sciences,3,Male,99,2,2,Healthcare Representative,4,Married,4152,15830,1,No,19,3,1,3,11,3,3,11,10,10,8,0.833,0.833,0.25,0.727,0.667,0,0.167,0.55,2.75,Established Stage (7-12 yrs),80.8,High Risk,79.5,Immediate Action,Sufficiently Trained,Prolonged Stagnant Manager Dyad,Promotion & Compensation Review,3,0,3.005,2.282,1.375,High-Risk Stagnation Profiles
PANW-1089,46,1,Travel_Rarely,669,Sales,9,2,Medical,3,Male,64,2,3,Sales Executive,4,Single,9619,13596,1,No,16,3,4,0,9,3,3,9,8,4,7,0.4,0.8,0.3,0.778,0.7,4,0.3,1.39,3.5,Established Stage (7-12 yrs),59.0,High Risk,46.9,Already Attrited,Sufficiently Trained,Prolonged Stagnant Manager Dyad,Exit Analysis & Knowledge Transfer,3,1,1.5,0.983,0.293,High-Risk Stagnation Profiles
PANW-1090,40,0,Travel_Frequently,530,Research & Development,1,4,Life Sciences,3,Male,78,2,4,Healthcare Representative,2,Married,13503,14115,1,No,22,4,4,1,22,3,2,22,3,11,11,0.478,0.13,0.13,2.75,0.478,-8,0.174,1.79,2.75,Veteran Stage (13+ yrs),55.1,High Risk,76.8,Immediate Action,Sufficiently Trained,Prolonged Stagnant Manager Dyad,Manager Mentorship & Skip-Level Check-in,2,0,3.772,-2.289,2.078,Stable Long-Term Contributors
PANW-1091,51,0,Travel_Rarely,632,Sales,21,4,Marketing,3,Male,71,3,2,Sales Executive,4,Single,5441,8423,0,Yes,22,4,4,0,11,2,1,10,7,1,0,0.091,0.636,0.182,0.0,0.0,6,0.167,0.79,3.0,Established Stage (7-12 yrs),41.3,Medium Risk,75.7,Immediate Action,Moderate Development Need,Recent Manager Transition,Lateral Role Rotation / New Project,1,0,0.059,0.679,-1.198,Fast-Track Performers
PANW-1092,30,0,Travel_Rarely,1334,Sales,4,2,Medical,3,Female,63,2,2,Sales Executive,2,Divorced,5209,19760,1,Yes,12,3,2,3,11,4,2,11,8,2,7,0.167,0.667,0.333,0.778,0.583,6,0.167,0.75,2.25,Established Stage (7-12 yrs),56.2,High Risk,70.9,Immediate Action,Sufficiently Trained,Stable Leadership Continuity,Lateral Role Rotation / New Project,3,1,1.235,0.389,-0.789,High-Risk Stagnation Profiles
PANW-1093,46,0,Travel_Frequently,638,Research & Development,1,3,Medical,3,Male,40,2,3,Healthcare Representative,1,Married,10673,3142,2,Yes,13,3,3,1,21,5,2,10,9,9,5,0.818,0.818,0.455,0.5,0.455,0,0.136,1.42,2.25,Established Stage (7-12 yrs),88.2,High Risk,82.1,Immediate Action,Sufficiently Trained,Prolonged Stagnant Manager Dyad,Promotion & Compensation Review,3,0,3.03,1.37,1.681,High-Risk Stagnation Profiles
PANW-1094,32,0,Travel_Rarely,1093,Sales,6,4,Medical,2,Male,87,3,2,Sales Executive,3,Single,5010,24301,1,No,16,3,1,0,12,0,3,11,8,5,7,0.417,0.667,0.0,0.778,0.583,3,0.154,0.72,2.25,Established Stage (7-12 yrs),62.9,High Risk,77.0,Immediate Action,High Development Need,Prolonged Stagnant Manager Dyad,Promotion & Compensation Review,3,1,1.918,0.931,-0.079,High-Risk Stagnation Profiles
PANW-1095,54,0,Travel_Rarely,1217,Research & Development,2,4,Technical Degree,1,Female,60,3,3,Research Director,3,Married,13549,24001,9,No,12,3,1,1,16,5,1,4,3,0,3,0.0,0.6,1.0,0.75,0.6,3,0.176,0.85,1.5,Growth Stage (3-6 yrs),28.1,Low Risk,64.8,Watchlist,Sufficiently Trained,Moderate Manager Continuity,Regular Annual Review,1,4,-0.409,-0.797,-0.566,Fast-Track Performers
PANW-1096,24,0,Travel_Rarely,1353,Sales,3,2,Other,1,Female,33,3,2,Sales Executive,3,Married,4999,17519,0,No,21,4,1,1,4,2,2,3,2,0,2,0.0,0.5,0.5,0.667,0.5,2,0.4,0.72,1.75,Growth Stage (3-6 yrs),22.5,Low Risk,69.1,Watchlist,Moderate Development Need,Moderate Manager Continuity,Regular Annual Review,1,4,-1.793,0.163,-0.415,Fast-Track Performers
PANW-1097,28,0,Non-Travel,120,Sales,4,3,Medical,2,Male,43,3,2,Sales Executive,3,Married,4221,8863,1,No,15,3,2,0,5,3,4,5,4,0,4,0.0,0.667,0.5,0.8,0.667,4,0.333,0.61,2.75,Growth Stage (3-6 yrs),32.9,Medium Risk,66.5,Watchlist,Sufficiently Trained,Stable Leadership Continuity,Lateral Role Rotation / New Project,1,4,-0.883,0.354,-0.767,Fast-Track Performers
PANW-1098,58,0,Travel_Rarely,682,Sales,10,4,Medical,4,Male,37,3,4,Sales Executive,3,Single,13872,24409,0,No,13,3,3,0,38,1,2,37,10,1,8,0.026,0.263,0.026,0.727,0.211,9,0.103,2.0,3.0,Veteran Stage (13+ yrs),38.8,Medium Risk,68.6,Watchlist,Moderate Development Need,Stable Leadership Continuity,Upskilling & Training Program,2,1,4.578,-3.184,-0.78,Stable Long-Term Contributors
PANW-1099,44,0,Non-Travel,489,Research & Development,23,3,Medical,2,Male,67,3,2,Laboratory Technician,2,Married,2042,25043,4,No,12,3,3,1,17,3,4,3,2,1,2,0.25,0.5,0.75,0.667,0.5,1,0.111,0.63,2.75,Growth Stage (3-6 yrs),29.8,Low Risk,65.4,Watchlist,Sufficiently Trained,Moderate Manager Continuity,Regular Annual Review,1,4,-0.47,-0.267,-0.171,Fast-Track Performers
PANW-1100,37,1,Travel_Rarely,807,Human Resources,6,4,Human Resources,3,Male,63,3,1,Human Resources,1,Divorced,2073,23648,4,Yes,22,4,4,0,7,3,3,3,2,0,2,0.0,0.5,0.75,0.667,0.5,2,0.125,0.49,2.75,Growth Stage (3-6 yrs),30.0,Medium Risk,46.8,Already Attrited,Sufficiently Trained,Moderate Manager Continuity,Exit Analysis & Knowledge Transfer,1,4,-1.499,0.246,-1.284,Fast-Track Performers
PANW-1101,32,0,Travel_Rarely,827,Research & Development,1,1,Life Sciences,4,Male,71,3,1,Research Scientist,1,Single,2956,15178,1,No,13,3,4,0,1,2,3,1,0,0,0,0.0,0.0,1.0,0.0,0.0,0,0.5,0.91,3.0,Early Stage (0-2 yrs),11.2,Low Risk,58.9,Watchlist,Moderate Development Need,Recent Manager Transition,Regular Annual Review,0,2,-3.595,-0.247,0.845,Early-Career Explorers
PANW-1102,20,1,Travel_Frequently,871,Research & Development,6,3,Life Sciences,4,Female,66,2,1,Laboratory Technician,4,Single,2926,19783,1,Yes,18,3,2,0,1,5,3,1,0,1,0,0.5,0.0,2.5,0.0,0.0,-1,0.5,0.9,3.25,Early Stage (0-2 yrs),3.5,Low Risk,27.5,Already Attrited,Sufficiently Trained,Recent Manager Transition,Exit Analysis & Knowledge Transfer,0,2,-3.782,0.356,2.629,Early-Career Explorers
PANW-1103,34,0,Travel_Rarely,665,Research & Development,6,4,Other,1,Female,41,3,2,Research Scientist,3,Single,4809,12482,1,No,14,3,3,0,16,3,3,16,13,2,10,0.118,0.765,0.176,0.714,0.588,11,0.118,1.48,2.5,Veteran Stage (13+ yrs),54.9,Medium Risk,74.2,Immediate Action,Sufficiently Trained,Stable Leadership Continuity,Lateral Role Rotation / New Project,3,1,2.813,0.444,-1.527,High-Risk Stagnation Profiles
PANW-1104,37,0,Non-Travel,1040,Research & Development,2,2,Life Sciences,3,Male,100,2,2,Healthcare Representative,4,Divorced,5163,15850,5,No,14,3,4,1,17,2,4,1,0,0,0,0.0,0.0,1.0,0.0,0.0,0,0.111,0.69,3.75,Early Stage (0-2 yrs),0.0,Low Risk,51.2,Watchlist,Moderate Development Need,Recent Manager Transition,Regular Annual Review,1,2,-1.931,-1.473,-0.098,Fast-Track Performers
PANW-1105,59,0,Non-Travel,1420,Human Resources,2,4,Human Resources,3,Female,32,2,5,Manager,4,Married,18844,21922,9,No,21,4,4,1,30,3,3,3,2,2,2,0.5,0.5,0.75,0.667,0.5,0,0.161,1.1,3.5,Growth Stage (3-6 yrs),25.8,Low Risk,66.5,Watchlist,Sufficiently Trained,Moderate Manager Continuity,Regular Annual Review,1,1,0.975,-1.407,0.965,Fast-Track Performers
PANW-1106,50,0,Travel_Frequently,1115,Research & Development,1,3,Life Sciences,1,Female,73,3,5,Research Director,2,Married,18172,9755,3,Yes,19,3,1,0,28,1,2,8,3,0,7,0.0,0.333,0.111,1.75,0.778,3,0.172,1.13,1.5,Established Stage (7-12 yrs),25.2,Low Risk,63.8,Watchlist,Moderate Development Need,Stable Leadership Continuity,Upskilling & Training Program,2,1,1.529,-2.961,-0.596,Stable Long-Term Contributors
PANW-1107,25,1,Travel_Rarely,240,Sales,5,3,Marketing,3,Male,46,2,2,Sales Executive,3,Single,5744,26959,1,Yes,11,3,4,0,6,1,3,6,4,0,3,0.0,0.571,0.143,0.6,0.429,4,0.286,0.83,3.25,Growth Stage (3-6 yrs),30.5,Medium Risk,36.9,Already Attrited,Moderate Development Need,Moderate Manager Continuity,Exit Analysis & Knowledge Transfer,1,4,-0.728,0.18,-0.828,Fast-Track Performers
PANW-1108,25,0,Travel_Rarely,1280,Research & Development,7,1,Medical,4,Male,64,2,1,Research Scientist,4,Married,2889,26897,1,No,11,3,3,2,2,2,3,2,2,2,1,0.667,0.667,0.667,0.333,0.333,0,0.333,0.89,3.5,Early Stage (0-2 yrs),29.9,Low Risk,61.7,Watchlist,Moderate Development Need,Recent Manager Transition,Regular Annual Review,1,4,-1.397,2.022,1.116,Fast-Track Performers
PANW-1109,22,0,Travel_Rarely,534,Research & Development,15,3,Medical,2,Female,59,3,1,Laboratory Technician,4,Single,2871,23785,1,No,15,3,3,0,1,5,3,0,0,0,0,0.0,0.0,5.0,0.0,0.0,0,0.5,0.89,3.0,Early Stage (0-2 yrs),0.0,Low Risk,55.0,Watchlist,Sufficiently Trained,Recent Manager Transition,Regular Annual Review,0,2,-5.365,-0.764,2.673,Early-Career Explorers
PANW-1110,51,0,Travel_Frequently,1456,Research & Development,1,4,Medical,1,Female,30,2,3,Healthcare Representative,1,Single,7484,25796,3,No,20,4,3,0,23,1,2,13,12,12,8,0.857,0.857,0.071,0.615,0.571,0,0.125,0.99,1.75,Veteran Stage (13+ yrs),92.7,High Risk,89.9,Immediate Action,High Development Need,Prolonged Stagnant Manager Dyad,Promotion & Compensation Review,2,0,4.485,1.682,1.616,Stable Long-Term Contributors
PANW-1111,34,1,Travel_Frequently,658,Research & Development,7,3,Life Sciences,1,Male,66,1,2,Laboratory Technician,3,Single,6074,22887,1,Yes,24,4,4,0,9,3,3,9,7,0,6,0.0,0.7,0.3,0.75,0.6,7,0.2,1.88,2.75,Established Stage (7-12 yrs),43.1,Medium Risk,43.8,Already Attrited,Sufficiently Trained,Stable Leadership Continuity,Exit Analysis & Knowledge Transfer,3,1,0.4,0.359,-1.68,High-Risk Stagnation Profiles
PANW-1112,54,0,Non-Travel,142,Human Resources,26,3,Human Resources,4,Female,30,4,4,Manager,4,Single,17328,13871,2,Yes,12,3,3,0,23,3,3,5,3,4,4,0.667,0.5,0.5,1.0,0.667,-1,0.167,1.01,3.5,Growth Stage (3-6 yrs),35.9,Medium Risk,71.3,Immediate Action,Sufficiently Trained,Stable Leadership Continuity,Regular Annual Review,3,1,1.385,-0.59,1.498,High-Risk Stagnation Profiles
PANW-1113,24,0,Travel_Rarely,1127,Research & Development,18,1,Life Sciences,2,Male,52,3,1,Laboratory Technician,3,Married,2774,13257,0,No,12,3,3,1,6,2,3,5,3,1,2,0.167,0.5,0.333,0.5,0.333,2,0.143,0.86,2.75,Growth Stage (3-6 yrs),29.1,Low Risk,65.2,Watchlist,Moderate Development Need,Moderate Manager Continuity,Regular Annual Review,1,4,-0.911,0.627,-0.693,Fast-Track Performers
PANW-1114,34,0,Travel_Rarely,1031,Research & Development,6,4,Life Sciences,3,Female,45,2,2,Research Scientist,2,Divorced,4505,15000,6,No,15,3,3,1,12,3,3,1,0,0,0,0.0,0.0,1.5,0.0,0.0,0,0.154,1.39,2.75,Early Stage (0-2 yrs),7.5,Low Risk,53.9,Watchlist,Sufficiently Trained,Recent Manager Transition,Regular Annual Review,0,2,-2.44,-1.278,0.218,Early-Career Explorers
PANW-1115,37,0,Travel_Rarely,1189,Sales,3,3,Life Sciences,3,Male,87,3,3,Sales Executive,4,Single,7428,14506,2,No,12,3,1,0,12,3,3,5,3,1,3,0.167,0.5,0.5,0.75,0.5,2,0.231,1.07,2.75,Growth Stage (3-6 yrs),25.4,Low Risk,63.9,Watchlist,Sufficiently Trained,Moderate Manager Continuity,Regular Annual Review,1,4,-0.264,-0.452,-0.029,Fast-Track Performers
PANW-1116,34,0,Travel_Rarely,1354,Research & Development,5,3,Medical,3,Female,45,2,3,Manager,1,Single,11631,5615,2,No,12,3,4,0,14,6,3,11,10,5,8,0.417,0.833,0.5,0.727,0.667,5,0.2,0.68,2.75,Established Stage (7-12 yrs),74.6,High Risk,77.4,Immediate Action,Sufficiently Trained,Prolonged Stagnant Manager Dyad,Promotion & Compensation Review,3,1,2.422,0.857,0.274,High-Risk Stagnation Profiles
PANW-1117,36,0,Travel_Frequently,1467,Sales,11,2,Technical Degree,2,Female,92,3,3,Sales Executive,4,Married,9738,22952,0,No,14,3,3,1,10,6,3,9,7,2,8,0.2,0.7,0.6,1.0,0.8,5,0.273,1.41,3.0,Established Stage (7-12 yrs),46.4,Medium Risk,71.2,Immediate Action,Sufficiently Trained,Stable Leadership Continuity,Lateral Role Rotation / New Project,3,1,1.064,0.111,-0.199,High-Risk Stagnation Profiles
PANW-1118,36,0,Travel_Rarely,922,Research & Development,3,2,Life Sciences,1,Female,39,3,1,Laboratory Technician,4,Divorced,2835,2561,5,No,22,4,1,1,7,2,3,1,0,0,0,0.0,0.0,1.0,0.0,0.0,0,0.125,0.88,2.25,Early Stage (0-2 yrs),0.0,Low Risk,61.2,Watchlist,Moderate Development Need,Recent Manager Transition,Regular Annual Review,0,2,-2.663,-0.569,-0.472,Early-Career Explorers
PANW-1119,43,0,Travel_Frequently,394,Sales,26,2,Life Sciences,3,Male,92,3,4,Manager,4,Married,16959,19494,1,Yes,12,3,4,2,25,3,4,25,12,4,12,0.154,0.462,0.115,0.923,0.462,8,0.154,0.99,3.75,Veteran Stage (13+ yrs),50.6,Medium Risk,72.7,Immediate Action,Sufficiently Trained,Prolonged Stagnant Manager Dyad,Manager Mentorship & Skip-Level Check-in,2,1,4.35,-1.54,-0.288,Stable Long-Term Contributors
PANW-1120,30,0,Travel_Frequently,1312,Research & Development,23,3,Life Sciences,1,Male,96,1,1,Research Scientist,3,Divorced,2613,22310,1,No,25,4,3,3,10,2,2,10,7,0,9,0.0,0.636,0.182,1.125,0.818,7,0.091,0.81,2.25,Established Stage (7-12 yrs),41.5,Medium Risk,68.3,Watchlist,Moderate Development Need,Stable Leadership Continuity,Lateral Role Rotation / New Project,3,1,0.823,0.287,-2.242,High-Risk Stagnation Profiles
PANW-1121,33,0,Non-Travel,750,Sales,22,2,Marketing,3,Male,95,3,2,Sales Executive,2,Married,6146,15480,0,No,13,3,1,1,8,2,4,7,7,0,7,0.0,0.875,0.25,0.875,0.875,7,0.222,0.89,2.5,Established Stage (7-12 yrs),51.2,Medium Risk,72.9,Immediate Action,Moderate Development Need,Stable Leadership Continuity,Lateral Role Rotation / New Project,3,1,0.525,0.652,-1.577,High-Risk Stagnation Profiles
PANW-1122,56,1,Travel_Rarely,441,Research & Development,14,4,Life Sciences,2,Female,72,3,1,Research Scientist,2,Married,4963,4510,9,Yes,18,3,1,3,7,2,3,5,4,4,3,0.667,0.667,0.333,0.6,0.5,0,0.125,1.53,2.0,Growth Stage (3-6 yrs),50.7,Medium Risk,47.7,Already Attrited,Moderate Development Need,Moderate Manager Continuity,Exit Analysis & Knowledge Transfer,1,4,0.182,1.837,0.376,Fast-Track Performers
PANW-1123,51,0,Travel_Rarely,684,Research & Development,6,3,Life Sciences,1,Male,51,3,5,Research Director,3,Single,19537,6462,7,No,13,3,3,0,23,5,3,20,18,15,15,0.714,0.857,0.238,0.789,0.714,3,0.208,1.22,2.5,Veteran Stage (13+ yrs),85.2,High Risk,84.8,Immediate Action,Sufficiently Trained,Prolonged Stagnant Manager Dyad,Promotion & Compensation Review,2,0,6.848,0.874,2.222,Stable Long-Term Contributors
PANW-1124,31,1,Travel_Rarely,249,Sales,6,4,Life Sciences,2,Male,76,1,2,Sales Executive,3,Married,6172,20739,4,Yes,18,3,2,0,12,3,2,7,7,7,7,0.875,0.875,0.375,0.875,0.875,0,0.154,0.89,2.25,Established Stage (7-12 yrs),72.0,High Risk,47.7,Already Attrited,Sufficiently Trained,Prolonged Stagnant Manager Dyad,Exit Analysis & Knowledge Transfer,3,0,2.113,2.075,1.128,High-Risk Stagnation Profiles
PANW-1125,26,0,Travel_Rarely,841,Research & Development,6,3,Other,3,Female,46,2,1,Research Scientist,2,Married,2368,23300,1,No,19,3,3,0,5,3,2,5,4,4,3,0.667,0.667,0.5,0.6,0.5,0,0.167,0.73,2.5,Growth Stage (3-6 yrs),50.7,Medium Risk,69.0,Watchlist,Sufficiently Trained,Moderate Manager Continuity,Lateral Role Rotation / New Project,1,4,-0.058,1.932,0.544,Fast-Track Performers
PANW-1126,58,1,Travel_Rarely,147,Research & Development,23,4,Medical,4,Female,94,3,3,Healthcare Representative,4,Married,10312,3465,1,No,12,3,4,1,40,3,2,40,10,15,6,0.366,0.244,0.073,0.545,0.146,-5,0.073,1.37,3.5,Veteran Stage (13+ yrs),66.1,High Risk,53.1,Already Attrited,Sufficiently Trained,Prolonged Stagnant Manager Dyad,Exit Analysis & Knowledge Transfer,2,0,6.089,-1.777,2.063,Stable Long-Term Contributors
PANW-1127,19,1,Travel_Rarely,528,Sales,22,1,Marketing,4,Male,50,3,1,Sales Representative,3,Single,1675,26820,1,Yes,19,3,4,0,0,2,2,0,0,0,0,0.0,0.0,2.0,0.0,0.0,0,1.0,0.64,3.25,Early Stage (0-2 yrs),3.8,Low Risk,31.3,Already Attrited,Moderate Development Need,Recent Manager Transition,Exit Analysis & Knowledge Transfer,0,2,-5.112,-0.101,2.62,Early-Career Explorers
PANW-1128,22,0,Travel_Rarely,594,Research & Development,2,1,Technical Degree,3,Male,100,3,1,Laboratory Technician,4,Married,2523,19299,0,No,14,3,3,1,3,2,3,2,1,2,1,0.667,0.333,0.667,0.5,0.333,-1,0.25,0.78,3.25,Early Stage (0-2 yrs),18.5,Low Risk,61.5,Watchlist,Moderate Development Need,Recent Manager Transition,Regular Annual Review,1,4,-1.578,1.185,1.217,Fast-Track Performers
PANW-1129,49,0,Travel_Rarely,470,Research & Development,20,4,Medical,3,Female,96,3,2,Manufacturing Director,1,Married,6567,5549,1,No,14,3,3,0,16,2,2,15,11,5,11,0.312,0.688,0.125,0.917,0.688,6,0.118,0.9,2.25,Veteran Stage (13+ yrs),71.0,High Risk,79.8,Immediate Action,Moderate Development Need,Prolonged Stagnant Manager Dyad,Promotion & Compensation Review,3,1,3.074,0.532,-0.518,High-Risk Stagnation Profiles
PANW-1130,43,0,Travel_Frequently,957,Research & Development,28,3,Medical,2,Female,72,4,1,Research Scientist,3,Single,4739,16090,4,No,12,3,4,0,18,2,3,3,2,1,2,0.25,0.5,0.5,0.667,0.5,1,0.053,1.46,3.0,Growth Stage (3-6 yrs),26.0,Low Risk,67.8,Watchlist,Moderate Development Need,Moderate Manager Continuity,Regular Annual Review,1,4,-0.46,0.041,-0.619,Fast-Track Performers
PANW-1131,50,0,Travel_Frequently,809,Sales,12,3,Marketing,3,Female,77,3,3,Sales Executive,4,Single,9208,6645,4,No,11,3,4,0,16,3,3,2,2,2,1,0.667,0.667,1.0,0.333,0.333,0,0.176,1.33,3.5,Early Stage (0-2 yrs),29.9,Low Risk,65.5,Watchlist,Sufficiently Trained,Recent Manager Transition,Regular Annual Review,1,1,-0.15,0.569,1.194,Fast-Track Performers
PANW-1132,31,1,Travel_Rarely,542,Sales,20,3,Life Sciences,2,Female,71,1,2,Sales Executive,3,Married,4559,24788,3,Yes,11,3,3,1,4,2,3,2,2,2,2,0.667,0.667,0.667,0.667,0.667,0,0.4,0.66,2.75,Early Stage (0-2 yrs),33.7,Medium Risk,34.3,Already Attrited,Moderate Development Need,Moderate Manager Continuity,Exit Analysis & Knowledge Transfer,1,4,-1.046,1.461,1.461,Fast-Track Performers
PANW-1133,41,0,Travel_Rarely,802,Sales,9,1,Life Sciences,3,Male,96,3,3,Sales Executive,3,Divorced,8189,21196,3,Yes,13,3,3,1,12,2,3,9,7,0,7,0.0,0.7,0.2,0.875,0.7,7,0.231,1.18,3.0,Established Stage (7-12 yrs),43.1,Medium Risk,70.1,Immediate Action,Moderate Development Need,Stable Leadership Continuity,Lateral Role Rotation / New Project,3,1,0.929,-0.273,-1.193,High-Risk Stagnation Profiles
PANW-1134,26,0,Travel_Rarely,1355,Human Resources,25,1,Life Sciences,3,Female,61,3,1,Human Resources,3,Married,2942,8916,1,No,23,4,4,1,8,3,3,8,7,5,7,0.556,0.778,0.333,0.875,0.778,2,0.111,0.69,3.25,Established Stage (7-12 yrs),62.6,High Risk,83.2,Immediate Action,Sufficiently Trained,Prolonged Stagnant Manager Dyad,Promotion & Compensation Review,3,0,1.316,1.87,-0.21,High-Risk Stagnation Profiles
PANW-1135,36,0,Travel_Rarely,216,Research & Development,6,2,Medical,2,Male,84,3,2,Manufacturing Director,2,Divorced,4941,2819,6,No,20,4,4,2,7,0,3,3,2,0,1,0.0,0.5,0.0,0.333,0.25,2,0.25,0.68,2.75,Growth Stage (3-6 yrs),26.2,Low Risk,70.4,Immediate Action,Moderate Development Need,Recent Manager Transition,Upskilling & Training Program,1,4,-1.309,0.177,-1.029,Fast-Track Performers
PANW-1136,51,1,Travel_Frequently,1150,Research & Development,8,4,Life Sciences,1,Male,53,1,3,Manufacturing Director,4,Single,10650,25150,2,No,15,3,4,0,18,2,3,4,2,0,3,0.0,0.4,0.4,1.0,0.6,2,0.158,1.46,3.0,Growth Stage (3-6 yrs),16.2,Low Risk,28.2,Already Attrited,Moderate Development Need,Moderate Manager Continuity,Exit Analysis & Knowledge Transfer,1,4,-0.294,-1.343,-0.705,Fast-Track Performers
PANW-1137,39,0,Travel_Rarely,1329,Sales,4,4,Life Sciences,4,Female,47,2,2,Sales Executive,3,Married,5902,14590,4,No,14,3,3,1,17,1,4,15,11,5,9,0.312,0.688,0.062,0.75,0.562,6,0.111,0.85,3.5,Veteran Stage (13+ yrs),63.4,High Risk,73.4,Immediate Action,High Development Need,Prolonged Stagnant Manager Dyad,Promotion & Compensation Review,3,1,2.923,0.593,-0.515,High-Risk Stagnation Profiles
PANW-1138,25,0,Travel_Rarely,959,Sales,28,3,Life Sciences,1,Male,41,2,2,Sales Executive,3,Married,8639,24835,2,No,18,3,4,0,6,3,3,2,2,2,2,0.667,0.667,1.0,0.667,0.667,0,0.286,1.25,2.75,Early Stage (0-2 yrs),33.7,Medium Risk,63.0,Watchlist,Sufficiently Trained,Moderate Manager Continuity,Regular Annual Review,1,4,-0.915,1.348,1.104,Fast-Track Performers
PANW-1139,30,0,Travel_Rarely,1240,Human Resources,9,3,Human Resources,3,Male,48,3,2,Human Resources,4,Married,6347,13982,0,Yes,19,3,4,0,12,2,1,11,9,4,7,0.333,0.75,0.167,0.7,0.583,5,0.154,1.5,3.0,Established Stage (7-12 yrs),57.8,High Risk,75.2,Immediate Action,Moderate Development Need,Prolonged Stagnant Manager Dyad,Lateral Role Rotation / New Project,3,0,1.836,1.023,-0.552,High-Risk Stagnation Profiles
PANW-1140,32,1,Travel_Rarely,1033,Research & Development,9,3,Medical,1,Female,41,3,1,Laboratory Technician,1,Single,4200,10224,7,No,22,4,1,0,10,2,4,5,4,0,4,0.0,0.667,0.333,0.8,0.667,4,0.091,1.3,1.75,Growth Stage (3-6 yrs),40.4,Medium Risk,50.4,Already Attrited,Moderate Development Need,Stable Leadership Continuity,Exit Analysis & Knowledge Transfer,1,4,-0.417,0.465,-1.887,Fast-Track Performers
PANW-1141,45,0,Travel_Rarely,1316,Research & Development,29,3,Medical,3,Male,83,3,1,Research Scientist,4,Single,3452,9752,5,No,13,3,2,0,9,2,2,6,5,0,3,0.0,0.714,0.286,0.5,0.429,5,0.1,1.07,2.75,Growth Stage (3-6 yrs),33.5,Medium Risk,66.7,Watchlist,Moderate Development Need,Moderate Manager Continuity,Lateral Role Rotation / New Project,1,4,-0.348,0.701,-1.716,Fast-Track Performers
PANW-1142,38,0,Travel_Rarely,364,Research & Development,3,5,Technical Degree,4,Female,32,3,2,Research Scientist,3,Single,4317,2302,3,Yes,20,4,2,0,19,2,3,3,2,2,2,0.5,0.5,0.5,0.667,0.5,0,0.1,1.33,3.0,Growth Stage (3-6 yrs),29.5,Low Risk,71.6,Immediate Action,Moderate Development Need,Moderate Manager Continuity,Regular Annual Review,1,4,-0.007,0.151,0.161,Fast-Track Performers
PANW-1143,30,0,Travel_Rarely,438,Research & Development,18,3,Life Sciences,1,Female,75,3,1,Research Scientist,3,Single,2632,23910,1,No,14,3,3,0,5,4,2,5,4,0,4,0.0,0.667,0.667,0.8,0.667,4,0.167,0.81,2.25,Growth Stage (3-6 yrs),32.9,Medium Risk,66.5,Watchlist,Sufficiently Trained,Stable Leadership Continuity,Lateral Role Rotation / New Project,1,4,-0.88,0.609,-1.313,Fast-Track Performers
PANW-1144,32,0,Travel_Frequently,689,Sales,9,2,Medical,4,Male,35,1,2,Sales Executive,4,Divorced,4668,22812,0,No,17,3,4,3,9,2,4,8,7,0,7,0.0,0.778,0.222,0.875,0.778,7,0.2,0.67,4.0,Established Stage (7-12 yrs),41.3,Medium Risk,62.0,Watchlist,Moderate Development Need,Stable Leadership Continuity,Lateral Role Rotation / New Project,3,1,0.586,0.419,-1.646,High-Risk Stagnation Profiles
PANW-1145,30,0,Travel_Rarely,201,Research & Development,5,3,Technical Degree,4,Female,84,3,1,Research Scientist,1,Divorced,3204,10415,5,No,14,3,4,1,8,3,3,3,2,2,2,0.5,0.5,0.75,0.667,0.5,0,0.111,0.99,3.0,Growth Stage (3-6 yrs),37.0,Medium Risk,68.0,Watchlist,Sufficiently Trained,Moderate Manager Continuity,Regular Annual Review,1,4,-0.82,0.936,0.263,Fast-Track Performers
PANW-1146,30,0,Travel_Rarely,1427,Research & Development,2,1,Medical,2,Male,35,2,1,Laboratory Technician,4,Single,2720,11162,0,No,13,3,4,0,6,3,3,5,3,1,2,0.167,0.5,0.5,0.5,0.333,2,0.143,0.84,3.25,Growth Stage (3-6 yrs),25.4,Low Risk,60.1,Watchlist,Sufficiently Trained,Moderate Manager Continuity,Regular Annual Review,1,4,-0.987,0.613,-0.641,Fast-Track Performers
PANW-1147,41,0,Travel_Frequently,857,Research & Development,10,3,Life Sciences,4,Male,91,2,4,Manager,1,Divorced,17181,12888,4,No,13,3,2,1,21,2,2,7,6,7,7,0.875,0.75,0.25,1.0,0.875,-1,0.182,1.0,2.25,Established Stage (7-12 yrs),73.2,High Risk,76.9,Immediate Action,Moderate Development Need,Prolonged Stagnant Manager Dyad,Promotion & Compensation Review,3,0,2.815,0.581,1.83,High-Risk Stagnation Profiles
PANW-1148,41,0,Travel_Rarely,933,Research & Development,9,4,Life Sciences,3,Male,94,3,1,Laboratory Technician,1,Married,2238,6961,2,No,21,4,4,1,7,2,3,5,0,1,4,0.167,0.0,0.333,4.0,0.667,-1,0.125,0.69,2.75,Growth Stage (3-6 yrs),14.8,Low Risk,66.4,Watchlist,Moderate Development Need,Stable Leadership Continuity,Regular Annual Review,4,4,-0.981,-1.876,-0.332,Promotion-Stalled Employees
PANW-1149,19,0,Travel_Rarely,1181,Research & Development,3,1,Medical,2,Female,79,3,1,Laboratory Technician,2,Single,1483,16102,1,No,14,3,4,0,1,3,3,1,0,0,0,0.0,0.0,1.5,0.0,0.0,0,0.5,0.46,2.75,Early Stage (0-2 yrs),7.5,Low Risk,57.6,Watchlist,Sufficiently Trained,Recent Manager Transition,Regular Annual Review,0,2,-3.812,-0.308,1.054,Early-Career Explorers
PANW-1150,40,0,Travel_Frequently,1395,Research & Development,26,3,Medical,2,Female,54,3,2,Research Scientist,2,Divorced,5605,8504,1,No,11,3,1,1,20,2,3,20,7,2,13,0.095,0.333,0.095,1.625,0.619,5,0.095,1.73,2.0,Veteran Stage (13+ yrs),44.7,Medium Risk,70.6,Immediate Action,Moderate Development Need,Stable Leadership Continuity,Regular Annual Review,2,1,2.742,-1.553,-0.915,Stable Long-Term Contributors
PANW-1151,35,0,Travel_Rarely,662,Sales,1,5,Marketing,3,Male,94,3,3,Sales Executive,2,Married,7295,11439,1,No,13,3,1,2,10,3,3,10,8,0,6,0.0,0.727,0.273,0.667,0.545,8,0.273,1.05,2.25,Established Stage (7-12 yrs),50.7,Medium Risk,72.7,Immediate Action,Sufficiently Trained,Stable Leadership Continuity,Lateral Role Rotation / New Project,3,1,0.796,0.016,-1.089,High-Risk Stagnation Profiles
PANW-1152,53,0,Travel_Rarely,1436,Sales,6,2,Marketing,2,Male,34,3,2,Sales Representative,3,Married,2306,16047,2,Yes,20,4,4,1,13,3,1,7,7,4,5,0.5,0.875,0.375,0.625,0.625,3,0.143,0.88,2.5,Established Stage (7-12 yrs),61.5,High Risk,82.8,Immediate Action,Sufficiently Trained,Prolonged Stagnant Manager Dyad,Promotion & Compensation Review,3,0,1.34,1.487,-0.174,High-Risk Stagnation Profiles
PANW-1153,45,0,Travel_Rarely,194,Research & Development,9,3,Life Sciences,2,Male,60,3,2,Laboratory Technician,2,Divorced,2348,10901,8,No,18,3,3,1,20,2,1,17,9,0,15,0.0,0.5,0.111,1.5,0.833,9,0.095,0.73,2.0,Veteran Stage (13+ yrs),45.0,Medium Risk,70.8,Immediate Action,Moderate Development Need,Stable Leadership Continuity,Regular Annual Review,3,1,2.785,-1.183,-1.941,High-Risk Stagnation Profiles
PANW-1154,32,0,Travel_Frequently,967,Sales,8,3,Marketing,2,Female,43,3,3,Sales Executive,4,Single,8998,15589,1,No,14,3,4,0,9,2,3,9,8,3,7,0.3,0.8,0.2,0.778,0.7,5,0.3,1.3,3.25,Established Stage (7-12 yrs),55.5,High Risk,74.4,Immediate Action,Moderate Development Need,Stable Leadership Continuity,Lateral Role Rotation / New Project,3,1,1.375,0.784,-0.072,High-Risk Stagnation Profiles
PANW-1155,29,0,Non-Travel,1496,Research & Development,1,1,Technical Degree,4,Male,41,3,2,Manufacturing Director,3,Married,4319,26283,1,No,13,3,1,1,10,1,3,10,7,0,9,0.0,0.636,0.091,1.125,0.818,7,0.182,0.59,2.75,Established Stage (7-12 yrs),41.5,Medium Risk,69.5,Watchlist,High Development Need,Stable Leadership Continuity,Lateral Role Rotation / New Project,3,1,0.99,-0.124,-1.535,High-Risk Stagnation Profiles
PANW-1156,51,0,Travel_Rarely,1169,Research & Development,7,4,Medical,2,Male,34,2,2,Manufacturing Director,3,Married,6132,13983,2,No,17,3,3,0,10,2,3,1,0,0,0,0.0,0.0,1.0,0.0,0.0,0,0.182,0.84,2.75,Early Stage (0-2 yrs),3.8,Low Risk,52.6,Watchlist,Moderate Development Need,Recent Manager Transition,Regular Annual Review,0,2,-2.375,-1.084,0.004,Early-Career Explorers
PANW-1157,58,0,Travel_Rarely,1145,Research & Development,9,3,Medical,2,Female,75,2,1,Research Scientist,2,Married,3346,11873,4,Yes,20,4,2,1,9,3,2,1,0,0,0,0.0,0.0,1.5,0.0,0.0,0,0.1,1.03,2.0,Early Stage (0-2 yrs),7.5,Low Risk,60.1,Watchlist,Sufficiently Trained,Recent Manager Transition,Regular Annual Review,0,2,-2.734,-0.763,-0.249,Early-Career Explorers
PANW-1158,40,0,Travel_Rarely,630,Sales,4,4,Marketing,3,Male,67,2,3,Sales Executive,4,Married,10855,8552,7,No,11,3,1,1,15,2,2,12,11,2,11,0.154,0.846,0.154,0.917,0.846,9,0.188,1.57,2.5,Established Stage (7-12 yrs),53.2,Medium Risk,69.9,Watchlist,Moderate Development Need,Stable Leadership Continuity,Lateral Role Rotation / New Project,3,1,2.66,0.246,-1.057,High-Risk Stagnation Profiles
PANW-1159,34,0,Travel_Frequently,303,Sales,2,4,Marketing,3,Female,75,3,1,Sales Representative,3,Married,2231,11314,6,No,18,3,4,1,6,3,3,4,3,1,2,0.2,0.6,0.6,0.5,0.4,2,0.143,0.85,3.25,Growth Stage (3-6 yrs),31.6,Medium Risk,66.1,Watchlist,Sufficiently Trained,Moderate Manager Continuity,Regular Annual Review,1,4,-1.008,0.919,-0.772,Fast-Track Performers
PANW-1160,22,0,Travel_Rarely,1256,Research & Development,19,1,Medical,3,Male,80,3,1,Research Scientist,4,Married,2323,11992,1,No,24,4,1,2,2,6,3,2,2,2,2,0.667,0.667,2.0,0.667,0.667,0,0.333,0.72,2.75,Early Stage (0-2 yrs),29.9,Low Risk,71.7,Immediate Action,Sufficiently Trained,Moderate Manager Continuity,Regular Annual Review,1,4,-1.874,1.812,1.374,Fast-Track Performers
PANW-1161,27,0,Non-Travel,691,Research & Development,9,3,Medical,4,Male,57,3,1,Research Scientist,2,Divorced,2024,5970,6,No,18,3,4,1,6,1,1,2,2,2,2,0.667,0.667,0.333,0.667,0.667,0,0.143,0.62,2.75,Early Stage (0-2 yrs),37.4,Medium Risk,68.1,Watchlist,Moderate Development Need,Moderate Manager Continuity,Upskilling & Training Program,1,4,-0.607,1.737,0.207,Fast-Track Performers
PANW-1162,28,0,Travel_Rarely,440,Research & Development,21,3,Medical,3,Male,42,3,1,Research Scientist,4,Married,2713,6672,1,No,11,3,3,1,5,2,1,5,2,0,2,0.0,0.333,0.333,0.667,0.333,2,0.167,0.84,2.75,Growth Stage (3-6 yrs),14.6,Low Risk,60.1,Watchlist,Moderate Development Need,Moderate Manager Continuity,Regular Annual Review,1,4,-1.448,-0.074,-0.88,Fast-Track Performers
PANW-1163,57,0,Travel_Rarely,334,Research & Development,24,2,Life Sciences,3,Male,83,4,3,Healthcare Representative,4,Divorced,9439,23402,3,Yes,16,3,2,1,12,2,1,5,3,1,4,0.167,0.5,0.333,1.0,0.667,2,0.231,1.25,2.5,Growth Stage (3-6 yrs),25.4,Low Risk,67.6,Watchlist,Moderate Development Need,Stable Leadership Continuity,Regular Annual Review,1,4,-0.074,-0.505,-0.238,Fast-Track Performers
PANW-1164,27,0,Non-Travel,1450,Research & Development,3,3,Medical,3,Male,79,2,1,Research Scientist,3,Divorced,2566,25326,1,Yes,15,3,4,1,1,2,2,1,1,0,1,0.0,0.5,1.0,0.5,0.5,1,0.5,0.79,3.0,Early Stage (0-2 yrs),19.4,Low Risk,58.0,Watchlist,Moderate Development Need,Recent Manager Transition,Regular Annual Review,0,4,-2.909,0.625,0.16,Early-Career Explorers
PANW-1165,50,0,Travel_Rarely,1452,Research & Development,11,3,Life Sciences,3,Female,53,3,5,Manager,2,Single,19926,17053,3,No,15,3,2,0,21,5,3,5,4,4,4,0.667,0.667,0.833,0.8,0.667,0,0.227,1.16,2.5,Growth Stage (3-6 yrs),50.7,Medium Risk,72.7,Immediate Action,Sufficiently Trained,Stable Leadership Continuity,Lateral Role Rotation / New Project,3,1,1.503,-0.362,1.676,High-Risk Stagnation Profiles
PANW-1166,41,0,Travel_Rarely,465,Research & Development,14,3,Life Sciences,1,Male,56,3,1,Research Scientist,3,Divorced,2451,4609,4,No,12,3,1,1,13,2,3,9,8,1,8,0.1,0.8,0.2,0.889,0.8,7,0.071,0.76,2.0,Established Stage (7-12 yrs),52.2,Medium Risk,73.3,Immediate Action,Moderate Development Need,Stable Leadership Continuity,Lateral Role Rotation / New Project,3,1,1.26,0.73,-1.769,High-Risk Stagnation Profiles
PANW-1167,30,0,Travel_Rarely,1339,Sales,5,3,Life Sciences,2,Female,41,3,3,Sales Executive,4,Married,9419,8053,2,No,12,3,3,1,12,2,3,10,9,7,4,0.636,0.818,0.182,0.4,0.364,2,0.231,1.36,3.0,Established Stage (7-12 yrs),70.0,High Risk,79.5,Immediate Action,Moderate Development Need,Stable Leadership Continuity,Promotion & Compensation Review,3,0,2.131,1.56,1.144,High-Risk Stagnation Profiles
PANW-1168,38,0,Travel_Rarely,702,Sales,1,4,Life Sciences,1,Female,59,2,2,Sales Executive,4,Single,8686,12930,4,No,22,4,3,0,12,2,4,8,3,0,7,0.0,0.333,0.222,1.75,0.778,3,0.154,1.25,3.0,Established Stage (7-12 yrs),17.7,Low Risk,63.7,Watchlist,Moderate Development Need,Stable Leadership Continuity,Regular Annual Review,1,1,0.083,-1.16,-1.23,Fast-Track Performers
PANW-1169,32,0,Travel_Rarely,120,Research & Development,6,5,Life Sciences,3,Male,43,3,1,Research Scientist,3,Single,3038,12430,3,No,20,4,1,0,8,2,3,5,4,1,4,0.167,0.667,0.333,0.8,0.667,3,0.111,0.94,2.5,Growth Stage (3-6 yrs),36.4,Medium Risk,74.0,Immediate Action,Moderate Development Need,Stable Leadership Continuity,Lateral Role Rotation / New Project,1,4,-0.305,0.839,-1.271,Fast-Track Performers
PANW-1170,27,0,Travel_Rarely,1157,Research & Development,17,3,Technical Degree,3,Male,51,3,1,Research Scientist,2,Married,3058,13364,0,Yes,16,3,4,1,6,3,2,5,2,1,1,0.167,0.333,0.5,0.333,0.167,1,0.143,0.94,2.75,Growth Stage (3-6 yrs),25.6,Low Risk,64.0,Watchlist,Sufficiently Trained,Recent Manager Transition,Regular Annual Review,1,4,-1.374,0.328,-0.465,Fast-Track Performers
PANW-1171,19,1,Travel_Frequently,602,Sales,1,1,Technical Degree,3,Female,100,1,1,Sales Representative,1,Single,2325,20989,0,No,21,4,1,0,1,5,4,0,0,0,0,0.0,0.0,5.0,0.0,0.0,0,0.5,0.89,2.25,Early Stage (0-2 yrs),11.2,Low Risk,32.7,Already Attrited,Sufficiently Trained,Recent Manager Transition,Exit Analysis & Knowledge Transfer,0,2,-5.392,-0.707,2.513,Early-Career Explorers
PANW-1172,36,0,Travel_Frequently,1480,Research & Development,3,2,Medical,4,Male,30,3,1,Laboratory Technician,2,Single,2088,15062,4,No,12,3,3,0,13,3,2,8,7,7,2,0.778,0.778,0.333,0.25,0.222,0,0.071,0.65,2.75,Established Stage (7-12 yrs),73.3,High Risk,80.7,Immediate Action,Sufficiently Trained,Moderate Manager Continuity,Promotion & Compensation Review,3,0,1.415,2.266,0.894,High-Risk Stagnation Profiles
PANW-1173,30,0,Non-Travel,111,Research & Development,9,3,Medical,3,Male,66,3,2,Laboratory Technician,1,Divorced,3072,11012,1,No,11,3,3,2,12,4,3,12,9,6,10,0.462,0.692,0.308,1.0,0.769,3,0.154,0.95,2.5,Established Stage (7-12 yrs),74.6,High Risk,81.1,Immediate Action,Sufficiently Trained,Prolonged Stagnant Manager Dyad,Promotion & Compensation Review,3,1,2.484,0.899,0.312,High-Risk Stagnation Profiles
PANW-1174,45,0,Travel_Rarely,1268,Sales,4,2,Life Sciences,3,Female,30,3,2,Sales Executive,1,Divorced,5006,6319,4,Yes,11,3,1,1,9,3,4,5,4,0,3,0.0,0.667,0.5,0.6,0.5,4,0.2,0.72,2.25,Growth Stage (3-6 yrs),40.4,Medium Risk,69.1,Watchlist,Sufficiently Trained,Moderate Manager Continuity,Lateral Role Rotation / New Project,1,4,-0.572,0.176,-1.012,Fast-Track Performers
PANW-1175,56,0,Travel_Rarely,713,Research & Development,8,3,Life Sciences,3,Female,67,3,1,Research Scientist,1,Divorced,4257,13939,4,Yes,18,3,3,1,19,3,3,2,2,2,2,0.667,0.667,1.0,0.667,0.667,0,0.05,1.31,2.5,Early Stage (0-2 yrs),41.2,Medium Risk,69.4,Watchlist,Sufficiently Trained,Moderate Manager Continuity,Regular Annual Review,1,4,-0.164,0.985,0.298,Fast-Track Performers
PANW-1176,33,0,Travel_Rarely,134,Research & Development,2,3,Life Sciences,3,Male,90,3,1,Research Scientist,4,Single,2500,10515,0,No,14,3,1,0,4,2,4,3,1,0,2,0.0,0.25,0.5,1.0,0.5,1,0.2,0.77,3.0,Growth Stage (3-6 yrs),9.4,Low Risk,58.3,Watchlist,Moderate Development Need,Moderate Manager Continuity,Regular Annual Review,1,4,-1.905,-0.311,-0.655,Fast-Track Performers
PANW-1177,19,1,Travel_Rarely,303,Research & Development,2,3,Life Sciences,2,Male,47,2,1,Laboratory Technician,4,Single,1102,9241,1,No,22,4,3,0,1,3,2,1,0,1,0,0.5,0.0,1.5,0.0,0.0,-1,0.5,0.34,2.75,Early Stage (0-2 yrs),3.5,Low Risk,33.7,Already Attrited,Sufficiently Trained,Recent Manager Transition,Exit Analysis & Knowledge Transfer,0,2,-3.376,0.534,2.053,Early-Career Explorers
PANW-1178,46,0,Travel_Rarely,526,Sales,1,2,Marketing,2,Female,92,3,3,Sales Executive,1,Divorced,10453,2137,1,No,25,4,3,3,24,2,3,24,13,15,7,0.6,0.52,0.08,0.5,0.28,-2,0.12,1.51,2.25,Veteran Stage (13+ yrs),84.2,High Risk,90.7,Immediate Action,Moderate Development Need,Prolonged Stagnant Manager Dyad,Promotion & Compensation Review,2,0,5.048,0.627,1.802,Stable Long-Term Contributors
PANW-1179,38,0,Travel_Rarely,1380,Research & Development,9,2,Life Sciences,3,Female,75,3,1,Laboratory Technician,4,Single,2288,6319,1,No,12,3,3,0,2,3,3,2,2,2,1,0.667,0.667,1.0,0.333,0.333,0,0.333,0.71,3.25,Early Stage (0-2 yrs),29.9,Low Risk,65.5,Watchlist,Sufficiently Trained,Recent Manager Transition,Regular Annual Review,1,4,-1.543,1.985,1.246,Fast-Track Performers
PANW-1180,31,0,Travel_Rarely,140,Research & Development,12,1,Medical,3,Female,95,3,1,Research Scientist,4,Married,3929,6984,8,Yes,23,4,3,1,7,0,3,4,2,0,2,0.0,0.4,0.0,0.667,0.4,2,0.125,1.21,3.25,Growth Stage (3-6 yrs),16.2,Low Risk,66.9,Watchlist,Moderate Development Need,Moderate Manager Continuity,Upskilling & Training Program,1,4,-1.205,0.135,-1.549,Fast-Track Performers
PANW-1181,34,0,Travel_Rarely,629,Research & Development,27,2,Medical,4,Female,95,3,1,Research Scientist,2,Single,2311,5711,2,No,15,3,4,0,9,3,3,3,2,1,2,0.25,0.5,0.75,0.667,0.5,1,0.1,0.71,3.25,Growth Stage (3-6 yrs),29.8,Low Risk,65.4,Watchlist,Sufficiently Trained,Moderate Manager Continuity,Regular Annual Review,1,4,-1.048,0.484,-0.478,Fast-Track Performers
PANW-1182,41,1,Travel_Rarely,1356,Sales,20,2,Marketing,2,Female,70,3,1,Sales Representative,2,Single,3140,21728,1,Yes,22,4,4,0,4,5,2,4,3,0,2,0.0,0.6,1.0,0.5,0.4,3,0.2,1.2,2.5,Growth Stage (3-6 yrs),31.9,Medium Risk,47.4,Already Attrited,Sufficiently Trained,Moderate Manager Continuity,Exit Analysis & Knowledge Transfer,1,4,-1.639,0.678,-1.111,Fast-Track Performers
PANW-1183,50,0,Travel_Rarely,328,Research & Development,1,3,Medical,3,Male,86,2,1,Laboratory Technician,3,Married,3690,3425,2,No,15,3,4,1,5,2,2,3,2,0,2,0.0,0.5,0.5,0.667,0.5,2,0.167,1.14,3.0,Growth Stage (3-6 yrs),22.5,Low Risk,59.1,Watchlist,Moderate Development Need,Moderate Manager Continuity,Regular Annual Review,1,4,-1.526,0.326,-1.1,Fast-Track Performers
PANW-1184,53,0,Travel_Rarely,1084,Research & Development,13,2,Medical,4,Female,57,4,2,Manufacturing Director,1,Divorced,4450,26250,1,No,11,3,3,2,5,3,3,4,2,1,3,0.2,0.4,0.6,1.0,0.6,1,0.333,0.61,2.75,Growth Stage (3-6 yrs),31.0,Medium Risk,69.6,Watchlist,Sufficiently Trained,Moderate Manager Continuity,Regular Annual Review,1,4,-1.243,-0.047,0.376,Fast-Track Performers
PANW-1185,33,0,Travel_Rarely,931,Research & Development,14,3,Medical,4,Female,72,3,1,Research Scientist,2,Married,2756,4673,1,No,13,3,4,1,8,5,3,8,7,1,6,0.111,0.778,0.556,0.75,0.667,6,0.111,0.85,3.25,Established Stage (7-12 yrs),52.3,Medium Risk,73.3,Immediate Action,Sufficiently Trained,Stable Leadership Continuity,Lateral Role Rotation / New Project,3,1,0.406,0.971,-1.393,High-Risk Stagnation Profiles
PANW-1186,40,0,Travel_Rarely,989,Research & Development,4,1,Medical,4,Female,46,3,5,Manager,3,Married,19033,6499,1,No,14,3,2,1,21,2,3,20,8,9,9,0.429,0.381,0.095,1.0,0.429,-1,0.227,1.11,3.0,Veteran Stage (13+ yrs),69.8,High Risk,79.4,Immediate Action,Moderate Development Need,Prolonged Stagnant Manager Dyad,Promotion & Compensation Review,2,0,3.877,-1.243,1.717,Stable Long-Term Contributors
PANW-1187,55,0,Travel_Rarely,692,Research & Development,14,4,Medical,3,Male,61,4,5,Research Director,2,Single,18722,13339,8,No,11,3,4,0,36,3,3,24,15,2,15,0.08,0.6,0.12,0.938,0.6,13,0.135,1.17,3.0,Veteran Stage (13+ yrs),54.5,Medium Risk,77.8,Immediate Action,Sufficiently Trained,Stable Leadership Continuity,Lateral Role Rotation / New Project,2,1,5.532,-2.212,-0.941,Stable Long-Term Contributors
PANW-1188,34,0,Travel_Frequently,1069,Research & Development,2,1,Life Sciences,4,Male,45,2,2,Manufacturing Director,3,Married,9547,14074,1,No,17,3,3,0,10,2,2,10,9,1,9,0.091,0.818,0.182,0.9,0.818,8,0.182,1.31,3.0,Established Stage (7-12 yrs),52.7,Medium Risk,69.7,Watchlist,Moderate Development Need,Stable Leadership Continuity,Lateral Role Rotation / New Project,3,1,1.443,0.655,-1.536,High-Risk Stagnation Profiles
PANW-1189,51,0,Travel_Rarely,313,Research & Development,3,3,Medical,4,Female,98,3,4,Healthcare Representative,2,Single,13734,7192,3,No,18,3,3,0,21,6,3,7,7,1,0,0.125,0.875,0.75,0.0,0.0,6,0.182,1.82,3.0,Established Stage (7-12 yrs),54.8,Medium Risk,74.2,Immediate Action,Sufficiently Trained,Recent Manager Transition,Lateral Role Rotation / New Project,3,1,0.758,0.007,-0.618,High-Risk Stagnation Profiles
PANW-1190,52,0,Travel_Rarely,699,Research & Development,1,4,Life Sciences,3,Male,65,2,5,Manager,3,Married,19999,5678,0,No,14,3,1,1,34,5,3,33,18,11,9,0.324,0.529,0.147,0.474,0.265,7,0.143,1.16,2.5,Veteran Stage (13+ yrs),77.0,High Risk,78.2,Immediate Action,Sufficiently Trained,Prolonged Stagnant Manager Dyad,Promotion & Compensation Review,2,0,6.665,-1.176,1.085,Stable Long-Term Contributors
PANW-1191,27,0,Travel_Rarely,894,Research & Development,9,3,Medical,4,Female,99,3,1,Research Scientist,2,Single,2279,11781,1,No,16,3,4,0,7,2,2,7,7,0,3,0.0,0.875,0.25,0.375,0.375,7,0.125,0.7,3.0,Established Stage (7-12 yrs),51.2,Medium Risk,72.9,Immediate Action,Moderate Development Need,Moderate Manager Continuity,Lateral Role Rotation / New Project,1,1,-0.079,1.306,-2.011,Fast-Track Performers
PANW-1192,35,1,Travel_Rarely,556,Research & Development,23,2,Life Sciences,2,Male,50,2,2,Manufacturing Director,3,Married,5916,15497,3,Yes,13,3,1,0,8,1,3,1,0,0,1,0.0,0.0,0.5,1.0,0.5,0,0.222,0.81,2.25,Early Stage (0-2 yrs),3.8,Low Risk,27.6,Already Attrited,Moderate Development Need,Recent Manager Transition,Exit Analysis & Knowledge Transfer,1,2,-2.079,-1.336,-0.038,Fast-Track Performers
PANW-1193,43,0,Non-Travel,1344,Research & Development,7,3,Medical,4,Male,37,4,1,Research Scientist,4,Divorced,2089,5228,4,No,14,3,4,3,7,3,4,5,4,2,2,0.333,0.667,0.5,0.4,0.333,2,0.125,0.64,4.0,Growth Stage (3-6 yrs),36.2,Medium Risk,71.4,Immediate Action,Sufficiently Trained,Moderate Manager Continuity,Lateral Role Rotation / New Project,1,4,-0.454,1.291,-0.438,Fast-Track Performers
PANW-1194,45,0,Non-Travel,1195,Research & Development,2,2,Medical,1,Male,65,2,4,Manager,4,Married,16792,20462,9,No,23,4,4,1,22,1,3,20,8,11,8,0.524,0.381,0.048,0.889,0.381,-3,0.174,0.98,3.0,Veteran Stage (13+ yrs),69.5,High Risk,81.8,Immediate Action,High Development Need,Prolonged Stagnant Manager Dyad,Promotion & Compensation Review,2,0,3.907,-0.578,1.686,Stable Long-Term Contributors
PANW-1195,37,0,Travel_Rarely,290,Research & Development,21,3,Life Sciences,2,Male,65,4,1,Research Scientist,1,Married,3564,22977,1,Yes,12,3,1,1,8,3,2,8,7,1,7,0.111,0.778,0.333,0.875,0.778,6,0.111,1.1,1.5,Established Stage (7-12 yrs),56.1,High Risk,78.4,Immediate Action,Sufficiently Trained,Stable Leadership Continuity,Lateral Role Rotation / New Project,3,1,0.626,0.926,-1.496,High-Risk Stagnation Profiles
PANW-1196,35,0,Travel_Frequently,138,Research & Development,2,3,Medical,2,Female,37,3,2,Laboratory Technician,2,Single,4425,15986,5,No,11,3,4,0,10,5,3,6,2,1,2,0.143,0.286,0.714,0.667,0.286,1,0.182,1.37,2.75,Growth Stage (3-6 yrs),24.4,Low Risk,63.5,Watchlist,Sufficiently Trained,Moderate Manager Continuity,Regular Annual Review,1,4,-0.945,-0.57,0.042,Fast-Track Performers
PANW-1197,42,0,Non-Travel,926,Research & Development,21,2,Medical,3,Female,36,3,2,Manufacturing Director,3,Divorced,5265,16439,2,No,16,3,2,1,11,5,3,5,3,0,2,0.0,0.5,0.833,0.5,0.333,3,0.167,0.72,2.75,Growth Stage (3-6 yrs),25.6,Low Risk,64.0,Watchlist,Sufficiently Trained,Moderate Manager Continuity,Regular Annual Review,1,4,-0.954,-0.269,-0.821,Fast-Track Performers
PANW-1198,38,0,Travel_Rarely,1261,Research & Development,2,4,Life Sciences,4,Male,88,3,2,Manufacturing Director,3,Married,6553,7259,9,No,14,3,2,0,14,3,3,1,0,0,0,0.0,0.0,1.5,0.0,0.0,0,0.133,0.9,3.0,Early Stage (0-2 yrs),3.8,Low Risk,56.3,Watchlist,Sufficiently Trained,Recent Manager Transition,Regular Annual Review,0,2,-2.311,-1.391,0.19,Early-Career Explorers
PANW-1199,38,0,Travel_Rarely,1084,Research & Development,29,3,Technical Degree,4,Male,54,3,2,Manufacturing Director,4,Married,6261,4185,3,No,18,3,1,1,9,3,1,7,7,1,7,0.125,0.875,0.375,0.875,0.875,6,0.2,0.86,2.5,Established Stage (7-12 yrs),47.2,Medium Risk,71.5,Immediate Action,Sufficiently Trained,Stable Leadership Continuity,Lateral Role Rotation / New Project,3,1,0.729,0.856,-1.288,High-Risk Stagnation Profiles
PANW-1200,27,0,Travel_Frequently,472,Research & Development,1,1,Technical Degree,3,Male,60,2,2,Manufacturing Director,1,Married,4298,9679,5,No,19,3,3,1,6,1,3,2,2,2,0,0.667,0.667,0.333,0.0,0.0,0,0.286,0.59,2.5,Early Stage (0-2 yrs),41.2,Medium Risk,65.7,Watchlist,High Development Need,Recent Manager Transition,Upskilling & Training Program,1,4,-0.93,1.741,0.812,Fast-Track Performers
PANW-1201,49,0,Non-Travel,1002,Research & Development,18,4,Life Sciences,4,Male,92,3,2,Manufacturing Director,4,Divorced,6804,23793,1,Yes,15,3,1,2,7,0,3,7,7,1,7,0.125,0.875,0.0,0.875,0.875,6,0.25,0.93,3.0,Established Stage (7-12 yrs),47.2,Medium Risk,71.5,Immediate Action,High Development Need,Stable Leadership Continuity,Lateral Role Rotation / New Project,3,1,0.721,0.993,-1.246,High-Risk Stagnation Profiles
PANW-1202,34,0,Travel_Frequently,878,Research & Development,10,4,Medical,4,Male,43,3,1,Research Scientist,3,Divorced,3815,5972,1,Yes,17,3,4,1,5,4,4,5,3,2,0,0.333,0.5,0.667,0.0,0.0,1,0.167,1.18,3.75,Growth Stage (3-6 yrs),32.6,Medium Risk,66.4,Watchlist,Sufficiently Trained,Recent Manager Transition,Regular Annual Review,1,4,-1.211,1.199,-0.044,Fast-Track Performers
PANW-1203,40,0,Travel_Rarely,905,Research & Development,19,2,Medical,3,Male,99,3,2,Laboratory Technician,4,Married,2741,16523,8,Yes,15,3,3,1,15,2,4,7,2,3,7,0.375,0.25,0.25,2.333,0.875,-1,0.125,0.85,3.5,Established Stage (7-12 yrs),23.0,Low Risk,63.0,Watchlist,Moderate Development Need,Stable Leadership Continuity,Regular Annual Review,1,4,0.698,-1.115,0.3,Fast-Track Performers
PANW-1204,38,1,Travel_Rarely,1180,Research & Development,29,1,Medical,2,Male,70,3,2,Healthcare Representative,1,Married,6673,11354,7,Yes,19,3,2,0,17,2,3,1,0,0,0,0.0,0.0,1.0,0.0,0.0,0,0.111,0.89,2.0,Early Stage (0-2 yrs),11.2,Low Risk,33.9,Already Attrited,Moderate Development Need,Recent Manager Transition,Exit Analysis & Knowledge Transfer,1,2,-1.953,-1.426,-0.231,Fast-Track Performers
PANW-1205,29,1,Travel_Rarely,121,Sales,27,3,Marketing,2,Female,35,3,3,Sales Executive,4,Married,7639,24525,1,No,22,4,4,3,10,3,2,10,4,1,9,0.091,0.364,0.273,1.8,0.818,3,0.273,1.1,3.0,Established Stage (7-12 yrs),25.1,Low Risk,45.0,Already Attrited,Sufficiently Trained,Stable Leadership Continuity,Exit Analysis & Knowledge Transfer,3,1,0.649,-1.179,-0.472,High-Risk Stagnation Profiles
PANW-1206,22,0,Travel_Rarely,1136,Research & Development,5,3,Life Sciences,4,Male,60,4,1,Research Scientist,2,Divorced,2328,12392,1,Yes,16,3,1,1,4,2,2,4,2,2,2,0.4,0.4,0.4,0.667,0.4,0,0.2,0.72,2.25,Growth Stage (3-6 yrs),30.8,Medium Risk,69.5,Watchlist,Moderate Development Need,Moderate Manager Continuity,Regular Annual Review,1,4,-1.112,0.856,0.196,Fast-Track Performers
PANW-1207,36,0,Travel_Frequently,635,Research & Development,18,1,Medical,2,Female,73,3,1,Laboratory Technician,4,Single,2153,7703,1,No,13,3,1,0,8,2,3,8,1,1,7,0.111,0.111,0.222,3.5,0.778,0,0.111,0.67,2.5,Established Stage (7-12 yrs),9.4,Low Risk,58.3,Watchlist,Moderate Development Need,Stable Leadership Continuity,Regular Annual Review,4,4,-0.217,-1.737,-0.565,Promotion-Stalled Employees
PANW-1208,40,0,Non-Travel,1151,Research & Development,9,5,Life Sciences,4,Male,63,2,2,Healthcare Representative,4,Married,4876,14242,9,No,14,3,4,1,5,5,1,3,2,0,2,0.0,0.5,1.25,0.667,0.5,2,0.333,0.65,3.25,Growth Stage (3-6 yrs),18.8,Low Risk,57.8,Watchlist,Sufficiently Trained,Moderate Manager Continuity,Regular Annual Review,1,4,-1.909,-0.077,-0.07,Fast-Track Performers
PANW-1209,46,0,Travel_Rarely,644,Research & Development,1,4,Medical,4,Male,97,3,3,Healthcare Representative,1,Divorced,9396,12368,7,No,16,3,3,1,17,3,3,4,2,0,3,0.0,0.4,0.6,1.0,0.6,2,0.167,1.25,2.75,Growth Stage (3-6 yrs),27.5,Low Risk,64.6,Watchlist,Sufficiently Trained,Moderate Manager Continuity,Regular Annual Review,1,4,-0.443,-1.31,-0.615,Fast-Track Performers
PANW-1210,32,1,Travel_Rarely,1045,Sales,4,4,Medical,4,Male,32,1,3,Sales Executive,4,Married,10400,25812,1,No,11,3,3,0,14,2,2,14,8,9,8,0.6,0.533,0.133,0.889,0.533,-1,0.2,1.5,3.25,Veteran Stage (13+ yrs),69.8,High Risk,46.9,Already Attrited,Moderate Development Need,Prolonged Stagnant Manager Dyad,Exit Analysis & Knowledge Transfer,2,1,2.877,0.501,1.582,Stable Long-Term Contributors
PANW-1211,30,0,Non-Travel,829,Research & Development,1,1,Life Sciences,3,Male,88,2,3,Manufacturing Director,3,Single,8474,20925,1,No,22,4,3,0,12,2,3,11,8,5,8,0.417,0.667,0.167,0.889,0.667,3,0.231,1.16,3.0,Established Stage (7-12 yrs),62.9,High Risk,79.5,Immediate Action,Moderate Development Need,Prolonged Stagnant Manager Dyad,Promotion & Compensation Review,3,0,2.041,0.587,0.206,High-Risk Stagnation Profiles
PANW-1212,27,0,Travel_Frequently,1242,Sales,20,3,Life Sciences,4,Female,90,3,2,Sales Executive,3,Single,9981,12916,1,No,14,3,4,0,7,2,3,7,7,0,7,0.0,0.875,0.25,0.875,0.875,7,0.25,1.44,3.5,Established Stage (7-12 yrs),47.5,Medium Risk,71.6,Immediate Action,Moderate Development Need,Stable Leadership Continuity,Lateral Role Rotation / New Project,3,1,0.425,0.719,-1.525,High-Risk Stagnation Profiles
PANW-1213,51,0,Travel_Rarely,1469,Research & Development,8,4,Life Sciences,2,Male,81,2,3,Research Director,2,Married,12490,15736,5,No,16,3,4,2,16,5,1,10,9,4,7,0.364,0.818,0.455,0.7,0.636,5,0.176,0.78,2.25,Established Stage (7-12 yrs),67.0,High Risk,74.7,Immediate Action,Sufficiently Trained,Prolonged Stagnant Manager Dyad,Promotion & Compensation Review,3,0,2.118,0.634,-0.107,High-Risk Stagnation Profiles
PANW-1214,30,1,Travel_Rarely,1005,Research & Development,3,3,Technical Degree,4,Female,88,3,1,Research Scientist,1,Single,2657,8556,5,Yes,11,3,3,0,8,5,3,5,2,0,4,0.0,0.333,0.833,1.333,0.667,2,0.111,0.82,2.75,Growth Stage (3-6 yrs),25.8,Low Risk,39.0,Already Attrited,Sufficiently Trained,Stable Leadership Continuity,Exit Analysis & Knowledge Transfer,1,4,-1.134,-0.597,-0.846,Fast-Track Performers
PANW-1215,41,0,Travel_Rarely,896,Sales,6,3,Life Sciences,4,Female,75,3,3,Manager,4,Single,13591,14674,3,Yes,18,3,3,0,16,3,3,1,0,0,0,0.0,0.0,1.5,0.0,0.0,0,0.176,0.79,3.5,Early Stage (0-2 yrs),0.0,Low Risk,55.0,Watchlist,Sufficiently Trained,Recent Manager Transition,Regular Annual Review,0,2,-2.078,-1.777,0.382,Early-Career Explorers
PANW-1216,30,1,Travel_Frequently,334,Sales,26,4,Marketing,3,Female,52,2,2,Sales Executive,1,Single,6696,22967,5,No,15,3,3,0,9,5,2,6,3,0,1,0.0,0.429,0.714,0.25,0.143,3,0.2,0.97,2.25,Growth Stage (3-6 yrs),31.4,Medium Risk,37.2,Already Attrited,Sufficiently Trained,Recent Manager Transition,Exit Analysis & Knowledge Transfer,1,4,-1.178,-0.209,-0.655,Fast-Track Performers
PANW-1217,29,1,Travel_Rarely,992,Research & Development,1,3,Technical Degree,3,Male,85,3,1,Research Scientist,3,Single,2058,19757,0,No,14,3,4,0,7,1,2,6,2,1,5,0.143,0.286,0.143,1.667,0.714,1,0.125,0.64,3.0,Growth Stage (3-6 yrs),20.6,Low Risk,37.2,Already Attrited,Moderate Development Need,Stable Leadership Continuity,Exit Analysis & Knowledge Transfer,1,4,-0.543,-0.428,-0.721,Fast-Track Performers
PANW-1218,45,0,Non-Travel,1052,Sales,6,3,Medical,4,Female,57,2,3,Sales Executive,4,Single,8865,16840,6,No,12,3,4,0,23,2,3,19,7,12,8,0.6,0.35,0.1,1.0,0.4,-5,0.125,1.28,3.75,Veteran Stage (13+ yrs),65.6,High Risk,74.2,Immediate Action,Moderate Development Need,Prolonged Stagnant Manager Dyad,Promotion & Compensation Review,2,0,3.796,-0.393,2.094,Stable Long-Term Contributors
PANW-1219,54,0,Travel_Rarely,1147,Sales,3,3,Marketing,4,Female,52,3,2,Sales Executive,1,Married,5940,17011,2,No,14,3,4,1,16,4,3,6,2,0,5,0.0,0.286,0.571,1.667,0.714,2,0.118,0.86,3.0,Growth Stage (3-6 yrs),24.6,Low Risk,63.6,Watchlist,Sufficiently Trained,Stable Leadership Continuity,Regular Annual Review,1,4,-0.291,-1.522,-0.803,Fast-Track Performers
PANW-1220,36,0,Travel_Rarely,1396,Research & Development,5,2,Life Sciences,4,Male,62,3,2,Laboratory Technician,2,Single,5914,9945,8,No,16,3,4,0,16,3,4,13,11,3,7,0.214,0.786,0.214,0.583,0.5,8,0.118,1.83,3.5,Veteran Stage (13+ yrs),62.6,High Risk,76.9,Immediate Action,Sufficiently Trained,Stable Leadership Continuity,Promotion & Compensation Review,3,1,2.236,0.75,-1.072,High-Risk Stagnation Profiles
PANW-1221,33,0,Travel_Rarely,147,Research & Development,4,4,Medical,3,Female,47,2,1,Research Scientist,2,Married,2622,13248,6,No,21,4,4,0,7,3,3,3,2,1,1,0.25,0.5,0.75,0.333,0.25,1,0.125,0.81,3.0,Growth Stage (3-6 yrs),29.8,Low Risk,67.9,Watchlist,Sufficiently Trained,Recent Manager Transition,Regular Annual Review,1,4,-1.354,0.791,-0.547,Fast-Track Performers
PANW-1222,37,0,Travel_Frequently,663,Research & Development,11,3,Other,2,Male,47,3,3,Research Director,4,Divorced,12185,10056,1,Yes,14,3,3,3,10,1,3,10,8,0,7,0.0,0.727,0.091,0.778,0.636,8,0.273,0.76,3.0,Established Stage (7-12 yrs),43.2,Medium Risk,70.1,Immediate Action,High Development Need,Stable Leadership Continuity,Lateral Role Rotation / New Project,3,1,0.989,-0.011,-1.226,High-Risk Stagnation Profiles
PANW-1223,38,0,Travel_Rarely,119,Sales,3,3,Life Sciences,1,Male,76,3,3,Sales Executive,3,Divorced,10609,9647,0,No,12,3,3,2,17,6,2,16,10,5,13,0.294,0.588,0.353,1.182,0.765,5,0.167,1.53,2.25,Veteran Stage (13+ yrs),61.0,High Risk,76.4,Immediate Action,Sufficiently Trained,Prolonged Stagnant Manager Dyad,Promotion & Compensation Review,2,1,3.289,-0.346,0.023,Stable Long-Term Contributors
PANW-1224,31,0,Non-Travel,979,Research & Development,1,4,Medical,3,Male,90,1,2,Manufacturing Director,3,Married,4345,4381,0,No,12,3,4,1,6,2,3,5,4,1,4,0.167,0.667,0.333,0.8,0.667,3,0.286,0.6,3.25,Growth Stage (3-6 yrs),36.4,Medium Risk,60.2,Watchlist,Moderate Development Need,Stable Leadership Continuity,Lateral Role Rotation / New Project,1,4,-0.44,0.576,-0.389,Fast-Track Performers
PANW-1225,59,0,Travel_Rarely,142,Research & Development,3,3,Life Sciences,3,Male,70,2,1,Research Scientist,4,Married,2177,8456,3,No,17,3,1,1,7,6,3,1,0,0,0,0.0,0.0,3.0,0.0,0.0,0,0.125,0.67,2.75,Early Stage (0-2 yrs),0.0,Low Risk,51.2,Watchlist,Sufficiently Trained,Recent Manager Transition,Regular Annual Review,0,2,-3.489,-0.897,0.602,Early-Career Explorers
PANW-1226,37,0,Travel_Frequently,319,Sales,4,4,Marketing,1,Male,41,3,1,Sales Representative,4,Divorced,2793,2539,4,No,17,3,3,1,13,2,3,9,8,5,8,0.5,0.8,0.2,0.889,0.8,3,0.071,1.06,2.75,Established Stage (7-12 yrs),62.5,High Risk,76.9,Immediate Action,Moderate Development Need,Prolonged Stagnant Manager Dyad,Promotion & Compensation Review,3,0,1.944,1.553,-0.419,High-Risk Stagnation Profiles
PANW-1227,29,0,Travel_Frequently,1413,Sales,1,1,Medical,2,Female,42,3,3,Sales Executive,4,Married,7918,6599,1,No,14,3,4,1,11,5,3,11,10,4,1,0.333,0.833,0.417,0.091,0.083,6,0.25,1.14,3.25,Established Stage (7-12 yrs),59.8,High Risk,75.9,Immediate Action,Sufficiently Trained,Recent Manager Transition,Lateral Role Rotation / New Project,3,0,1.24,1.257,0.152,High-Risk Stagnation Profiles
PANW-1228,35,0,Travel_Frequently,944,Sales,1,3,Marketing,3,Female,92,3,3,Sales Executive,3,Single,8789,9096,1,No,14,3,1,0,10,3,4,10,7,0,8,0.0,0.636,0.273,1.0,0.727,7,0.273,1.27,2.75,Established Stage (7-12 yrs),41.5,Medium Risk,69.5,Watchlist,Sufficiently Trained,Stable Leadership Continuity,Lateral Role Rotation / New Project,3,1,0.861,-0.385,-1.02,High-Risk Stagnation Profiles
PANW-1229,29,1,Travel_Rarely,896,Research & Development,18,1,Medical,3,Male,86,2,1,Research Scientist,4,Single,2389,14961,1,Yes,13,3,3,0,4,3,2,4,3,0,1,0.0,0.6,0.6,0.25,0.2,3,0.2,0.74,3.0,Growth Stage (3-6 yrs),24.4,Low Risk,34.8,Already Attrited,Sufficiently Trained,Recent Manager Transition,Exit Analysis & Knowledge Transfer,1,4,-1.566,0.763,-1.036,Fast-Track Performers
PANW-1230,52,0,Travel_Rarely,1323,Research & Development,2,3,Life Sciences,3,Female,89,2,1,Laboratory Technician,4,Single,3212,3300,7,No,15,3,2,0,6,3,2,2,2,2,2,0.667,0.667,1.0,0.667,0.667,0,0.143,0.99,2.75,Early Stage (0-2 yrs),29.9,Low Risk,61.7,Watchlist,Sufficiently Trained,Moderate Manager Continuity,Regular Annual Review,1,4,-0.877,1.615,0.6,Fast-Track Performers
PANW-1231,42,0,Travel_Rarely,532,Research & Development,4,2,Technical Degree,3,Male,58,3,5,Manager,4,Married,19232,4933,1,No,11,3,4,0,22,3,3,22,17,11,15,0.478,0.739,0.13,0.833,0.652,6,0.217,1.12,3.5,Veteran Stage (13+ yrs),78.5,High Risk,82.5,Immediate Action,Sufficiently Trained,Prolonged Stagnant Manager Dyad,Promotion & Compensation Review,2,0,6.187,0.013,1.287,Stable Long-Term Contributors
PANW-1232,59,0,Travel_Rarely,818,Human Resources,6,2,Medical,2,Male,52,3,1,Human Resources,3,Married,2267,25657,8,No,17,3,4,0,7,2,2,2,2,2,2,0.667,0.667,0.667,0.667,0.667,0,0.125,0.54,2.75,Early Stage (0-2 yrs),33.7,Medium Risk,66.8,Watchlist,Moderate Development Need,Moderate Manager Continuity,Regular Annual Review,1,4,-0.668,1.627,0.342,Fast-Track Performers
PANW-1233,50,0,Travel_Rarely,854,Sales,1,4,Medical,4,Female,68,3,5,Manager,4,Divorced,19517,24118,3,No,11,3,3,1,32,3,2,7,0,0,6,0.0,0.0,0.375,6.0,0.75,0,0.152,1.14,3.25,Established Stage (7-12 yrs),0.0,Low Risk,55.0,Watchlist,Sufficiently Trained,Stable Leadership Continuity,Regular Annual Review,4,3,1.4,-5.667,0.232,Promotion-Stalled Employees
PANW-1234,33,1,Travel_Rarely,813,Research & Development,14,3,Medical,3,Male,58,3,1,Laboratory Technician,4,Married,2436,22149,5,Yes,13,3,3,1,8,2,1,5,4,0,4,0.0,0.667,0.333,0.8,0.667,4,0.111,0.75,2.75,Growth Stage (3-6 yrs),29.2,Low Risk,40.2,Already Attrited,Moderate Development Need,Stable Leadership Continuity,Exit Analysis & Knowledge Transfer,1,4,-0.5,0.484,-1.597,Fast-Track Performers
PANW-1235,43,0,Travel_Rarely,1034,Sales,16,3,Marketing,4,Female,80,3,4,Manager,4,Married,16064,7744,5,Yes,22,4,3,1,22,3,3,17,13,1,9,0.056,0.722,0.167,0.643,0.5,12,0.174,0.93,3.5,Veteran Stage (13+ yrs),46.6,Medium Risk,77.6,Immediate Action,Sufficiently Trained,Stable Leadership Continuity,Lateral Role Rotation / New Project,2,1,3.19,-0.637,-1.444,Stable Long-Term Contributors
PANW-1236,33,1,Travel_Rarely,465,Research & Development,2,2,Life Sciences,1,Female,39,3,1,Laboratory Technician,1,Married,2707,21509,7,No,20,4,1,0,13,3,4,9,7,1,7,0.1,0.7,0.3,0.875,0.7,6,0.071,0.84,1.75,Established Stage (7-12 yrs),54.1,Medium Risk,55.2,Already Attrited,Sufficiently Trained,Stable Leadership Continuity,Exit Analysis & Knowledge Transfer,3,1,0.883,0.554,-1.755,High-Risk Stagnation Profiles
PANW-1237,52,0,Non-Travel,771,Sales,2,4,Life Sciences,1,Male,79,2,5,Manager,3,Single,19068,21030,1,Yes,18,3,4,0,33,2,4,33,7,15,12,0.441,0.206,0.059,1.5,0.353,-8,0.147,1.11,3.0,Veteran Stage (13+ yrs),65.8,High Risk,74.3,Immediate Action,Moderate Development Need,Prolonged Stagnant Manager Dyad,Promotion & Compensation Review,2,0,6.13,-2.487,2.581,Stable Long-Term Contributors
PANW-1238,32,0,Travel_Rarely,1401,Sales,4,2,Life Sciences,3,Female,56,3,1,Sales Representative,2,Married,3931,20990,2,No,11,3,1,1,6,5,3,4,3,1,2,0.2,0.6,1.0,0.5,0.4,2,0.143,1.5,2.25,Growth Stage (3-6 yrs),35.4,Medium Risk,67.4,Watchlist,Sufficiently Trained,Moderate Manager Continuity,Regular Annual Review,1,4,-1.146,0.797,-0.398,Fast-Track Performers
PANW-1239,32,1,Travel_Rarely,515,Research & Development,1,3,Life Sciences,4,Male,62,2,1,Laboratory Technician,3,Single,3730,9571,0,Yes,14,3,4,0,4,2,1,3,2,1,2,0.25,0.5,0.5,0.667,0.5,1,0.2,1.15,3.0,Growth Stage (3-6 yrs),26.0,Low Risk,35.4,Already Attrited,Moderate Development Need,Moderate Manager Continuity,Exit Analysis & Knowledge Transfer,1,4,-1.34,0.783,-0.295,Fast-Track Performers
PANW-1240,39,0,Travel_Rarely,1431,Research & Development,1,4,Medical,3,Female,96,3,1,Laboratory Technician,3,Divorced,2232,15417,7,No,14,3,3,3,7,1,3,3,2,1,2,0.25,0.5,0.25,0.667,0.5,1,0.125,0.69,3.0,Growth Stage (3-6 yrs),26.0,Low Risk,64.1,Watchlist,Moderate Development Need,Moderate Manager Continuity,Upskilling & Training Program,1,4,-0.964,0.65,-0.621,Fast-Track Performers
PANW-1241,32,0,Non-Travel,976,Sales,26,4,Marketing,3,Male,100,3,2,Sales Executive,4,Married,4465,12069,0,No,18,3,1,0,4,2,3,3,2,2,2,0.5,0.5,0.5,0.667,0.5,0,0.4,0.64,2.75,Growth Stage (3-6 yrs),25.8,Low Risk,64.0,Watchlist,Moderate Development Need,Moderate Manager Continuity,Regular Annual Review,1,4,-1.205,0.952,1.036,Fast-Track Performers
PANW-1242,41,0,Travel_Rarely,1411,Research & Development,19,2,Life Sciences,3,Male,36,3,2,Research Scientist,1,Divorced,3072,19877,2,No,16,3,1,2,17,2,2,1,0,0,0,0.0,0.0,1.0,0.0,0.0,0,0.111,0.95,1.75,Early Stage (0-2 yrs),11.2,Low Risk,58.9,Watchlist,Moderate Development Need,Recent Manager Transition,Regular Annual Review,1,2,-1.94,-1.454,-0.151,Fast-Track Performers
PANW-1243,40,0,Travel_Rarely,1300,Research & Development,24,2,Technical Degree,1,Male,62,3,2,Research Scientist,4,Divorced,3319,24447,1,No,17,3,1,2,9,3,3,9,8,4,7,0.4,0.8,0.3,0.778,0.7,4,0.2,1.02,2.25,Established Stage (7-12 yrs),59.0,High Risk,75.6,Immediate Action,Sufficiently Trained,Prolonged Stagnant Manager Dyad,Lateral Role Rotation / New Project,3,0,1.438,1.301,-0.191,High-Risk Stagnation Profiles
PANW-1244,45,0,Travel_Rarely,252,Research & Development,1,3,Other,3,Male,70,4,5,Manager,4,Married,19202,15970,0,No,11,3,3,1,25,2,3,24,0,1,7,0.04,0.0,0.08,7.0,0.28,-1,0.192,1.12,3.25,Veteran Stage (13+ yrs),3.5,Low Risk,60.0,Watchlist,Moderate Development Need,Stable Leadership Continuity,Regular Annual Review,4,3,2.621,-6.007,0.432,Promotion-Stalled Employees
PANW-1245,31,0,Travel_Frequently,1327,Research & Development,3,4,Medical,2,Male,73,3,3,Research Director,3,Divorced,13675,13523,9,No,12,3,1,1,9,3,3,2,2,2,2,0.667,0.667,1.0,0.667,0.667,0,0.3,0.85,2.25,Early Stage (0-2 yrs),33.7,Medium Risk,66.8,Watchlist,Sufficiently Trained,Moderate Manager Continuity,Regular Annual Review,1,4,-0.54,0.811,1.48,Fast-Track Performers
PANW-1246,33,0,Travel_Rarely,832,Research & Development,5,4,Life Sciences,3,Female,63,2,1,Research Scientist,4,Married,2911,14776,1,No,13,3,3,1,2,2,2,2,2,0,2,0.0,0.667,0.667,0.667,0.667,2,0.333,0.9,3.0,Early Stage (0-2 yrs),22.9,Low Risk,59.3,Watchlist,Moderate Development Need,Moderate Manager Continuity,Regular Annual Review,1,4,-1.957,0.839,-0.684,Fast-Track Performers
PANW-1247,34,0,Travel_Rarely,470,Research & Development,2,4,Life Sciences,4,Male,84,2,2,Manufacturing Director,1,Married,5957,23687,6,No,13,3,2,1,13,3,3,11,9,5,9,0.417,0.75,0.25,0.9,0.75,4,0.143,0.82,2.5,Established Stage (7-12 yrs),72.5,High Risk,76.6,Immediate Action,Sufficiently Trained,Prolonged Stagnant Manager Dyad,Promotion & Compensation Review,3,1,2.292,0.958,-0.095,High-Risk Stagnation Profiles
PANW-1248,37,0,Travel_Rarely,1017,Research & Development,1,2,Medical,3,Female,83,2,1,Research Scientist,1,Married,3920,18697,2,No,14,3,1,1,17,2,2,3,1,0,2,0.0,0.25,0.5,1.0,0.5,1,0.056,1.21,1.75,Growth Stage (3-6 yrs),20.6,Low Risk,58.5,Watchlist,Moderate Development Need,Moderate Manager Continuity,Regular Annual Review,1,4,-1.081,-0.986,-1.027,Fast-Track Performers
PANW-1249,45,0,Travel_Frequently,1199,Research & Development,7,4,Life Sciences,1,Male,77,4,2,Manufacturing Director,3,Married,6434,5118,4,No,17,3,4,1,9,1,3,3,2,0,2,0.0,0.5,0.25,0.667,0.5,2,0.2,0.88,2.75,Growth Stage (3-6 yrs),22.5,Low Risk,66.6,Watchlist,Moderate Development Need,Moderate Manager Continuity,Upskilling & Training Program,1,4,-1.075,-0.144,-0.995,Fast-Track Performers
PANW-1250,37,1,Travel_Frequently,504,Research & Development,10,3,Medical,1,Male,61,3,3,Manufacturing Director,3,Divorced,10048,22573,6,No,11,3,2,2,17,5,3,1,0,0,0,0.0,0.0,2.5,0.0,0.0,0,0.167,1.38,2.25,Early Stage (0-2 yrs),3.8,Low Risk,31.3,Already Attrited,Sufficiently Trained,Recent Manager Transition,Exit Analysis & Knowledge Transfer,0,2,-2.412,-2.034,1.016,Early-Career Explorers
PANW-1251,39,0,Travel_Frequently,505,Research & Development,2,4,Technical Degree,3,Female,64,3,3,Healthcare Representative,3,Single,10938,6420,0,No,25,4,4,0,20,1,3,19,6,11,8,0.55,0.3,0.05,1.143,0.4,-5,0.143,1.45,3.25,Veteran Stage (13+ yrs),65.0,High Risk,84.0,Immediate Action,High Development Need,Prolonged Stagnant Manager Dyad,Promotion & Compensation Review,2,0,3.327,-0.452,1.599,Stable Long-Term Contributors
PANW-1252,29,0,Travel_Rarely,665,Research & Development,15,3,Life Sciences,3,Male,60,3,1,Research Scientist,4,Single,2340,22673,1,No,19,3,1,0,6,1,3,6,5,1,5,0.143,0.714,0.143,0.833,0.714,4,0.143,0.72,2.75,Growth Stage (3-6 yrs),37.0,Medium Risk,68.0,Watchlist,Moderate Development Need,Stable Leadership Continuity,Lateral Role Rotation / New Project,1,4,-0.062,1.027,-1.416,Fast-Track Performers
PANW-1253,42,0,Travel_Rarely,916,Research & Development,17,2,Life Sciences,4,Female,82,4,2,Research Scientist,1,Single,6545,23016,3,Yes,13,3,3,0,10,1,3,3,2,0,2,0.0,0.5,0.25,0.667,0.5,2,0.182,2.02,2.75,Growth Stage (3-6 yrs),30.0,Medium Risk,69.2,Watchlist,Moderate Development Need,Moderate Manager Continuity,Upskilling & Training Program,1,4,-0.981,-0.235,-0.938,Fast-Track Performers
PANW-1254,29,0,Travel_Rarely,1247,Sales,20,2,Marketing,4,Male,45,3,2,Sales Executive,4,Divorced,6931,10732,2,No,14,3,4,1,10,2,3,3,2,0,2,0.0,0.5,0.5,0.667,0.5,2,0.182,1.0,3.75,Growth Stage (3-6 yrs),18.8,Low Risk,61.6,Watchlist,Moderate Development Need,Moderate Manager Continuity,Regular Annual Review,1,4,-1.091,-0.261,-0.846,Fast-Track Performers
PANW-1255,25,0,Travel_Rarely,685,Research & Development,1,3,Life Sciences,1,Female,62,3,2,Manufacturing Director,3,Married,4898,7505,0,No,12,3,4,2,5,3,3,4,2,1,2,0.2,0.4,0.6,0.667,0.4,1,0.333,0.67,2.75,Growth Stage (3-6 yrs),23.5,Low Risk,63.2,Watchlist,Sufficiently Trained,Moderate Manager Continuity,Regular Annual Review,1,4,-1.394,0.107,0.373,Fast-Track Performers
PANW-1256,42,0,Travel_Rarely,269,Research & Development,2,3,Medical,4,Female,56,2,1,Laboratory Technician,1,Divorced,2593,8007,0,Yes,11,3,3,1,10,4,3,9,6,7,8,0.7,0.6,0.4,1.143,0.8,-1,0.091,0.8,2.75,Established Stage (7-12 yrs),69.5,High Risk,75.6,Immediate Action,Sufficiently Trained,Prolonged Stagnant Manager Dyad,Promotion & Compensation Review,3,0,1.723,1.388,0.933,High-Risk Stagnation Profiles
PANW-1257,40,0,Travel_Rarely,1416,Research & Development,2,2,Medical,1,Male,49,3,5,Research Director,3,Divorced,19436,5949,0,No,19,3,4,1,22,5,3,21,7,3,9,0.136,0.318,0.227,1.125,0.409,4,0.217,1.21,2.75,Veteran Stage (13+ yrs),44.1,Medium Risk,70.4,Immediate Action,Sufficiently Trained,Stable Leadership Continuity,Regular Annual Review,2,1,2.948,-2.253,0.156,Stable Long-Term Contributors
PANW-1258,51,0,Travel_Rarely,833,Research & Development,1,3,Life Sciences,3,Male,96,3,1,Research Scientist,4,Married,2723,23231,1,No,11,3,2,0,1,0,2,1,0,0,0,0.0,0.0,0.0,0.0,0.0,0,0.5,0.84,2.75,Early Stage (0-2 yrs),0.0,Low Risk,55.0,Watchlist,Moderate Development Need,Recent Manager Transition,Upskilling & Training Program,0,2,-3.162,-0.126,0.427,Early-Career Explorers
PANW-1259,31,1,Travel_Frequently,307,Research & Development,29,2,Medical,3,Male,71,2,1,Laboratory Technician,2,Single,3479,11652,0,No,11,3,2,0,6,2,4,5,4,1,4,0.167,0.667,0.333,0.8,0.667,3,0.143,1.07,2.75,Growth Stage (3-6 yrs),40.2,Medium Risk,40.3,Already Attrited,Moderate Development Need,Stable Leadership Continuity,Exit Analysis & Knowledge Transfer,1,4,-0.411,0.861,-0.946,Fast-Track Performers
PANW-1260,32,0,Travel_Frequently,1311,Research & Development,7,3,Life Sciences,2,Male,100,4,1,Laboratory Technician,2,Married,2794,26062,1,No,20,4,3,0,5,3,1,5,1,0,3,0.0,0.167,0.5,1.5,0.5,1,0.167,0.86,2.0,Growth Stage (3-6 yrs),14.8,Low Risk,70.2,Immediate Action,Sufficiently Trained,Moderate Manager Continuity,Regular Annual Review,1,4,-1.599,-0.739,-0.834,Fast-Track Performers
PANW-1261,38,0,Non-Travel,1327,Sales,2,2,Life Sciences,4,Male,39,2,2,Sales Executive,4,Married,5249,19682,3,No,18,3,4,1,13,0,3,8,7,7,5,0.778,0.778,0.0,0.625,0.556,0,0.143,0.76,3.75,Established Stage (7-12 yrs),65.8,High Risk,74.3,Immediate Action,High Development Need,Prolonged Stagnant Manager Dyad,Promotion & Compensation Review,3,0,2.004,1.852,0.88,High-Risk Stagnation Profiles
PANW-1262,32,0,Travel_Rarely,128,Research & Development,2,1,Technical Degree,4,Male,84,2,2,Laboratory Technician,1,Single,2176,19737,4,No,13,3,4,0,9,5,3,6,2,0,4,0.0,0.286,0.714,1.333,0.571,2,0.2,0.67,3.0,Growth Stage (3-6 yrs),24.6,Low Risk,59.9,Watchlist,Sufficiently Trained,Stable Leadership Continuity,Regular Annual Review,1,4,-0.946,-1.042,-0.471,Fast-Track Performers
PANW-1263,46,0,Travel_Rarely,488,Sales,2,3,Technical Degree,3,Female,75,1,4,Manager,2,Married,16872,14977,3,Yes,12,3,2,1,28,2,2,7,7,7,7,0.875,0.875,0.25,0.875,0.875,0,0.138,0.98,2.25,Established Stage (7-12 yrs),75.8,High Risk,74.0,Immediate Action,Moderate Development Need,Prolonged Stagnant Manager Dyad,Promotion & Compensation Review,2,0,3.395,0.577,1.571,Stable Long-Term Contributors
PANW-1264,28,1,Travel_Rarely,529,Research & Development,2,4,Life Sciences,1,Male,79,3,1,Laboratory Technician,3,Single,3485,14935,2,No,11,3,3,0,5,5,1,0,0,0,0,0.0,0.0,5.0,0.0,0.0,0,0.167,1.08,2.0,Early Stage (0-2 yrs),3.8,Low Risk,31.3,Already Attrited,Sufficiently Trained,Recent Manager Transition,Exit Analysis & Knowledge Transfer,0,2,-4.54,-1.099,1.816,Early-Career Explorers
PANW-1265,29,0,Travel_Rarely,1210,Sales,2,3,Medical,1,Male,78,2,2,Sales Executive,2,Married,6644,3687,2,No,19,3,2,2,10,2,3,0,0,0,0,0.0,0.0,2.0,0.0,0.0,0,0.182,0.96,2.0,Early Stage (0-2 yrs),7.5,Low Risk,53.9,Watchlist,Moderate Development Need,Recent Manager Transition,Regular Annual Review,0,2,-2.873,-1.179,0.419,Early-Career Explorers
PANW-1266,31,0,Travel_Rarely,1463,Research & Development,23,3,Medical,2,Male,64,2,2,Healthcare Representative,4,Married,5582,14408,0,No,21,4,2,1,10,2,3,9,0,7,8,0.7,0.0,0.2,8.0,0.8,-7,0.182,0.74,2.75,Established Stage (7-12 yrs),24.5,Low Risk,66.1,Watchlist,Moderate Development Need,Prolonged Stagnant Manager Dyad,Manager Mentorship & Skip-Level Check-in,4,3,1.519,-2.937,1.948,Promotion-Stalled Employees
PANW-1267,25,0,Non-Travel,675,Research & Development,5,2,Life Sciences,2,Male,85,4,2,Healthcare Representative,1,Divorced,4000,18384,1,No,12,3,4,2,6,2,3,6,3,1,5,0.143,0.429,0.286,1.25,0.714,2,0.286,0.53,2.5,Growth Stage (3-6 yrs),34.8,Medium Risk,70.9,Immediate Action,Moderate Development Need,Stable Leadership Continuity,Regular Annual Review,1,4,-0.52,-0.204,-0.173,Fast-Track Performers
PANW-1268,45,0,Travel_Rarely,1385,Research & Development,20,2,Medical,3,Male,79,3,4,Healthcare Representative,4,Married,13496,7501,0,Yes,14,3,2,0,21,2,3,20,7,4,10,0.19,0.333,0.095,1.25,0.476,3,0.182,1.79,3.0,Veteran Stage (13+ yrs),44.2,Medium Risk,70.5,Immediate Action,Moderate Development Need,Prolonged Stagnant Manager Dyad,Manager Mentorship & Skip-Level Check-in,2,1,3.013,-1.787,0.187,Stable Long-Term Contributors
PANW-1269,36,0,Travel_Rarely,1403,Research & Development,6,3,Life Sciences,4,Male,47,3,1,Laboratory Technician,4,Married,3210,20251,0,No,11,3,3,1,16,4,3,15,13,10,11,0.625,0.812,0.25,0.786,0.688,3,0.059,0.99,3.5,Veteran Stage (13+ yrs),80.3,High Risk,83.1,Immediate Action,Sufficiently Trained,Prolonged Stagnant Manager Dyad,Promotion & Compensation Review,3,0,3.945,1.932,0.52,High-Risk Stagnation Profiles
PANW-1270,55,0,Travel_Rarely,452,Research & Development,1,3,Medical,4,Male,81,3,5,Manager,1,Single,19045,18938,0,Yes,14,3,3,0,37,2,3,36,10,4,13,0.108,0.27,0.054,1.182,0.351,6,0.132,1.11,2.75,Veteran Stage (13+ yrs),57.0,High Risk,75.0,Immediate Action,Moderate Development Need,Prolonged Stagnant Manager Dyad,Manager Mentorship & Skip-Level Check-in,2,1,5.609,-3.422,-0.027,Stable Long-Term Contributors
PANW-1271,47,1,Non-Travel,666,Research & Development,29,4,Life Sciences,1,Male,88,3,3,Manager,2,Married,11849,10268,1,Yes,12,3,4,1,10,2,2,10,7,9,9,0.818,0.636,0.182,1.125,0.818,-2,0.273,0.69,2.25,Established Stage (7-12 yrs),76.8,High Risk,56.9,Already Attrited,Moderate Development Need,Prolonged Stagnant Manager Dyad,Exit Analysis & Knowledge Transfer,3,0,2.558,1.171,2.129,High-Risk Stagnation Profiles
PANW-1272,28,0,Travel_Rarely,1158,Research & Development,9,3,Medical,4,Male,94,3,1,Research Scientist,4,Married,2070,2613,1,No,23,4,4,1,5,3,2,5,2,0,4,0.0,0.333,0.5,1.333,0.667,2,0.167,0.64,3.5,Growth Stage (3-6 yrs),14.6,Low Risk,66.4,Watchlist,Sufficiently Trained,Stable Leadership Continuity,Regular Annual Review,1,4,-1.28,-0.274,-1.168,Fast-Track Performers
PANW-1273,37,0,Travel_Rarely,228,Sales,6,4,Medical,3,Male,98,3,2,Sales Executive,4,Married,6502,22825,4,No,14,3,2,1,7,5,4,5,4,0,1,0.0,0.667,0.833,0.2,0.167,4,0.25,0.94,3.25,Growth Stage (3-6 yrs),29.2,Low Risk,65.2,Watchlist,Sufficiently Trained,Recent Manager Transition,Lateral Role Rotation / New Project,1,4,-1.168,0.46,-0.747,Fast-Track Performers
PANW-1274,21,0,Travel_Rarely,996,Research & Development,3,2,Medical,4,Male,100,2,1,Research Scientist,3,Single,3230,10531,1,No,17,3,1,0,3,4,4,3,2,1,0,0.25,0.5,1.0,0.0,0.0,1,0.25,1.0,3.0,Growth Stage (3-6 yrs),26.0,Low Risk,60.4,Watchlist,Sufficiently Trained,Recent Manager Transition,Regular Annual Review,1,4,-1.997,1.095,0.052,Fast-Track Performers
PANW-1275,37,0,Non-Travel,728,Research & Development,1,4,Medical,1,Female,80,3,3,Research Director,4,Divorced,13603,11677,2,Yes,18,3,1,2,15,2,3,5,2,0,2,0.0,0.333,0.333,0.667,0.333,2,0.188,0.85,2.25,Growth Stage (3-6 yrs),14.6,Low Risk,60.1,Watchlist,Moderate Development Need,Moderate Manager Continuity,Regular Annual Review,1,4,-0.601,-1.165,-0.638,Fast-Track Performers
PANW-1276,35,0,Travel_Rarely,1315,Research & Development,22,3,Life Sciences,2,Female,71,4,3,Manager,2,Divorced,11996,19100,7,No,18,3,2,1,10,6,2,7,7,6,2,0.75,0.875,0.75,0.25,0.25,1,0.273,0.7,2.0,Established Stage (7-12 yrs),72.2,High Risk,84.0,Immediate Action,Sufficiently Trained,Moderate Manager Continuity,Promotion & Compensation Review,3,0,1.089,1.922,1.509,High-Risk Stagnation Profiles
PANW-1277,38,0,Travel_Rarely,322,Sales,7,2,Medical,1,Female,44,4,2,Sales Executive,1,Divorced,5605,19191,1,Yes,24,4,3,1,8,3,3,8,0,7,7,0.778,0.0,0.333,7.0,0.778,-7,0.222,0.81,2.0,Established Stage (7-12 yrs),35.8,Medium Risk,77.5,Immediate Action,Sufficiently Trained,Prolonged Stagnant Manager Dyad,Manager Mentorship & Skip-Level Check-in,4,3,1.054,-2.286,2.226,Promotion-Stalled Employees
PANW-1278,26,0,Travel_Frequently,1479,Research & Development,1,3,Life Sciences,3,Female,84,3,2,Manufacturing Director,2,Divorced,6397,26767,1,No,20,4,1,1,6,6,1,6,5,1,4,0.143,0.714,0.857,0.667,0.571,4,0.286,0.88,1.75,Growth Stage (3-6 yrs),44.5,Medium Risk,76.8,Immediate Action,Sufficiently Trained,Stable Leadership Continuity,Lateral Role Rotation / New Project,1,4,-0.521,0.723,-0.498,Fast-Track Performers
PANW-1279,50,0,Travel_Rarely,797,Research & Development,4,1,Life Sciences,1,Male,96,3,5,Research Director,2,Divorced,19144,15815,3,No,14,3,1,2,28,4,2,10,4,1,6,0.091,0.364,0.364,1.2,0.545,3,0.172,1.19,1.5,Established Stage (7-12 yrs),32.6,Medium Risk,66.4,Watchlist,Sufficiently Trained,Stable Leadership Continuity,Regular Annual Review,2,1,1.704,-2.564,-0.042,Stable Long-Term Contributors
PANW-1280,53,0,Travel_Rarely,1070,Research & Development,3,4,Medical,3,Male,45,3,4,Research Director,3,Married,17584,21016,3,Yes,16,3,4,3,21,5,2,5,3,1,3,0.167,0.5,0.833,0.75,0.5,2,0.182,1.1,3.0,Growth Stage (3-6 yrs),29.1,Low Risk,65.2,Watchlist,Sufficiently Trained,Moderate Manager Continuity,Regular Annual Review,1,4,0.299,-1.252,0.076,Fast-Track Performers
PANW-1281,42,0,Travel_Rarely,635,Sales,1,1,Life Sciences,2,Male,99,3,2,Sales Executive,3,Married,4907,24532,1,No,25,4,3,0,20,3,3,20,16,11,6,0.524,0.762,0.143,0.353,0.286,5,0.095,0.71,2.75,Veteran Stage (13+ yrs),82.8,High Risk,90.2,Immediate Action,Sufficiently Trained,Prolonged Stagnant Manager Dyad,Promotion & Compensation Review,2,0,4.324,1.684,0.396,Stable Long-Term Contributors
PANW-1282,29,0,Travel_Frequently,442,Sales,2,2,Life Sciences,2,Male,44,3,2,Sales Executive,4,Single,4554,20260,1,No,18,3,1,0,10,3,2,10,7,0,9,0.0,0.636,0.273,1.125,0.818,7,0.182,0.66,2.25,Established Stage (7-12 yrs),37.8,Medium Risk,68.2,Watchlist,Sufficiently Trained,Stable Leadership Continuity,Lateral Role Rotation / New Project,3,1,0.89,-0.103,-1.582,High-Risk Stagnation Profiles
PANW-1283,55,0,Travel_Rarely,147,Research & Development,20,2,Technical Degree,2,Male,37,3,2,Laboratory Technician,4,Married,5415,15972,3,Yes,19,3,4,1,12,4,3,10,7,0,8,0.0,0.636,0.364,1.0,0.727,7,0.154,1.67,3.25,Established Stage (7-12 yrs),37.8,Medium Risk,68.2,Watchlist,Sufficiently Trained,Stable Leadership Continuity,Lateral Role Rotation / New Project,3,1,0.864,-0.145,-1.616,High-Risk Stagnation Profiles
PANW-1284,26,0,Travel_Frequently,496,Research & Development,11,2,Medical,1,Male,60,3,2,Healthcare Representative,1,Married,4741,22722,1,Yes,13,3,3,1,5,3,3,5,3,3,3,0.5,0.5,0.5,0.75,0.5,0,0.333,0.63,2.0,Growth Stage (3-6 yrs),43.6,Medium Risk,70.3,Immediate Action,Sufficiently Trained,Moderate Manager Continuity,Regular Annual Review,1,4,-0.557,0.846,1.074,Fast-Track Performers
PANW-1285,37,0,Travel_Rarely,1372,Research & Development,1,3,Life Sciences,4,Female,42,3,1,Research Scientist,4,Single,2115,15881,1,No,12,3,2,0,17,3,3,17,12,5,7,0.278,0.667,0.167,0.538,0.389,7,0.056,0.65,3.25,Veteran Stage (13+ yrs),59.2,High Risk,75.7,Immediate Action,Sufficiently Trained,Prolonged Stagnant Manager Dyad,Lateral Role Rotation / New Project,3,1,2.7,0.922,-0.774,High-Risk Stagnation Profiles
PANW-1286,44,1,Travel_Frequently,920,Research & Development,24,3,Life Sciences,4,Male,43,3,1,Laboratory Technician,3,Divorced,3161,19920,3,Yes,22,4,4,1,19,0,1,1,0,0,0,0.0,0.0,0.0,0.0,0.0,0,0.05,0.98,3.0,Early Stage (0-2 yrs),3.8,Low Risk,37.6,Already Attrited,Moderate Development Need,Recent Manager Transition,Exit Analysis & Knowledge Transfer,1,2,-1.59,-1.034,-1.116,Fast-Track Performers
PANW-1287,38,0,Travel_Rarely,688,Research & Development,23,4,Life Sciences,4,Male,82,3,2,Healthcare Representative,4,Divorced,5745,18899,9,No,14,3,2,1,10,2,3,2,2,1,2,0.333,0.667,0.667,0.667,0.667,1,0.182,0.76,3.25,Early Stage (0-2 yrs),26.4,Low Risk,64.2,Watchlist,Moderate Development Need,Moderate Manager Continuity,Regular Annual Review,1,4,-0.738,0.602,-0.098,Fast-Track Performers
PANW-1288,26,1,Travel_Rarely,1449,Research & Development,16,4,Medical,1,Male,45,3,1,Laboratory Technician,2,Divorced,2373,14180,2,Yes,13,3,4,1,5,2,3,3,2,0,2,0.0,0.5,0.5,0.667,0.5,2,0.167,0.73,2.5,Growth Stage (3-6 yrs),26.2,Low Risk,39.2,Already Attrited,Moderate Development Need,Moderate Manager Continuity,Exit Analysis & Knowledge Transfer,1,4,-1.517,0.307,-1.047,Fast-Track Performers
PANW-1289,28,0,Travel_Rarely,1117,Research & Development,8,2,Life Sciences,4,Female,66,3,1,Research Scientist,4,Single,3310,4488,1,No,21,4,4,0,5,3,3,5,3,0,2,0.0,0.5,0.5,0.5,0.333,3,0.167,1.02,3.75,Growth Stage (3-6 yrs),21.9,Low Risk,68.9,Watchlist,Sufficiently Trained,Moderate Manager Continuity,Regular Annual Review,1,4,-1.336,0.455,-1.298,Fast-Track Performers
PANW-1290,49,0,Travel_Frequently,636,Research & Development,10,4,Life Sciences,3,Female,35,3,5,Research Director,1,Single,18665,25594,9,Yes,11,3,4,0,22,4,3,3,2,1,2,0.25,0.5,1.0,0.667,0.5,1,0.217,1.16,2.75,Growth Stage (3-6 yrs),33.5,Medium Risk,66.7,Watchlist,Sufficiently Trained,Moderate Manager Continuity,Regular Annual Review,1,1,0.182,-1.54,0.795,Fast-Track Performers
PANW-1291,36,0,Travel_Rarely,506,Research & Development,3,3,Technical Degree,3,Male,30,3,2,Research Scientist,2,Single,4485,26285,4,No,12,3,4,0,10,2,3,8,0,7,7,0.778,0.0,0.222,7.0,0.778,-7,0.182,1.38,3.0,Established Stage (7-12 yrs),32.0,Medium Risk,66.2,Watchlist,Moderate Development Need,Prolonged Stagnant Manager Dyad,Manager Mentorship & Skip-Level Check-in,4,3,1.315,-2.493,2.382,Promotion-Stalled Employees
PANW-1292,31,0,Travel_Frequently,444,Sales,5,3,Marketing,4,Female,84,3,1,Sales Representative,2,Divorced,2789,3909,1,No,11,3,3,1,2,5,2,2,2,2,2,0.667,0.667,1.667,0.667,0.667,0,0.333,1.06,2.75,Early Stage (0-2 yrs),37.4,Medium Risk,68.1,Watchlist,Sufficiently Trained,Moderate Manager Continuity,Regular Annual Review,1,4,-1.675,1.737,1.563,Fast-Track Performers
PANW-1293,26,1,Travel_Rarely,950,Sales,4,4,Marketing,4,Male,48,2,2,Sales Executive,4,Single,5828,8450,1,Yes,12,3,2,0,8,0,3,8,7,7,4,0.778,0.778,0.0,0.5,0.444,0,0.222,0.84,3.25,Established Stage (7-12 yrs),65.8,High Risk,49.3,Already Attrited,High Development Need,Stable Leadership Continuity,Exit Analysis & Knowledge Transfer,3,0,1.548,2.129,1.276,High-Risk Stagnation Profiles
PANW-1294,37,0,Travel_Frequently,889,Research & Development,9,3,Medical,2,Male,53,3,1,Research Scientist,4,Married,2326,11411,1,Yes,12,3,3,3,4,3,2,4,2,1,2,0.2,0.4,0.6,0.667,0.4,1,0.2,0.72,2.75,Growth Stage (3-6 yrs),19.8,Low Risk,61.9,Watchlist,Sufficiently Trained,Moderate Manager Continuity,Regular Annual Review,1,4,-1.43,0.453,-0.185,Fast-Track Performers
PANW-1295,42,0,Travel_Frequently,555,Sales,26,3,Marketing,3,Female,77,3,4,Sales Executive,2,Married,13525,14864,5,No,14,3,4,1,23,2,4,20,4,4,8,0.19,0.19,0.095,1.6,0.381,0,0.167,1.95,3.25,Veteran Stage (13+ yrs),38.8,Medium Risk,68.6,Watchlist,Moderate Development Need,Prolonged Stagnant Manager Dyad,Manager Mentorship & Skip-Level Check-in,2,1,2.516,-2.453,0.487,Stable Long-Term Contributors
PANW-1296,18,1,Travel_Rarely,230,Research & Development,3,3,Life Sciences,3,Male,54,3,1,Laboratory Technician,3,Single,1420,25233,1,No,13,3,3,0,0,2,3,0,0,0,0,0.0,0.0,2.0,0.0,0.0,0,1.0,0.44,3.0,Early Stage (0-2 yrs),3.8,Low Risk,31.3,Already Attrited,Moderate Development Need,Recent Manager Transition,Exit Analysis & Knowledge Transfer,0,2,-5.086,-0.158,2.779,Early-Career Explorers
PANW-1297,35,0,Travel_Rarely,1232,Sales,16,3,Marketing,3,Male,96,3,3,Sales Executive,2,Married,8020,5100,0,No,15,3,3,2,12,3,2,11,9,6,9,0.5,0.75,0.25,0.9,0.75,3,0.231,1.16,2.5,Established Stage (7-12 yrs),72.2,High Risk,80.3,Immediate Action,Sufficiently Trained,Prolonged Stagnant Manager Dyad,Promotion & Compensation Review,3,0,2.485,0.883,0.605,High-Risk Stagnation Profiles
PANW-1298,36,0,Travel_Frequently,566,Research & Development,18,4,Life Sciences,3,Male,81,4,1,Laboratory Technician,4,Married,3688,7122,4,No,18,3,4,2,4,2,3,1,0,0,0,0.0,0.0,1.0,0.0,0.0,0,0.2,1.14,3.5,Early Stage (0-2 yrs),0.0,Low Risk,58.8,Watchlist,Moderate Development Need,Recent Manager Transition,Regular Annual Review,0,2,-2.916,-0.438,-0.157,Early-Career Explorers
PANW-1299,51,0,Travel_Rarely,1302,Research & Development,2,3,Medical,4,Male,84,1,2,Manufacturing Director,2,Divorced,5482,16321,5,No,18,3,4,1,13,3,3,4,1,1,2,0.2,0.2,0.6,1.0,0.4,0,0.143,0.75,3.25,Growth Stage (3-6 yrs),19.1,Low Risk,54.2,Watchlist,Sufficiently Trained,Moderate Manager Continuity,Regular Annual Review,1,4,-0.954,-0.87,-0.044,Fast-Track Performers
PANW-1300,41,0,Travel_Rarely,334,Sales,2,4,Life Sciences,4,Male,88,3,4,Manager,2,Single,16015,15896,1,No,19,3,2,0,22,2,3,22,10,0,4,0.0,0.435,0.087,0.364,0.174,10,0.174,0.93,2.75,Veteran Stage (13+ yrs),43.4,Medium Risk,70.2,Immediate Action,Moderate Development Need,Stable Leadership Continuity,Regular Annual Review,2,1,2.292,-1.472,-1.1,Stable Long-Term Contributors
PANW-1301,18,0,Travel_Rarely,812,Sales,10,3,Medical,4,Female,69,2,1,Sales Representative,3,Single,1200,9724,1,No,12,3,1,0,0,2,3,0,0,0,0,0.0,0.0,2.0,0.0,0.0,0,1.0,0.46,2.75,Early Stage (0-2 yrs),3.8,Low Risk,52.6,Watchlist,Moderate Development Need,Recent Manager Transition,Regular Annual Review,0,2,-5.081,-0.167,2.805,Early-Career Explorers
PANW-1302,28,0,Travel_Rarely,1476,Research & Development,16,2,Medical,2,Male,68,4,2,Healthcare Representative,1,Single,5661,4824,0,No,19,3,3,0,9,2,3,8,3,0,7,0.0,0.333,0.222,1.75,0.778,3,0.2,0.75,2.25,Established Stage (7-12 yrs),29.0,Low Risk,68.9,Watchlist,Moderate Development Need,Stable Leadership Continuity,Regular Annual Review,1,1,-0.119,-1.029,-1.027,Fast-Track Performers
PANW-1303,31,0,Travel_Rarely,218,Sales,7,3,Technical Degree,2,Male,100,4,2,Sales Executive,4,Married,6929,12241,4,No,11,3,2,1,10,3,2,8,7,7,7,0.778,0.778,0.333,0.875,0.778,0,0.182,1.0,2.5,Established Stage (7-12 yrs),65.8,High Risk,81.8,Immediate Action,Sufficiently Trained,Prolonged Stagnant Manager Dyad,Promotion & Compensation Review,3,0,1.936,1.762,1.276,High-Risk Stagnation Profiles
PANW-1304,39,0,Travel_Rarely,1132,Research & Development,1,3,Medical,3,Male,48,4,3,Healthcare Representative,4,Divorced,9613,10942,0,No,17,3,1,3,19,5,2,18,10,3,7,0.158,0.526,0.263,0.636,0.368,7,0.15,1.28,2.5,Veteran Stage (13+ yrs),48.6,Medium Risk,75.8,Immediate Action,Sufficiently Trained,Stable Leadership Continuity,Regular Annual Review,3,1,2.49,-0.535,-0.579,High-Risk Stagnation Profiles
PANW-1305,36,0,Non-Travel,1105,Research & Development,24,4,Life Sciences,2,Female,47,3,2,Laboratory Technician,2,Married,5674,6927,7,No,15,3,3,1,11,3,3,9,8,0,8,0.0,0.8,0.3,0.889,0.8,8,0.167,1.75,2.5,Established Stage (7-12 yrs),52.5,Medium Risk,73.4,Immediate Action,Sufficiently Trained,Stable Leadership Continuity,Lateral Role Rotation / New Project,3,1,1.008,0.337,-1.734,High-Risk Stagnation Profiles
PANW-1306,32,0,Travel_Rarely,906,Sales,7,3,Life Sciences,4,Male,91,2,2,Sales Executive,3,Married,5484,16985,1,No,14,3,3,1,13,3,2,13,8,4,8,0.286,0.571,0.214,0.889,0.571,4,0.143,0.79,3.0,Veteran Stage (13+ yrs),57.0,High Risk,71.2,Immediate Action,Sufficiently Trained,Prolonged Stagnant Manager Dyad,Manager Mentorship & Skip-Level Check-in,3,1,1.869,0.286,-0.302,High-Risk Stagnation Profiles
PANW-1307,38,0,Travel_Rarely,849,Research & Development,25,2,Life Sciences,1,Female,81,2,3,Research Director,2,Married,12061,26707,3,No,17,3,3,1,19,2,3,10,8,0,1,0.0,0.727,0.182,0.111,0.091,8,0.15,0.75,2.25,Established Stage (7-12 yrs),50.7,Medium Risk,69.0,Watchlist,Moderate Development Need,Recent Manager Transition,Lateral Role Rotation / New Project,3,1,0.833,-0.099,-1.441,High-Risk Stagnation Profiles
PANW-1308,58,0,Non-Travel,390,Research & Development,1,4,Life Sciences,4,Male,32,1,2,Healthcare Representative,3,Divorced,5660,17056,2,Yes,13,3,4,1,12,2,3,5,3,1,2,0.167,0.5,0.333,0.5,0.333,2,0.154,0.75,3.5,Growth Stage (3-6 yrs),29.1,Low Risk,57.7,Watchlist,Moderate Development Need,Moderate Manager Continuity,Regular Annual Review,1,4,-0.435,0.01,-0.5,Fast-Track Performers
PANW-1309,31,0,Travel_Rarely,691,Research & Development,5,4,Technical Degree,3,Male,86,3,1,Research Scientist,4,Married,4821,10077,0,Yes,12,3,3,1,6,4,3,5,2,0,3,0.0,0.333,0.667,1.0,0.5,2,0.143,1.49,3.25,Growth Stage (3-6 yrs),14.6,Low Risk,60.1,Watchlist,Sufficiently Trained,Moderate Manager Continuity,Regular Annual Review,1,4,-1.36,-0.312,-0.84,Fast-Track Performers
PANW-1310,31,0,Travel_Rarely,106,Human Resources,2,3,Human Resources,1,Male,62,2,2,Human Resources,1,Married,6410,17822,3,No,12,3,4,0,9,1,3,2,2,1,0,0.333,0.667,0.333,0.0,0.0,1,0.2,1.51,2.25,Early Stage (0-2 yrs),37.7,Medium Risk,64.4,Watchlist,Moderate Development Need,Recent Manager Transition,Upskilling & Training Program,1,4,-0.957,0.974,-0.105,Fast-Track Performers
PANW-1311,45,0,Travel_Frequently,1249,Research & Development,7,3,Life Sciences,1,Male,97,3,3,Laboratory Technician,1,Divorced,5210,20308,1,No,18,3,1,1,24,2,3,24,9,9,11,0.36,0.36,0.08,1.1,0.44,0,0.12,1.61,1.5,Veteran Stage (13+ yrs),76.8,High Risk,81.9,Immediate Action,Moderate Development Need,Prolonged Stagnant Manager Dyad,Promotion & Compensation Review,2,0,4.222,-0.964,0.768,Stable Long-Term Contributors
PANW-1312,31,0,Travel_Rarely,192,Research & Development,2,4,Life Sciences,3,Male,32,3,1,Research Scientist,4,Divorced,2695,7747,0,Yes,18,3,2,1,3,2,1,2,2,2,2,0.667,0.667,0.667,0.667,0.667,0,0.25,0.83,2.5,Early Stage (0-2 yrs),29.9,Low Risk,65.5,Watchlist,Moderate Development Need,Moderate Manager Continuity,Regular Annual Review,1,4,-1.081,1.869,0.666,Fast-Track Performers
PANW-1313,33,0,Travel_Frequently,553,Research & Development,5,4,Life Sciences,4,Female,74,3,3,Manager,2,Married,11878,23364,6,No,11,3,2,2,12,2,3,10,6,8,8,0.727,0.545,0.182,1.143,0.727,-2,0.231,0.69,2.75,Established Stage (7-12 yrs),67.9,High Risk,78.8,Immediate Action,Moderate Development Need,Prolonged Stagnant Manager Dyad,Promotion & Compensation Review,3,0,2.27,0.64,1.858,High-Risk Stagnation Profiles
PANW-1314,39,0,Travel_Rarely,117,Research & Development,10,1,Medical,3,Male,99,3,4,Manager,1,Married,17068,5355,1,Yes,14,3,4,0,21,3,3,21,9,11,10,0.5,0.409,0.136,1.0,0.455,-2,0.182,0.99,2.75,Veteran Stage (13+ yrs),81.5,High Risk,83.5,Immediate Action,Sufficiently Trained,Prolonged Stagnant Manager Dyad,Promotion & Compensation Review,2,0,4.256,-0.648,1.814,Stable Long-Term Contributors
PANW-1315,43,0,Travel_Frequently,185,Research & Development,10,4,Life Sciences,3,Female,33,3,1,Laboratory Technician,4,Single,2455,10675,0,No,19,3,1,0,9,5,3,8,7,1,7,0.111,0.778,0.556,0.875,0.778,6,0.1,0.76,2.75,Established Stage (7-12 yrs),44.8,Medium Risk,70.7,Immediate Action,Sufficiently Trained,Stable Leadership Continuity,Lateral Role Rotation / New Project,3,1,0.563,0.909,-1.605,High-Risk Stagnation Profiles
PANW-1316,49,0,Travel_Rarely,1091,Research & Development,1,2,Technical Degree,3,Female,90,2,4,Healthcare Representative,3,Single,13964,17810,7,Yes,12,3,4,0,25,2,3,7,1,0,7,0.0,0.125,0.25,3.5,0.875,1,0.154,1.85,3.25,Established Stage (7-12 yrs),10.0,Low Risk,54.8,Watchlist,Moderate Development Need,Stable Leadership Continuity,Regular Annual Review,4,4,0.918,-3.735,-0.252,Promotion-Stalled Employees
PANW-1317,52,1,Travel_Rarely,723,Research & Development,8,4,Medical,3,Male,85,2,2,Research Scientist,2,Married,4941,17747,2,No,15,3,1,0,11,3,2,8,2,7,7,0.778,0.222,0.333,2.333,0.778,-5,0.167,1.53,2.0,Established Stage (7-12 yrs),43.8,Medium Risk,41.6,Already Attrited,Sufficiently Trained,Prolonged Stagnant Manager Dyad,Exit Analysis & Knowledge Transfer,3,0,1.163,-0.221,1.97,High-Risk Stagnation Profiles
PANW-1318,27,0,Travel_Rarely,1220,Research & Development,5,3,Life Sciences,3,Female,85,3,1,Research Scientist,2,Single,2478,20938,1,Yes,12,3,2,0,4,2,2,4,3,1,2,0.2,0.6,0.4,0.5,0.4,2,0.2,0.76,2.25,Growth Stage (3-6 yrs),35.4,Medium Risk,67.4,Watchlist,Moderate Development Need,Moderate Manager Continuity,Regular Annual Review,1,4,-1.09,1.006,-0.547,Fast-Track Performers
PANW-1319,32,0,Travel_Rarely,588,Sales,8,2,Technical Degree,3,Female,65,2,2,Sales Executive,2,Married,5228,24624,1,Yes,11,3,4,0,13,2,3,13,12,11,9,0.786,0.857,0.143,0.692,0.643,1,0.143,0.76,3.0,Veteran Stage (13+ yrs),88.9,High Risk,82.4,Immediate Action,Moderate Development Need,Prolonged Stagnant Manager Dyad,Promotion & Compensation Review,3,0,3.751,2.215,1.404,High-Risk Stagnation Profiles
PANW-1320,27,0,Travel_Rarely,1377,Sales,2,3,Life Sciences,4,Male,74,3,2,Sales Executive,3,Single,4478,5242,1,Yes,11,3,1,0,5,3,3,5,4,0,4,0.0,0.667,0.5,0.8,0.667,4,0.333,0.65,2.75,Growth Stage (3-6 yrs),32.9,Medium Risk,66.5,Watchlist,Sufficiently Trained,Stable Leadership Continuity,Lateral Role Rotation / New Project,1,4,-0.865,0.316,-0.661,Fast-Track Performers
PANW-1321,31,0,Travel_Rarely,691,Sales,7,3,Marketing,4,Male,73,3,2,Sales Executive,4,Divorced,7547,7143,4,No,12,3,4,3,13,3,3,7,7,1,7,0.125,0.875,0.375,0.875,0.875,6,0.143,1.09,3.75,Established Stage (7-12 yrs),47.2,Medium Risk,71.5,Immediate Action,Sufficiently Trained,Stable Leadership Continuity,Lateral Role Rotation / New Project,3,1,1.033,0.588,-1.281,High-Risk Stagnation Profiles
PANW-1322,32,0,Travel_Rarely,1018,Research & Development,2,4,Medical,1,Female,74,4,2,Research Scientist,4,Single,5055,10557,7,No,16,3,3,0,10,0,2,7,7,0,7,0.0,0.875,0.0,0.875,0.875,7,0.182,1.56,2.5,Established Stage (7-12 yrs),43.8,Medium Risk,74.1,Immediate Action,High Development Need,Stable Leadership Continuity,Lateral Role Rotation / New Project,3,1,0.778,0.606,-1.884,High-Risk Stagnation Profiles
PANW-1323,28,1,Travel_Rarely,1157,Research & Development,2,4,Medical,1,Male,84,1,1,Research Scientist,4,Married,3464,24737,5,Yes,13,3,4,0,5,4,2,3,2,2,2,0.5,0.5,1.0,0.667,0.5,0,0.167,1.07,2.75,Growth Stage (3-6 yrs),25.8,Low Risk,31.5,Already Attrited,Sufficiently Trained,Moderate Manager Continuity,Exit Analysis & Knowledge Transfer,1,4,-1.155,1.054,0.56,Fast-Track Performers
PANW-1324,30,0,Travel_Rarely,1275,Research & Development,28,2,Medical,4,Female,64,3,2,Research Scientist,4,Married,5775,11934,1,No,13,3,4,2,11,2,3,10,8,1,9,0.091,0.727,0.182,1.0,0.818,7,0.167,1.78,3.75,Established Stage (7-12 yrs),46.7,Medium Risk,71.3,Immediate Action,Moderate Development Need,Stable Leadership Continuity,Lateral Role Rotation / New Project,3,1,1.36,0.282,-1.325,High-Risk Stagnation Profiles
PANW-1325,31,0,Travel_Frequently,798,Research & Development,7,2,Life Sciences,3,Female,48,2,3,Manufacturing Director,3,Married,8943,14034,1,No,24,4,1,1,10,2,3,10,9,8,9,0.727,0.818,0.182,0.9,0.818,1,0.273,1.23,2.5,Established Stage (7-12 yrs),77.2,High Risk,84.5,Immediate Action,Moderate Development Need,Prolonged Stagnant Manager Dyad,Promotion & Compensation Review,3,0,2.675,1.676,1.17,High-Risk Stagnation Profiles
PANW-1326,39,0,Travel_Frequently,672,Research & Development,7,2,Medical,3,Male,54,2,5,Manager,4,Married,19272,21141,1,No,15,3,1,1,21,2,3,21,9,13,3,0.591,0.409,0.091,0.3,0.136,-4,0.227,1.12,2.75,Veteran Stage (13+ yrs),70.2,High Risk,75.8,Immediate Action,Moderate Development Need,Moderate Manager Continuity,Promotion & Compensation Review,2,0,3.877,-0.322,2.747,Stable Long-Term Contributors
PANW-1327,39,1,Travel_Rarely,1162,Sales,3,2,Medical,4,Female,41,3,2,Sales Executive,3,Married,5238,17778,4,Yes,18,3,1,0,12,3,2,1,0,0,0,0.0,0.0,1.5,0.0,0.0,0,0.154,0.76,2.5,Early Stage (0-2 yrs),3.8,Low Risk,31.3,Already Attrited,Sufficiently Trained,Recent Manager Transition,Exit Analysis & Knowledge Transfer,0,2,-2.453,-1.25,0.138,Early-Career Explorers
PANW-1328,33,0,Travel_Frequently,508,Sales,10,3,Marketing,2,Male,46,2,2,Sales Executive,4,Single,4682,4317,3,No,14,3,3,0,9,6,2,7,7,0,1,0.0,0.875,0.75,0.125,0.125,7,0.2,0.68,2.75,Established Stage (7-12 yrs),43.8,Medium Risk,66.6,Watchlist,Sufficiently Trained,Recent Manager Transition,Lateral Role Rotation / New Project,1,1,-0.336,0.938,-1.281,Fast-Track Performers
PANW-1329,47,0,Travel_Rarely,1482,Research & Development,5,5,Life Sciences,4,Male,42,3,5,Research Director,3,Married,18300,16375,4,No,11,3,2,1,21,2,3,3,2,1,1,0.25,0.5,0.5,0.333,0.25,1,0.227,1.14,3.0,Growth Stage (3-6 yrs),26.0,Low Risk,64.1,Watchlist,Moderate Development Need,Recent Manager Transition,Regular Annual Review,1,1,0.187,-1.273,0.61,Fast-Track Performers
PANW-1330,43,0,Travel_Frequently,559,Research & Development,10,4,Life Sciences,3,Female,82,2,2,Laboratory Technician,3,Divorced,5257,6227,1,No,11,3,2,1,9,3,4,9,7,0,0,0.0,0.7,0.3,0.0,0.0,7,0.2,1.62,3.0,Established Stage (7-12 yrs),43.1,Medium Risk,66.3,Watchlist,Sufficiently Trained,Recent Manager Transition,Lateral Role Rotation / New Project,1,1,-0.27,0.639,-1.187,Fast-Track Performers
PANW-1331,27,0,Non-Travel,210,Sales,1,1,Marketing,3,Male,73,3,2,Sales Executive,2,Married,6349,22107,0,Yes,13,3,4,1,6,0,3,5,4,1,4,0.167,0.667,0.0,0.8,0.667,3,0.286,0.92,3.0,Growth Stage (3-6 yrs),40.2,Medium Risk,69.1,Watchlist,High Development Need,Stable Leadership Continuity,Lateral Role Rotation / New Project,1,4,-0.304,0.632,-0.572,Fast-Track Performers
PANW-1332,54,0,Travel_Frequently,928,Research & Development,20,4,Life Sciences,4,Female,31,3,2,Research Scientist,3,Single,4869,16885,3,No,12,3,4,0,20,4,2,4,3,0,3,0.0,0.6,0.8,0.75,0.6,3,0.095,1.5,3.25,Growth Stage (3-6 yrs),28.1,Low Risk,64.8,Watchlist,Sufficiently Trained,Moderate Manager Continuity,Regular Annual Review,1,4,-0.249,-0.649,-1.046,Fast-Track Performers
PANW-1333,43,0,Travel_Rarely,1001,Research & Development,7,3,Life Sciences,3,Female,43,3,3,Healthcare Representative,1,Married,9985,9262,8,No,16,3,1,1,10,1,2,1,0,0,0,0.0,0.0,0.5,0.0,0.0,0,0.273,1.33,1.75,Early Stage (0-2 yrs),11.2,Low Risk,58.9,Watchlist,Moderate Development Need,Recent Manager Transition,Upskilling & Training Program,0,2,-2.084,-1.334,0.226,Early-Career Explorers
PANW-1334,45,0,Travel_Rarely,549,Research & Development,8,4,Other,4,Male,75,3,2,Research Scientist,4,Married,3697,9278,9,No,14,3,1,2,12,3,3,10,9,9,8,0.818,0.818,0.273,0.8,0.727,0,0.154,1.14,3.0,Established Stage (7-12 yrs),77.0,High Risk,82.0,Immediate Action,Sufficiently Trained,Prolonged Stagnant Manager Dyad,Promotion & Compensation Review,3,0,2.796,2.013,1.349,High-Risk Stagnation Profiles
PANW-1335,40,0,Travel_Rarely,1124,Sales,1,2,Medical,2,Male,57,1,2,Sales Executive,4,Married,7457,13273,2,Yes,22,4,3,3,6,2,2,4,3,0,2,0.0,0.6,0.4,0.5,0.4,3,0.286,1.08,2.75,Growth Stage (3-6 yrs),24.4,Low Risk,62.3,Watchlist,Moderate Development Need,Moderate Manager Continuity,Regular Annual Review,1,4,-1.217,0.353,-0.969,Fast-Track Performers
PANW-1336,29,1,Travel_Rarely,318,Research & Development,8,4,Other,2,Male,77,1,1,Laboratory Technician,1,Married,2119,4759,1,Yes,11,3,4,0,7,4,2,7,7,0,7,0.0,0.875,0.5,0.875,0.875,7,0.125,0.65,2.25,Established Stage (7-12 yrs),55.0,High Risk,41.8,Already Attrited,Sufficiently Trained,Stable Leadership Continuity,Exit Analysis & Knowledge Transfer,3,1,0.323,0.956,-1.859,High-Risk Stagnation Profiles
PANW-1337,29,0,Travel_Rarely,738,Research & Development,9,5,Other,2,Male,30,2,1,Laboratory Technician,4,Single,3983,7621,0,No,17,3,3,0,4,2,3,3,2,2,2,0.5,0.5,0.5,0.667,0.5,0,0.2,1.23,3.0,Growth Stage (3-6 yrs),25.8,Low Risk,60.3,Watchlist,Moderate Development Need,Moderate Manager Continuity,Regular Annual Review,1,4,-1.066,1.22,0.311,Fast-Track Performers
PANW-1338,30,0,Travel_Rarely,570,Sales,5,3,Marketing,4,Female,30,2,2,Sales Executive,3,Divorced,6118,5431,1,No,13,3,3,3,10,2,3,10,9,1,2,0.091,0.818,0.182,0.2,0.182,8,0.182,0.88,3.25,Established Stage (7-12 yrs),52.7,Medium Risk,69.7,Watchlist,Moderate Development Need,Moderate Manager Continuity,Lateral Role Rotation / New Project,3,1,0.632,1.021,-1.257,High-Risk Stagnation Profiles
PANW-1339,27,0,Travel_Rarely,1130,Sales,8,4,Marketing,2,Female,56,3,2,Sales Executive,2,Married,6214,3415,1,No,18,3,1,1,8,3,3,8,7,0,7,0.0,0.778,0.333,0.875,0.778,7,0.222,0.9,2.0,Established Stage (7-12 yrs),48.8,Medium Risk,72.1,Immediate Action,Sufficiently Trained,Stable Leadership Continuity,Lateral Role Rotation / New Project,3,1,0.451,0.468,-1.559,High-Risk Stagnation Profiles
PANW-1340,37,0,Travel_Rarely,1192,Research & Development,5,2,Medical,4,Male,61,3,2,Manufacturing Director,4,Divorced,6347,23177,7,No,16,3,3,2,8,2,2,6,2,0,4,0.0,0.286,0.286,1.333,0.571,2,0.222,0.87,3.25,Growth Stage (3-6 yrs),13.4,Low Risk,59.7,Watchlist,Moderate Development Need,Stable Leadership Continuity,Regular Annual Review,1,4,-0.862,-0.898,-0.692,Fast-Track Performers
PANW-1341,38,0,Travel_Rarely,343,Research & Development,15,2,Life Sciences,3,Male,92,2,3,Research Director,4,Divorced,11510,15682,0,Yes,14,3,2,1,12,3,3,11,10,2,9,0.167,0.833,0.25,0.818,0.75,8,0.231,0.72,3.0,Established Stage (7-12 yrs),52.8,Medium Risk,69.7,Watchlist,Sufficiently Trained,Stable Leadership Continuity,Lateral Role Rotation / New Project,3,1,2.0,0.453,-0.846,High-Risk Stagnation Profiles
PANW-1342,31,0,Travel_Rarely,1232,Research & Development,7,4,Medical,3,Female,39,3,3,Manufacturing Director,4,Single,7143,25713,1,Yes,14,3,3,0,11,2,2,11,9,4,10,0.333,0.75,0.167,1.0,0.833,5,0.25,0.98,3.0,Established Stage (7-12 yrs),57.8,High Risk,75.2,Immediate Action,Moderate Development Need,Prolonged Stagnant Manager Dyad,Lateral Role Rotation / New Project,3,1,2.236,0.541,-0.052,High-Risk Stagnation Profiles
PANW-1343,29,0,Travel_Rarely,144,Sales,10,1,Marketing,4,Female,39,2,2,Sales Executive,2,Divorced,8268,11866,1,Yes,14,3,1,2,7,2,3,7,7,1,7,0.125,0.875,0.25,0.875,0.875,6,0.25,1.19,2.5,Established Stage (7-12 yrs),54.8,Medium Risk,70.4,Immediate Action,Moderate Development Need,Stable Leadership Continuity,Lateral Role Rotation / New Project,3,1,0.62,0.949,-1.102,High-Risk Stagnation Profiles
PANW-1344,35,0,Travel_Rarely,1296,Research & Development,5,4,Technical Degree,3,Male,62,3,3,Manufacturing Director,2,Single,8095,18264,0,No,13,3,4,0,17,5,3,16,6,0,13,0.0,0.353,0.294,1.857,0.765,6,0.167,1.11,3.0,Veteran Stage (13+ yrs),35.1,Medium Risk,67.3,Watchlist,Sufficiently Trained,Stable Leadership Continuity,Regular Annual Review,3,1,2.036,-1.976,-1.019,High-Risk Stagnation Profiles
PANW-1345,23,0,Travel_Rarely,1309,Research & Development,26,1,Life Sciences,3,Male,83,3,1,Research Scientist,4,Divorced,2904,16092,1,No,12,3,3,2,4,2,2,4,2,0,2,0.0,0.4,0.4,0.667,0.4,2,0.2,0.9,3.0,Growth Stage (3-6 yrs),16.2,Low Risk,60.7,Watchlist,Moderate Development Need,Moderate Manager Continuity,Regular Annual Review,1,4,-1.595,0.144,-0.86,Fast-Track Performers
PANW-1346,41,0,Travel_Rarely,483,Research & Development,6,3,Medical,4,Male,95,2,2,Manufacturing Director,2,Single,6032,10110,6,Yes,15,3,4,0,8,3,3,5,4,1,2,0.167,0.667,0.5,0.4,0.333,3,0.222,0.83,3.25,Growth Stage (3-6 yrs),40.2,Medium Risk,65.3,Watchlist,Sufficiently Trained,Moderate Manager Continuity,Lateral Role Rotation / New Project,1,4,-0.579,0.654,-0.521,Fast-Track Performers
PANW-1347,47,0,Travel_Frequently,1309,Sales,4,1,Medical,2,Male,99,3,2,Sales Representative,3,Single,2976,25751,3,No,19,3,1,0,5,3,3,0,0,0,0,0.0,0.0,3.0,0.0,0.0,0,0.333,1.13,2.25,Early Stage (0-2 yrs),3.8,Low Risk,56.3,Watchlist,Sufficiently Trained,Recent Manager Transition,Regular Annual Review,0,2,-3.797,-1.03,1.314,Early-Career Explorers
PANW-1348,42,0,Travel_Rarely,810,Research & Development,23,5,Life Sciences,1,Female,44,3,4,Research Director,4,Single,15992,15901,2,No,14,3,2,0,16,2,3,1,0,0,0,0.0,0.0,1.0,0.0,0.0,0,0.235,1.0,2.5,Early Stage (0-2 yrs),0.0,Low Risk,55.0,Watchlist,Moderate Development Need,Recent Manager Transition,Regular Annual Review,0,2,-1.713,-2.065,0.59,Early-Career Explorers
PANW-1349,29,0,Non-Travel,746,Sales,2,3,Life Sciences,4,Male,61,3,2,Sales Executive,3,Married,4649,16928,1,No,14,3,1,1,4,3,2,4,3,0,2,0.0,0.6,0.6,0.5,0.4,3,0.4,0.67,2.5,Growth Stage (3-6 yrs),28.1,Low Risk,64.8,Watchlist,Sufficiently Trained,Moderate Manager Continuity,Regular Annual Review,1,4,-1.569,0.382,-0.336,Fast-Track Performers
PANW-1350,42,0,Travel_Rarely,544,Human Resources,2,1,Technical Degree,3,Male,52,3,1,Human Resources,3,Divorced,2696,24017,0,Yes,11,3,3,1,4,5,3,3,2,1,0,0.25,0.5,1.25,0.0,0.0,1,0.2,0.64,3.0,Growth Stage (3-6 yrs),26.0,Low Risk,64.1,Watchlist,Sufficiently Trained,Recent Manager Transition,Regular Annual Review,1,4,-1.938,0.94,0.186,Fast-Track Performers
PANW-1351,32,0,Travel_Rarely,1062,Research & Development,2,3,Medical,3,Female,75,3,1,Laboratory Technician,2,Married,2370,3956,1,No,13,3,3,1,8,4,3,8,0,0,7,0.0,0.0,0.444,7.0,0.778,0,0.111,0.73,2.75,Established Stage (7-12 yrs),7.5,Low Risk,57.6,Watchlist,Sufficiently Trained,Stable Leadership Continuity,Regular Annual Review,4,3,-0.273,-3.57,-0.679,Promotion-Stalled Employees
PANW-1352,48,0,Travel_Rarely,530,Sales,29,1,Medical,1,Female,91,3,3,Manager,3,Married,12504,23978,3,No,21,4,2,1,15,3,1,0,0,0,0,0.0,0.0,3.0,0.0,0.0,0,0.188,0.73,1.75,Early Stage (0-2 yrs),3.8,Low Risk,62.6,Watchlist,Sufficiently Trained,Recent Manager Transition,Regular Annual Review,0,2,-2.858,-1.88,1.038,Early-Career Explorers
PANW-1353,37,0,Travel_Rarely,1319,Research & Development,6,3,Medical,3,Male,51,4,2,Research Scientist,1,Divorced,5974,17001,4,Yes,13,3,1,2,13,2,3,7,7,6,7,0.75,0.875,0.25,0.875,0.875,1,0.143,1.84,2.0,Established Stage (7-12 yrs),76.0,High Risk,85.4,Immediate Action,Moderate Development Need,Prolonged Stagnant Manager Dyad,Promotion & Compensation Review,3,0,2.057,1.764,0.75,High-Risk Stagnation Profiles
PANW-1354,30,0,Non-Travel,641,Sales,25,2,Technical Degree,4,Female,85,3,2,Sales Executive,3,Married,4736,6069,7,Yes,12,3,2,1,4,2,4,2,2,2,2,0.667,0.667,0.667,0.667,0.667,0,0.4,0.68,3.25,Early Stage (0-2 yrs),33.7,Medium Risk,66.8,Watchlist,Moderate Development Need,Moderate Manager Continuity,Regular Annual Review,1,4,-1.05,1.471,1.434,Fast-Track Performers
PANW-1355,26,0,Travel_Rarely,933,Sales,1,3,Life Sciences,3,Male,57,3,2,Sales Executive,3,Married,5296,20156,1,No,17,3,2,1,8,3,3,8,7,7,7,0.778,0.778,0.333,0.875,0.778,0,0.222,0.76,2.75,Established Stage (7-12 yrs),69.6,High Risk,79.4,Immediate Action,Sufficiently Trained,Prolonged Stagnant Manager Dyad,Promotion & Compensation Review,3,0,1.748,1.928,1.226,High-Risk Stagnation Profiles
PANW-1356,42,0,Travel_Rarely,1332,Research & Development,2,4,Other,1,Male,98,2,2,Healthcare Representative,4,Single,6781,17078,3,No,23,4,2,0,14,6,3,1,0,0,0,0.0,0.0,3.0,0.0,0.0,0,0.133,0.9,2.5,Early Stage (0-2 yrs),0.0,Low Risk,57.5,Watchlist,Sufficiently Trained,Recent Manager Transition,Regular Annual Review,0,2,-2.987,-1.517,0.657,Early-Career Explorers
PANW-1357,21,1,Travel_Frequently,756,Sales,1,1,Technical Degree,1,Female,99,2,1,Sales Representative,2,Single,2174,9150,1,Yes,11,3,3,0,3,3,3,3,2,1,2,0.25,0.5,0.75,0.667,0.5,1,0.25,0.83,2.25,Growth Stage (3-6 yrs),29.8,Low Risk,36.7,Already Attrited,Sufficiently Trained,Moderate Manager Continuity,Exit Analysis & Knowledge Transfer,1,4,-1.571,0.784,0.045,Fast-Track Performers
PANW-1358,36,0,Non-Travel,845,Sales,1,5,Medical,4,Female,45,3,2,Sales Executive,4,Single,6653,15276,4,No,15,3,2,0,7,6,3,1,0,0,0,0.0,0.0,3.0,0.0,0.0,0,0.25,0.96,3.25,Early Stage (0-2 yrs),0.0,Low Risk,55.0,Watchlist,Sufficiently Trained,Recent Manager Transition,Regular Annual Review,0,2,-3.471,-1.217,1.186,Early-Career Explorers
PANW-1359,36,0,Travel_Frequently,541,Sales,3,4,Medical,1,Male,48,2,3,Sales Executive,4,Married,9699,7246,4,No,11,3,1,1,16,2,3,13,9,1,12,0.071,0.643,0.143,1.2,0.857,8,0.176,1.4,2.25,Veteran Stage (13+ yrs),44.6,Medium Risk,66.9,Watchlist,Moderate Development Need,Stable Leadership Continuity,Lateral Role Rotation / New Project,3,1,2.387,-0.658,-1.139,High-Risk Stagnation Profiles
PANW-1360,57,0,Travel_Rarely,593,Research & Development,1,4,Medical,4,Male,88,3,2,Healthcare Representative,3,Married,6755,2967,2,No,11,3,3,0,15,2,3,3,2,1,2,0.25,0.5,0.5,0.667,0.5,1,0.125,0.9,3.25,Growth Stage (3-6 yrs),26.0,Low Risk,64.1,Watchlist,Moderate Development Need,Moderate Manager Continuity,Regular Annual Review,1,4,-0.471,-0.141,-0.229,Fast-Track Performers
PANW-1361,40,0,Travel_Rarely,1171,Research & Development,10,4,Life Sciences,4,Female,46,4,1,Laboratory Technician,3,Married,2213,22495,3,Yes,13,3,3,1,10,3,3,7,7,1,7,0.125,0.875,0.375,0.875,0.875,6,0.091,0.68,3.25,Established Stage (7-12 yrs),51.0,Medium Risk,76.6,Immediate Action,Sufficiently Trained,Stable Leadership Continuity,Lateral Role Rotation / New Project,3,1,0.753,1.067,-1.636,High-Risk Stagnation Profiles
PANW-1362,21,0,Non-Travel,895,Sales,9,2,Medical,1,Male,39,3,1,Sales Representative,4,Single,2610,2851,1,No,24,4,3,0,3,3,2,3,2,2,2,0.5,0.5,0.75,0.667,0.5,0,0.25,0.99,2.5,Growth Stage (3-6 yrs),25.8,Low Risk,70.3,Immediate Action,Sufficiently Trained,Moderate Manager Continuity,Regular Annual Review,1,4,-1.341,1.315,0.386,Fast-Track Performers
PANW-1363,33,1,Travel_Rarely,350,Sales,5,3,Marketing,4,Female,34,3,1,Sales Representative,3,Single,2851,9150,1,Yes,13,3,2,0,1,2,3,1,0,0,0,0.0,0.0,1.0,0.0,0.0,0,0.5,1.09,3.0,Early Stage (0-2 yrs),3.8,Low Risk,31.3,Already Attrited,Moderate Development Need,Recent Manager Transition,Exit Analysis & Knowledge Transfer,0,2,-3.595,-0.247,0.845,Early-Career Explorers
PANW-1364,37,0,Travel_Rarely,921,Research & Development,10,3,Medical,3,Female,98,3,1,Laboratory Technician,1,Married,3452,17663,6,No,20,4,2,1,17,3,3,5,4,0,3,0.0,0.667,0.5,0.6,0.5,4,0.056,1.07,2.25,Growth Stage (3-6 yrs),40.4,Medium Risk,75.4,Immediate Action,Sufficiently Trained,Moderate Manager Continuity,Lateral Role Rotation / New Project,1,4,-0.248,0.168,-1.806,Fast-Track Performers
PANW-1365,46,0,Non-Travel,1144,Research & Development,7,4,Medical,3,Female,30,3,2,Manufacturing Director,3,Married,5258,16044,2,No,14,3,3,0,7,2,4,1,0,0,0,0.0,0.0,1.0,0.0,0.0,0,0.25,0.72,3.25,Early Stage (0-2 yrs),3.8,Low Risk,56.3,Watchlist,Moderate Development Need,Recent Manager Transition,Regular Annual Review,0,2,-2.618,-0.945,0.271,Early-Career Explorers
PANW-1366,41,1,Travel_Frequently,143,Sales,4,3,Marketing,1,Male,56,3,2,Sales Executive,2,Single,9355,9558,1,No,18,3,3,0,8,5,3,8,7,7,7,0.778,0.778,0.556,0.875,0.778,0,0.222,1.35,2.25,Established Stage (7-12 yrs),73.3,High Risk,55.7,Already Attrited,Sufficiently Trained,Prolonged Stagnant Manager Dyad,Exit Analysis & Knowledge Transfer,3,0,1.649,1.906,1.305,High-Risk Stagnation Profiles
PANW-1367,50,0,Travel_Rarely,1046,Research & Development,10,3,Technical Degree,4,Male,100,2,3,Healthcare Representative,4,Single,10496,2755,6,No,15,3,4,0,20,2,3,4,3,1,3,0.2,0.6,0.4,0.75,0.6,2,0.143,1.39,3.75,Growth Stage (3-6 yrs),27.9,Low Risk,61.0,Watchlist,Moderate Development Need,Moderate Manager Continuity,Regular Annual Review,1,4,0.314,-0.552,-0.429,Fast-Track Performers
PANW-1368,40,1,Travel_Rarely,575,Sales,22,2,Marketing,3,Male,68,2,2,Sales Executive,3,Married,6380,6110,2,Yes,12,3,1,2,8,6,3,6,4,1,0,0.143,0.571,0.857,0.0,0.0,3,0.222,0.92,2.5,Growth Stage (3-6 yrs),34.0,Medium Risk,38.2,Already Attrited,Sufficiently Trained,Recent Manager Transition,Exit Analysis & Knowledge Transfer,1,4,-1.011,0.513,-0.165,Fast-Track Performers
PANW-1369,31,0,Travel_Rarely,408,Research & Development,9,4,Life Sciences,3,Male,42,2,1,Research Scientist,2,Single,2657,7551,0,Yes,16,3,4,0,3,5,3,2,2,2,2,0.667,0.667,1.667,0.667,0.667,0,0.25,0.82,3.0,Early Stage (0-2 yrs),37.4,Medium Risk,64.3,Watchlist,Sufficiently Trained,Moderate Manager Continuity,Regular Annual Review,1,4,-1.496,1.709,1.19,Fast-Track Performers
PANW-1370,21,1,Travel_Rarely,156,Sales,12,3,Life Sciences,3,Female,90,4,1,Sales Representative,2,Single,2716,25422,1,No,15,3,4,0,1,0,3,1,0,0,0,0.0,0.0,0.0,0.0,0.0,0,0.5,1.03,3.0,Early Stage (0-2 yrs),7.5,Low Risk,36.4,Already Attrited,Moderate Development Need,Recent Manager Transition,Exit Analysis & Knowledge Transfer,0,2,-3.18,-0.088,0.321,Early-Career Explorers
PANW-1371,29,0,Travel_Rarely,1283,Research & Development,23,3,Life Sciences,4,Male,54,3,1,Research Scientist,4,Single,2201,18168,9,No,16,3,4,0,6,4,3,3,2,1,2,0.25,0.5,1.0,0.667,0.5,1,0.143,0.68,3.75,Growth Stage (3-6 yrs),22.2,Low Risk,62.8,Watchlist,Sufficiently Trained,Moderate Manager Continuity,Regular Annual Review,1,4,-1.367,0.617,-0.272,Fast-Track Performers
PANW-1372,35,0,Travel_Rarely,755,Research & Development,9,4,Life Sciences,3,Male,97,2,2,Healthcare Representative,2,Single,6540,19394,9,No,19,3,3,0,10,5,3,1,1,0,0,0.0,0.5,2.5,0.0,0.0,1,0.182,0.87,2.75,Early Stage (0-2 yrs),23.1,Low Risk,59.3,Watchlist,Sufficiently Trained,Recent Manager Transition,Regular Annual Review,0,2,-2.491,-0.216,0.048,Early-Career Explorers
PANW-1373,27,0,Travel_Rarely,1469,Research & Development,1,2,Medical,4,Male,82,3,1,Laboratory Technician,2,Divorced,3816,17881,1,No,11,3,2,1,5,2,3,5,2,0,4,0.0,0.333,0.333,1.333,0.667,2,0.167,1.18,2.75,Growth Stage (3-6 yrs),22.1,Low Risk,62.7,Watchlist,Moderate Development Need,Stable Leadership Continuity,Regular Annual Review,1,4,-1.155,-0.364,-0.929,Fast-Track Performers
PANW-1374,28,0,Travel_Rarely,304,Sales,9,4,Life Sciences,2,Male,92,3,2,Sales Executive,4,Single,5253,20750,1,No,16,3,4,0,7,1,3,7,5,0,7,0.0,0.625,0.125,1.167,0.875,5,0.25,0.76,3.25,Established Stage (7-12 yrs),31.2,Medium Risk,65.9,Watchlist,Moderate Development Need,Stable Leadership Continuity,Lateral Role Rotation / New Project,1,1,0.08,0.022,-1.271,Fast-Track Performers
PANW-1375,49,0,Travel_Rarely,1261,Research & Development,7,3,Other,2,Male,31,2,3,Healthcare Representative,3,Single,10965,12066,8,No,24,4,3,0,26,2,3,5,2,0,0,0.0,0.333,0.333,0.0,0.0,2,0.111,1.46,2.75,Growth Stage (3-6 yrs),18.3,Low Risk,63.9,Watchlist,Moderate Development Need,Recent Manager Transition,Regular Annual Review,1,1,-0.31,-1.376,-0.932,Fast-Track Performers
PANW-1376,51,0,Travel_Rarely,1178,Sales,14,2,Life Sciences,3,Female,87,3,2,Sales Executive,4,Married,4936,14862,4,No,11,3,3,1,18,2,2,7,7,0,7,0.0,0.875,0.25,0.875,0.875,7,0.105,0.71,3.0,Established Stage (7-12 yrs),43.8,Medium Risk,70.3,Immediate Action,Moderate Development Need,Stable Leadership Continuity,Lateral Role Rotation / New Project,3,1,1.179,0.113,-1.828,High-Risk Stagnation Profiles
PANW-1377,36,0,Travel_Rarely,329,Research & Development,2,3,Life Sciences,4,Female,96,3,1,Research Scientist,3,Married,2543,11868,4,No,13,3,2,1,6,3,3,2,2,2,2,0.667,0.667,1.0,0.667,0.667,0,0.143,0.78,3.0,Early Stage (0-2 yrs),33.7,Medium Risk,66.8,Watchlist,Sufficiently Trained,Moderate Manager Continuity,Regular Annual Review,1,4,-0.868,1.596,0.653,Fast-Track Performers
PANW-1378,34,1,Non-Travel,1362,Sales,19,3,Marketing,1,Male,67,4,2,Sales Executive,4,Single,5304,4652,8,Yes,13,3,2,0,9,3,2,5,2,0,4,0.0,0.333,0.5,1.333,0.667,2,0.2,0.77,2.25,Growth Stage (3-6 yrs),14.6,Low Risk,38.9,Already Attrited,Sufficiently Trained,Stable Leadership Continuity,Exit Analysis & Knowledge Transfer,1,4,-0.881,-0.891,-0.627,Fast-Track Performers
PANW-1379,55,0,Travel_Rarely,1311,Research & Development,2,3,Life Sciences,3,Female,97,3,4,Manager,4,Single,16659,23258,2,Yes,13,3,3,0,30,2,3,5,4,1,2,0.167,0.667,0.333,0.4,0.333,3,0.129,0.97,3.25,Growth Stage (3-6 yrs),32.7,Medium Risk,66.4,Watchlist,Moderate Development Need,Moderate Manager Continuity,Lateral Role Rotation / New Project,3,1,1.104,-1.116,-0.406,High-Risk Stagnation Profiles
PANW-1380,24,0,Travel_Rarely,1371,Sales,10,4,Marketing,4,Female,77,3,2,Sales Executive,3,Divorced,4260,5915,1,Yes,12,3,4,1,5,2,4,5,2,0,3,0.0,0.333,0.333,1.0,0.5,2,0.333,0.62,3.75,Growth Stage (3-6 yrs),18.3,Low Risk,61.4,Watchlist,Moderate Development Need,Moderate Manager Continuity,Regular Annual Review,1,4,-1.376,-0.498,-0.28,Fast-Track Performers
PANW-1381,30,0,Travel_Rarely,202,Sales,2,1,Technical Degree,3,Male,72,3,1,Sales Representative,2,Married,2476,17434,1,No,18,3,1,1,1,3,3,1,0,0,0,0.0,0.0,1.5,0.0,0.0,0,0.5,0.94,2.25,Early Stage (0-2 yrs),7.5,Low Risk,57.6,Watchlist,Sufficiently Trained,Recent Manager Transition,Regular Annual Review,0,2,-3.829,-0.27,0.948,Early-Career Explorers
PANW-1382,26,1,Travel_Frequently,575,Research & Development,3,1,Technical Degree,3,Male,73,3,1,Research Scientist,1,Single,3102,6582,0,No,22,4,3,0,7,2,3,6,4,0,4,0.0,0.571,0.286,0.8,0.571,4,0.125,0.96,2.5,Growth Stage (3-6 yrs),38.0,Medium Risk,49.6,Already Attrited,Moderate Development Need,Stable Leadership Continuity,Exit Analysis & Knowledge Transfer,1,4,-0.605,0.41,-1.71,Fast-Track Performers
PANW-1383,22,0,Travel_Rarely,253,Research & Development,11,3,Medical,1,Female,43,3,1,Research Scientist,2,Married,2244,24440,1,No,13,3,4,1,2,1,3,2,1,1,2,0.333,0.333,0.333,1.0,0.667,0,0.333,0.69,2.5,Early Stage (0-2 yrs),22.5,Low Risk,62.9,Watchlist,Moderate Development Need,Moderate Manager Continuity,Upskilling & Training Program,1,4,-1.815,0.56,0.44,Fast-Track Performers
PANW-1384,36,0,Travel_Rarely,164,Sales,2,2,Medical,2,Male,61,2,3,Sales Executive,3,Married,7596,3809,1,No,13,3,2,2,10,2,3,10,9,9,0,0.818,0.818,0.182,0.0,0.0,0,0.273,1.1,2.5,Established Stage (7-12 yrs),80.7,High Risk,79.5,Immediate Action,Moderate Development Need,Recent Manager Transition,Promotion & Compensation Review,3,0,1.828,2.272,2.035,High-Risk Stagnation Profiles
PANW-1385,30,1,Travel_Frequently,464,Research & Development,4,3,Technical Degree,3,Male,40,3,1,Research Scientist,4,Single,2285,3427,9,Yes,23,4,3,0,3,4,3,1,0,0,0,0.0,0.0,2.0,0.0,0.0,0,0.25,0.71,3.25,Early Stage (0-2 yrs),0.0,Low Risk,36.2,Already Attrited,Sufficiently Trained,Recent Manager Transition,Exit Analysis & Knowledge Transfer,0,2,-3.5,-0.468,0.324,Early-Career Explorers
PANW-1386,37,0,Travel_Rarely,1107,Research & Development,14,3,Life Sciences,4,Female,95,3,1,Laboratory Technician,1,Divorced,3034,26914,1,No,12,3,3,1,18,2,2,18,7,12,17,0.632,0.368,0.105,2.125,0.895,-5,0.053,0.94,2.5,Veteran Stage (13+ yrs),77.3,High Risk,82.1,Immediate Action,Moderate Development Need,Prolonged Stagnant Manager Dyad,Promotion & Compensation Review,2,0,4.29,0.01,1.361,Stable Long-Term Contributors
PANW-1387,40,0,Travel_Rarely,759,Sales,2,2,Marketing,4,Female,46,3,2,Sales Executive,2,Divorced,5715,22553,7,No,12,3,3,2,8,5,3,5,4,1,3,0.167,0.667,0.833,0.6,0.5,3,0.222,0.83,3.0,Growth Stage (3-6 yrs),40.2,Medium Risk,69.1,Watchlist,Sufficiently Trained,Moderate Manager Continuity,Lateral Role Rotation / New Project,1,4,-0.576,0.484,-0.309,Fast-Track Performers
PANW-1388,42,0,Travel_Rarely,201,Research & Development,1,4,Life Sciences,2,Female,95,3,1,Laboratory Technician,1,Divorced,2576,20490,3,No,16,3,2,1,8,5,3,5,2,1,2,0.167,0.333,0.833,0.667,0.333,1,0.111,0.8,2.0,Growth Stage (3-6 yrs),29.3,Low Risk,65.3,Watchlist,Sufficiently Trained,Moderate Manager Continuity,Regular Annual Review,1,4,-1.223,0.03,-0.419,Fast-Track Performers
PANW-1389,37,0,Travel_Rarely,1305,Research & Development,10,4,Life Sciences,3,Male,49,3,2,Manufacturing Director,2,Single,4197,21123,2,Yes,12,3,4,0,18,2,2,1,0,0,1,0.0,0.0,1.0,1.0,0.5,0,0.105,0.58,2.75,Early Stage (0-2 yrs),7.5,Low Risk,57.6,Watchlist,Moderate Development Need,Recent Manager Transition,Regular Annual Review,1,2,-1.641,-1.936,-0.081,Fast-Track Performers
PANW-1390,43,0,Travel_Rarely,982,Research & Development,12,3,Life Sciences,1,Male,59,2,4,Research Director,2,Divorced,14336,4345,1,No,11,3,3,1,25,3,3,25,10,3,9,0.115,0.385,0.115,0.818,0.346,7,0.154,0.89,2.25,Veteran Stage (13+ yrs),52.6,Medium Risk,69.7,Watchlist,Sufficiently Trained,Stable Leadership Continuity,Regular Annual Review,2,1,3.613,-1.836,-0.26,Stable Long-Term Contributors
PANW-1391,40,0,Travel_Rarely,555,Research & Development,2,3,Medical,2,Female,78,2,2,Laboratory Technician,3,Married,3448,13436,6,No,22,4,2,1,20,3,3,1,0,0,0,0.0,0.0,1.5,0.0,0.0,0,0.095,1.07,2.5,Early Stage (0-2 yrs),3.8,Low Risk,58.8,Watchlist,Sufficiently Trained,Recent Manager Transition,Regular Annual Review,0,2,-2.021,-1.618,-0.11,Early-Career Explorers
PANW-1392,54,0,Travel_Rarely,821,Research & Development,5,2,Medical,1,Male,86,3,5,Research Director,1,Married,19406,8509,4,No,11,3,3,1,24,4,2,4,2,1,2,0.2,0.4,0.8,0.667,0.4,1,0.2,1.21,1.75,Growth Stage (3-6 yrs),31.0,Medium Risk,65.8,Watchlist,Sufficiently Trained,Moderate Manager Continuity,Regular Annual Review,1,1,0.328,-1.911,0.669,Fast-Track Performers
PANW-1393,34,0,Non-Travel,1381,Sales,4,4,Marketing,3,Female,72,3,2,Sales Executive,3,Married,6538,12740,9,No,15,3,1,1,6,3,3,3,2,1,2,0.25,0.5,0.75,0.667,0.5,1,0.286,0.94,2.5,Growth Stage (3-6 yrs),26.0,Low Risk,64.1,Watchlist,Sufficiently Trained,Moderate Manager Continuity,Regular Annual Review,1,4,-1.282,0.348,0.22,Fast-Track Performers
PANW-1394,31,0,Travel_Rarely,480,Research & Development,7,2,Medical,2,Female,31,3,2,Manufacturing Director,1,Married,4306,4156,1,No,12,3,2,1,13,5,1,13,10,3,12,0.214,0.714,0.357,1.091,0.857,7,0.143,0.59,1.5,Veteran Stage (13+ yrs),64.6,High Risk,77.6,Immediate Action,Sufficiently Trained,Stable Leadership Continuity,Promotion & Compensation Review,3,1,2.445,0.348,-0.837,High-Risk Stagnation Profiles
PANW-1395,43,0,Travel_Frequently,313,Research & Development,21,3,Medical,4,Male,61,3,1,Laboratory Technician,4,Married,2258,15238,7,No,20,4,1,1,8,1,3,3,2,1,2,0.25,0.5,0.25,0.667,0.5,1,0.111,0.7,3.0,Growth Stage (3-6 yrs),22.2,Low Risk,69.0,Watchlist,Moderate Development Need,Moderate Manager Continuity,Upskilling & Training Program,1,4,-0.922,0.654,-0.818,Fast-Track Performers
PANW-1396,43,0,Travel_Rarely,1473,Research & Development,8,4,Other,3,Female,74,3,2,Healthcare Representative,3,Divorced,4522,2227,4,Yes,14,3,4,0,8,3,3,5,2,0,2,0.0,0.333,0.5,0.667,0.333,2,0.222,0.6,3.25,Growth Stage (3-6 yrs),18.3,Low Risk,61.4,Watchlist,Sufficiently Trained,Moderate Manager Continuity,Regular Annual Review,1,4,-1.263,-0.537,-0.544,Fast-Track Performers
PANW-1397,25,0,Travel_Rarely,891,Sales,4,2,Life Sciences,2,Female,99,2,2,Sales Executive,4,Single,4487,12090,1,Yes,11,3,2,0,5,3,3,5,4,1,3,0.167,0.667,0.5,0.6,0.5,3,0.333,0.65,2.75,Growth Stage (3-6 yrs),32.7,Medium Risk,62.7,Watchlist,Sufficiently Trained,Moderate Manager Continuity,Lateral Role Rotation / New Project,1,4,-0.769,0.701,-0.125,Fast-Track Performers
PANW-1398,37,0,Non-Travel,1063,Research & Development,25,5,Medical,2,Female,72,3,2,Research Scientist,3,Married,4449,23866,3,Yes,15,3,1,2,15,2,3,13,11,10,7,0.714,0.786,0.143,0.583,0.5,1,0.125,1.37,2.25,Veteran Stage (13+ yrs),83.4,High Risk,84.2,Immediate Action,Moderate Development Need,Prolonged Stagnant Manager Dyad,Promotion & Compensation Review,3,0,3.303,1.873,1.113,High-Risk Stagnation Profiles
PANW-1399,31,0,Travel_Rarely,329,Research & Development,1,2,Life Sciences,4,Male,98,2,1,Laboratory Technician,1,Married,2218,16193,1,No,12,3,3,1,4,3,3,4,2,3,2,0.6,0.4,0.6,0.667,0.4,-1,0.2,0.69,2.75,Growth Stage (3-6 yrs),38.0,Medium Risk,64.6,Watchlist,Sufficiently Trained,Moderate Manager Continuity,Regular Annual Review,1,4,-0.929,1.128,0.977,Fast-Track Performers
PANW-1400,39,0,Travel_Frequently,1218,Research & Development,1,1,Life Sciences,2,Male,52,3,5,Manager,3,Divorced,19197,8213,1,Yes,14,3,3,1,21,3,3,21,8,1,6,0.045,0.364,0.136,0.667,0.273,7,0.227,1.12,2.75,Veteran Stage (13+ yrs),41.4,Medium Risk,69.5,Watchlist,Sufficiently Trained,Stable Leadership Continuity,Regular Annual Review,2,1,2.446,-2.08,-0.261,Stable Long-Term Contributors
PANW-1401,56,0,Travel_Frequently,906,Sales,6,3,Life Sciences,3,Female,86,4,4,Sales Executive,1,Married,13212,18256,9,No,11,3,4,3,36,0,2,7,7,7,7,0.875,0.875,0.0,0.875,0.875,0,0.108,1.91,2.5,Established Stage (7-12 yrs),79.5,High Risk,86.6,Immediate Action,High Development Need,Prolonged Stagnant Manager Dyad,Promotion & Compensation Review,2,0,3.9,0.206,1.424,Stable Long-Term Contributors
PANW-1402,30,0,Travel_Rarely,1082,Sales,12,3,Technical Degree,2,Female,83,3,2,Sales Executive,3,Single,6577,19558,0,No,11,3,2,0,6,6,3,5,4,4,4,0.667,0.667,1.0,0.8,0.667,0,0.286,0.95,2.5,Growth Stage (3-6 yrs),46.9,Medium Risk,71.4,Immediate Action,Sufficiently Trained,Stable Leadership Continuity,Lateral Role Rotation / New Project,1,4,-0.041,1.341,1.484,Fast-Track Performers
PANW-1403,41,0,Travel_Rarely,645,Sales,1,3,Marketing,2,Male,49,4,3,Sales Executive,1,Married,8392,19566,1,No,16,3,3,1,10,2,3,10,7,0,7,0.0,0.636,0.182,0.875,0.636,7,0.273,1.21,2.25,Established Stage (7-12 yrs),49.0,Medium Risk,75.9,Immediate Action,Moderate Development Need,Stable Leadership Continuity,Lateral Role Rotation / New Project,3,1,0.769,-0.286,-1.092,High-Risk Stagnation Profiles
PANW-1404,28,0,Travel_Rarely,1300,Research & Development,17,2,Medical,3,Male,79,3,2,Laboratory Technician,1,Divorced,4558,13535,1,No,12,3,4,1,10,2,3,10,0,1,8,0.091,0.0,0.182,8.0,0.727,-1,0.182,1.41,2.75,Established Stage (7-12 yrs),14.8,Low Risk,60.2,Watchlist,Moderate Development Need,Stable Leadership Continuity,Regular Annual Review,4,3,0.566,-4.222,-0.063,Promotion-Stalled Employees
PANW-1405,25,1,Travel_Rarely,688,Research & Development,3,3,Medical,1,Male,91,3,1,Laboratory Technician,1,Married,4031,9396,5,No,13,3,3,1,6,5,3,2,2,0,2,0.0,0.667,1.667,0.667,0.667,2,0.143,1.25,2.0,Early Stage (0-2 yrs),34.2,Medium Risk,42.0,Already Attrited,Sufficiently Trained,Moderate Manager Continuity,Exit Analysis & Knowledge Transfer,1,4,-1.848,0.446,-0.756,Fast-Track Performers
PANW-1406,52,0,Travel_Rarely,319,Research & Development,3,3,Medical,4,Male,39,2,3,Manufacturing Director,3,Married,7969,19609,2,Yes,14,3,3,0,28,4,3,5,4,0,4,0.0,0.667,0.667,0.8,0.667,4,0.103,1.09,3.25,Growth Stage (3-6 yrs),32.9,Medium Risk,62.8,Watchlist,Sufficiently Trained,Stable Leadership Continuity,Lateral Role Rotation / New Project,1,1,0.709,-1.205,-1.084,Fast-Track Performers
PANW-1407,45,0,Travel_Rarely,192,Research & Development,10,2,Life Sciences,1,Male,69,3,1,Research Scientist,4,Married,2654,9655,3,No,21,4,4,2,8,3,2,2,2,0,2,0.0,0.667,1.0,0.667,0.667,2,0.111,0.82,2.75,Early Stage (0-2 yrs),22.9,Low Risk,69.3,Watchlist,Sufficiently Trained,Moderate Manager Continuity,Regular Annual Review,1,4,-1.456,0.508,-1.368,Fast-Track Performers
PANW-1408,52,0,Travel_Rarely,1490,Research & Development,4,2,Life Sciences,4,Female,30,3,4,Manager,4,Married,16555,10310,2,No,13,3,4,0,31,2,1,5,2,1,4,0.167,0.333,0.333,1.333,0.667,1,0.125,0.96,3.25,Growth Stage (3-6 yrs),18.1,Low Risk,61.3,Watchlist,Moderate Development Need,Stable Leadership Continuity,Regular Annual Review,1,1,0.984,-2.346,-0.0,Fast-Track Performers
PANW-1409,42,0,Travel_Frequently,532,Research & Development,29,2,Life Sciences,1,Female,92,3,2,Research Scientist,3,Divorced,4556,12932,2,No,11,3,2,1,19,3,3,5,4,0,2,0.0,0.667,0.5,0.4,0.333,4,0.1,1.41,2.25,Growth Stage (3-6 yrs),32.9,Medium Risk,66.5,Watchlist,Sufficiently Trained,Moderate Manager Continuity,Lateral Role Rotation / New Project,1,4,-0.089,-0.245,-1.242,Fast-Track Performers
PANW-1410,30,0,Travel_Rarely,317,Research & Development,2,3,Life Sciences,3,Female,43,1,2,Manufacturing Director,4,Single,6091,24793,2,No,20,4,3,0,11,2,3,5,4,0,2,0.0,0.667,0.333,0.4,0.333,4,0.167,0.83,3.25,Growth Stage (3-6 yrs),29.2,Low Risk,64.0,Watchlist,Moderate Development Need,Moderate Manager Continuity,Lateral Role Rotation / New Project,1,4,-0.524,0.272,-1.394,Fast-Track Performers
PANW-1411,60,0,Travel_Rarely,422,Research & Development,7,3,Life Sciences,1,Female,41,3,5,Manager,1,Married,19566,3854,5,No,11,3,4,0,33,5,1,29,8,11,10,0.367,0.267,0.167,1.111,0.333,-3,0.147,1.14,1.75,Veteran Stage (13+ yrs),77.9,High Risk,82.3,Immediate Action,Sufficiently Trained,Prolonged Stagnant Manager Dyad,Promotion & Compensation Review,2,0,5.288,-2.401,1.952,Stable Long-Term Contributors
PANW-1412,46,0,Travel_Rarely,1485,Research & Development,18,3,Medical,3,Female,87,3,2,Manufacturing Director,3,Divorced,4810,26314,2,No,14,3,3,1,19,5,2,10,7,0,8,0.0,0.636,0.455,1.0,0.727,7,0.1,0.66,2.75,Established Stage (7-12 yrs),41.5,Medium Risk,69.5,Watchlist,Sufficiently Trained,Stable Leadership Continuity,Lateral Role Rotation / New Project,3,1,1.246,-0.56,-1.571,High-Risk Stagnation Profiles
PANW-1413,42,0,Travel_Frequently,1368,Research & Development,28,4,Technical Degree,4,Female,88,2,2,Healthcare Representative,4,Married,4523,4386,0,No,11,3,4,3,7,4,4,6,5,0,4,0.0,0.714,0.571,0.667,0.571,5,0.25,0.6,4.0,Growth Stage (3-6 yrs),33.5,Medium Risk,63.0,Watchlist,Sufficiently Trained,Stable Leadership Continuity,Lateral Role Rotation / New Project,1,4,-0.456,0.363,-0.957,Fast-Track Performers
PANW-1414,24,1,Travel_Rarely,1448,Sales,1,1,Technical Degree,1,Female,62,3,1,Sales Representative,2,Single,3202,21972,1,Yes,16,3,2,0,6,4,3,5,3,1,4,0.167,0.5,0.667,1.0,0.667,2,0.143,1.22,2.0,Growth Stage (3-6 yrs),32.9,Medium Risk,41.5,Already Attrited,Sufficiently Trained,Stable Leadership Continuity,Exit Analysis & Knowledge Transfer,1,4,-0.798,0.391,-0.691,Fast-Track Performers
PANW-1415,34,1,Travel_Frequently,296,Sales,6,2,Marketing,4,Female,33,1,1,Sales Representative,3,Divorced,2351,12253,0,No,16,3,4,1,3,3,2,2,2,1,0,0.333,0.667,1.0,0.0,0.0,1,0.25,0.9,3.25,Early Stage (0-2 yrs),30.2,Medium Risk,33.1,Already Attrited,Sufficiently Trained,Recent Manager Transition,Exit Analysis & Knowledge Transfer,1,4,-1.855,1.564,0.062,Fast-Track Performers
PANW-1416,38,0,Travel_Frequently,1490,Research & Development,2,2,Life Sciences,4,Male,42,3,1,Laboratory Technician,4,Married,1702,12106,1,Yes,23,4,3,1,1,3,3,1,0,0,0,0.0,0.0,1.5,0.0,0.0,0,0.5,0.53,3.5,Early Stage (0-2 yrs),0.0,Low Risk,61.2,Watchlist,Sufficiently Trained,Recent Manager Transition,Regular Annual Review,0,2,-3.852,-0.223,0.815,Early-Career Explorers
PANW-1417,40,0,Travel_Rarely,1398,Sales,2,4,Life Sciences,3,Female,79,3,5,Manager,3,Married,18041,13022,0,No,14,3,4,0,21,2,3,20,15,1,12,0.048,0.714,0.095,0.75,0.571,14,0.227,1.05,3.25,Veteran Stage (13+ yrs),50.1,Medium Risk,72.5,Immediate Action,Moderate Development Need,Stable Leadership Continuity,Lateral Role Rotation / New Project,2,1,4.089,-1.058,-1.111,Stable Long-Term Contributors
PANW-1418,26,0,Travel_Rarely,1349,Research & Development,23,3,Life Sciences,1,Female,90,3,1,Research Scientist,4,Divorced,2886,3032,1,No,22,4,2,2,3,3,1,3,2,0,2,0.0,0.5,0.75,0.667,0.5,2,0.25,0.89,2.0,Growth Stage (3-6 yrs),18.8,Low Risk,67.8,Watchlist,Sufficiently Trained,Moderate Manager Continuity,Regular Annual Review,1,4,-1.907,0.479,-0.932,Fast-Track Performers
PANW-1419,30,0,Non-Travel,1400,Research & Development,3,3,Life Sciences,3,Male,53,3,1,Laboratory Technician,4,Married,2097,16734,4,No,15,3,3,1,9,3,1,5,3,1,4,0.167,0.5,0.5,1.0,0.667,2,0.1,0.65,2.75,Growth Stage (3-6 yrs),25.4,Low Risk,63.9,Watchlist,Sufficiently Trained,Stable Leadership Continuity,Regular Annual Review,1,4,-0.514,0.246,-0.857,Fast-Track Performers
PANW-1420,29,0,Travel_Rarely,986,Research & Development,3,4,Medical,2,Male,93,2,3,Research Director,3,Married,11935,21526,1,No,18,3,3,0,10,2,3,10,2,0,7,0.0,0.182,0.182,2.333,0.636,2,0.273,0.74,2.75,Established Stage (7-12 yrs),14.6,Low Risk,56.4,Watchlist,Moderate Development Need,Stable Leadership Continuity,Regular Annual Review,1,4,0.021,-2.032,-0.42,Fast-Track Performers
PANW-1421,29,1,Travel_Rarely,408,Research & Development,25,5,Technical Degree,3,Female,71,2,1,Research Scientist,2,Married,2546,18300,5,No,16,3,2,0,6,2,4,2,2,1,1,0.333,0.667,0.667,0.333,0.333,1,0.143,0.79,2.75,Early Stage (0-2 yrs),33.9,Medium Risk,38.1,Already Attrited,Moderate Development Need,Recent Manager Transition,Exit Analysis & Knowledge Transfer,1,4,-1.236,1.287,-0.421,Fast-Track Performers
PANW-1422,19,1,Travel_Rarely,489,Human Resources,2,2,Technical Degree,1,Male,52,2,1,Human Resources,4,Single,2564,18437,1,No,12,3,3,0,1,3,4,1,0,0,0,0.0,0.0,1.5,0.0,0.0,0,0.5,0.61,3.0,Early Stage (0-2 yrs),0.0,Low Risk,26.2,Already Attrited,Sufficiently Trained,Recent Manager Transition,Exit Analysis & Knowledge Transfer,0,2,-3.803,-0.327,1.107,Early-Career Explorers
PANW-1423,30,0,Non-Travel,1398,Sales,22,4,Other,3,Female,69,3,3,Sales Executive,1,Married,8412,2890,0,No,11,3,3,0,10,3,3,9,8,7,8,0.7,0.8,0.3,0.889,0.8,1,0.273,1.21,2.5,Established Stage (7-12 yrs),80.8,High Risk,83.3,Immediate Action,Sufficiently Trained,Prolonged Stagnant Manager Dyad,Promotion & Compensation Review,3,0,2.265,1.399,1.438,High-Risk Stagnation Profiles
PANW-1424,57,0,Travel_Rarely,210,Sales,29,3,Marketing,1,Male,56,2,4,Manager,4,Divorced,14118,22102,3,No,12,3,3,1,32,3,2,1,0,0,0,0.0,0.0,1.5,0.0,0.0,0,0.121,0.82,2.5,Early Stage (0-2 yrs),0.0,Low Risk,51.2,Watchlist,Sufficiently Trained,Recent Manager Transition,Regular Annual Review,1,2,-1.023,-2.965,0.606,Fast-Track Performers
PANW-1425,50,0,Travel_Rarely,1099,Research & Development,29,4,Life Sciences,2,Male,88,2,4,Manager,3,Married,17046,9314,0,No,15,3,2,1,28,2,3,27,10,15,7,0.536,0.357,0.071,0.636,0.25,-5,0.138,0.99,2.5,Veteran Stage (13+ yrs),72.7,High Risk,76.7,Immediate Action,Moderate Development Need,Prolonged Stagnant Manager Dyad,Promotion & Compensation Review,2,0,5.187,-0.729,2.474,Stable Long-Term Contributors
PANW-1426,30,0,Non-Travel,1116,Research & Development,2,3,Medical,3,Female,49,3,1,Laboratory Technician,4,Single,2564,7181,0,No,14,3,3,0,12,2,2,11,7,6,7,0.5,0.583,0.167,0.875,0.583,1,0.077,0.79,3.0,Established Stage (7-12 yrs),57.4,High Risk,75.1,Immediate Action,Moderate Development Need,Prolonged Stagnant Manager Dyad,Manager Mentorship & Skip-Level Check-in,3,1,1.753,1.107,0.135,High-Risk Stagnation Profiles
PANW-1427,60,0,Travel_Frequently,1499,Sales,28,3,Marketing,3,Female,80,2,3,Sales Executive,1,Married,10266,2845,4,No,19,3,4,0,22,5,4,18,13,13,11,0.684,0.684,0.263,0.786,0.579,0,0.13,1.48,3.0,Veteran Stage (13+ yrs),88.4,High Risk,82.2,Immediate Action,Sufficiently Trained,Prolonged Stagnant Manager Dyad,Promotion & Compensation Review,2,0,4.957,0.96,1.629,Stable Long-Term Contributors
PANW-1428,47,0,Travel_Rarely,983,Research & Development,2,2,Medical,1,Female,65,3,2,Manufacturing Director,4,Divorced,5070,7389,5,No,13,3,3,3,20,2,3,5,0,0,4,0.0,0.0,0.333,4.0,0.667,0,0.095,0.69,2.75,Growth Stage (3-6 yrs),0.0,Low Risk,55.0,Watchlist,Moderate Development Need,Stable Leadership Continuity,Regular Annual Review,4,4,-0.318,-3.22,-0.504,Promotion-Stalled Employees
PANW-1429,46,0,Travel_Rarely,1009,Research & Development,2,3,Life Sciences,1,Male,51,3,4,Research Director,3,Married,17861,2288,6,No,13,3,3,0,26,2,1,3,2,0,1,0.0,0.5,0.5,0.333,0.25,2,0.148,1.11,2.0,Growth Stage (3-6 yrs),22.5,Low Risk,62.9,Watchlist,Moderate Development Need,Recent Manager Transition,Regular Annual Review,1,1,0.003,-1.59,-0.505,Fast-Track Performers
PANW-1430,35,0,Travel_Rarely,144,Research & Development,22,3,Life Sciences,4,Male,46,1,1,Laboratory Technician,3,Single,4230,19225,0,No,15,3,3,0,6,2,3,5,4,4,3,0.667,0.667,0.333,0.6,0.5,0,0.143,1.31,3.25,Growth Stage (3-6 yrs),46.9,Medium Risk,63.9,Watchlist,Moderate Development Need,Moderate Manager Continuity,Lateral Role Rotation / New Project,1,4,0.118,1.862,0.505,Fast-Track Performers
PANW-1431,54,0,Travel_Rarely,548,Research & Development,8,4,Life Sciences,3,Female,42,3,2,Laboratory Technician,3,Single,3780,23428,7,No,11,3,3,0,19,3,3,1,0,0,0,0.0,0.0,1.5,0.0,0.0,0,0.1,1.17,3.0,Early Stage (0-2 yrs),3.8,Low Risk,56.3,Watchlist,Sufficiently Trained,Recent Manager Transition,Regular Annual Review,0,2,-2.024,-1.672,0.193,Early-Career Explorers
PANW-1432,34,0,Travel_Rarely,1303,Research & Development,2,4,Life Sciences,4,Male,62,2,1,Research Scientist,3,Divorced,2768,8416,3,No,12,3,3,1,14,3,3,7,3,5,7,0.625,0.375,0.375,1.75,0.875,-2,0.067,0.85,3.25,Established Stage (7-12 yrs),40.0,Medium Risk,65.2,Watchlist,Sufficiently Trained,Prolonged Stagnant Manager Dyad,Manager Mentorship & Skip-Level Check-in,3,0,1.01,0.199,0.763,High-Risk Stagnation Profiles
PANW-1433,46,0,Travel_Rarely,1125,Sales,10,3,Marketing,3,Female,94,2,3,Sales Executive,4,Married,9071,11563,2,Yes,19,3,3,1,15,3,3,3,2,1,2,0.25,0.5,0.75,0.667,0.5,1,0.188,1.31,3.25,Growth Stage (3-6 yrs),22.2,Low Risk,59.0,Watchlist,Sufficiently Trained,Moderate Manager Continuity,Regular Annual Review,1,4,-0.484,-0.42,0.025,Fast-Track Performers
PANW-1434,31,0,Travel_Rarely,1274,Research & Development,9,1,Life Sciences,3,Male,33,3,3,Manufacturing Director,2,Divorced,10648,14394,1,No,25,4,4,1,13,6,4,13,8,0,8,0.0,0.571,0.429,0.889,0.571,8,0.214,1.46,3.25,Veteran Stage (13+ yrs),46.8,Medium Risk,77.6,Immediate Action,Sufficiently Trained,Stable Leadership Continuity,Regular Annual Review,3,1,1.219,-0.571,-1.364,High-Risk Stagnation Profiles
PANW-1435,33,1,Travel_Rarely,1277,Research & Development,15,1,Medical,2,Male,56,3,3,Manager,3,Married,13610,24619,7,Yes,12,3,4,0,15,2,4,7,6,7,7,0.875,0.75,0.25,1.0,0.875,-1,0.188,0.79,3.25,Established Stage (7-12 yrs),65.8,High Risk,53.0,Already Attrited,Moderate Development Need,Prolonged Stagnant Manager Dyad,Exit Analysis & Knowledge Transfer,3,0,2.306,1.203,1.687,High-Risk Stagnation Profiles
PANW-1436,33,1,Travel_Rarely,587,Research & Development,10,1,Medical,1,Male,38,1,1,Laboratory Technician,4,Divorced,3408,6705,7,No,13,3,1,3,8,2,3,4,3,1,3,0.2,0.6,0.4,0.75,0.6,2,0.111,1.05,2.25,Growth Stage (3-6 yrs),27.9,Low Risk,32.3,Already Attrited,Moderate Development Need,Moderate Manager Continuity,Exit Analysis & Knowledge Transfer,1,4,-0.619,0.68,-0.844,Fast-Track Performers
PANW-1437,30,0,Travel_Rarely,413,Sales,7,1,Marketing,4,Male,57,3,1,Sales Representative,2,Single,2983,18398,0,No,14,3,1,0,4,3,3,3,2,1,2,0.25,0.5,0.75,0.667,0.5,1,0.2,1.14,2.5,Growth Stage (3-6 yrs),29.8,Low Risk,65.4,Watchlist,Sufficiently Trained,Moderate Manager Continuity,Regular Annual Review,1,4,-1.446,0.748,-0.177,Fast-Track Performers
PANW-1438,35,0,Travel_Rarely,1276,Research & Development,16,3,Life Sciences,4,Male,72,3,3,Healthcare Representative,3,Married,7632,14295,4,Yes,12,3,3,0,10,2,3,8,7,0,0,0.0,0.778,0.222,0.0,0.0,7,0.273,1.01,3.25,Established Stage (7-12 yrs),45.1,Medium Risk,70.8,Immediate Action,Moderate Development Need,Recent Manager Transition,Lateral Role Rotation / New Project,1,1,-0.09,0.476,-0.959,Fast-Track Performers
PANW-1439,31,1,Travel_Frequently,534,Research & Development,20,3,Life Sciences,1,Male,66,3,3,Healthcare Representative,3,Married,9824,22908,3,No,12,3,1,0,12,2,3,1,0,0,0,0.0,0.0,1.0,0.0,0.0,0,0.231,1.3,2.0,Early Stage (0-2 yrs),3.8,Low Risk,31.3,Already Attrited,Moderate Development Need,Recent Manager Transition,Exit Analysis & Knowledge Transfer,0,2,-2.114,-1.552,0.452,Early-Career Explorers
PANW-1440,34,1,Travel_Frequently,988,Human Resources,23,3,Human Resources,2,Female,43,3,3,Human Resources,1,Divorced,9950,11533,9,Yes,15,3,3,3,11,2,3,3,2,0,2,0.0,0.5,0.5,0.667,0.5,2,0.25,2.35,2.25,Growth Stage (3-6 yrs),30.0,Medium Risk,40.5,Already Attrited,Moderate Development Need,Moderate Manager Continuity,Exit Analysis & Knowledge Transfer,1,4,-0.935,-0.618,-0.506,Fast-Track Performers
PANW-1441,42,0,Travel_Frequently,1474,Research & Development,5,2,Other,2,Male,97,3,1,Laboratory Technician,3,Married,2093,9260,4,No,17,3,4,1,8,4,3,2,2,2,0,0.667,0.667,1.333,0.0,0.0,0,0.111,0.65,3.0,Early Stage (0-2 yrs),33.7,Medium Risk,66.8,Watchlist,Sufficiently Trained,Recent Manager Transition,Regular Annual Review,1,4,-1.174,1.77,0.666,Fast-Track Performers
PANW-1442,36,0,Non-Travel,635,Sales,10,4,Medical,2,Male,32,3,3,Sales Executive,4,Single,9980,15318,1,No,14,3,4,0,10,3,2,10,3,9,7,0.818,0.273,0.273,1.75,0.636,-6,0.273,1.44,3.0,Established Stage (7-12 yrs),47.7,Medium Risk,71.7,Immediate Action,Sufficiently Trained,Prolonged Stagnant Manager Dyad,Manager Mentorship & Skip-Level Check-in,3,0,1.641,0.008,2.747,High-Risk Stagnation Profiles
PANW-1443,22,1,Travel_Frequently,1368,Research & Development,4,1,Technical Degree,3,Male,99,2,1,Laboratory Technician,3,Single,3894,9129,5,No,16,3,3,0,4,3,3,2,2,1,2,0.333,0.667,1.0,0.667,0.667,1,0.2,1.2,3.0,Early Stage (0-2 yrs),30.2,Medium Risk,36.8,Already Attrited,Sufficiently Trained,Moderate Manager Continuity,Exit Analysis & Knowledge Transfer,1,4,-1.424,1.21,-0.129,Fast-Track Performers
PANW-1444,48,0,Travel_Rarely,163,Sales,2,5,Marketing,2,Female,37,3,2,Sales Executive,4,Married,4051,19658,2,No,14,3,1,1,14,2,3,9,7,6,7,0.6,0.7,0.2,0.875,0.7,1,0.133,0.59,2.5,Established Stage (7-12 yrs),60.4,High Risk,76.1,Immediate Action,Moderate Development Need,Prolonged Stagnant Manager Dyad,Promotion & Compensation Review,3,0,2.007,1.113,0.561,High-Risk Stagnation Profiles
PANW-1445,55,0,Travel_Rarely,1117,Sales,18,5,Life Sciences,1,Female,83,3,4,Manager,2,Single,16835,9873,3,No,23,4,4,0,37,2,3,10,9,7,7,0.636,0.818,0.182,0.7,0.636,2,0.105,0.98,2.5,Established Stage (7-12 yrs),77.4,High Risk,88.3,Immediate Action,Moderate Development Need,Prolonged Stagnant Manager Dyad,Promotion & Compensation Review,2,1,3.98,-0.099,0.67,Stable Long-Term Contributors
PANW-1446,41,0,Non-Travel,267,Sales,10,2,Life Sciences,4,Male,56,3,2,Sales Executive,4,Single,6230,13430,7,No,14,3,4,0,16,3,3,14,3,1,10,0.067,0.2,0.2,2.5,0.667,2,0.118,0.9,3.75,Veteran Stage (13+ yrs),17.9,Low Risk,61.3,Watchlist,Sufficiently Trained,Stable Leadership Continuity,Regular Annual Review,3,1,1.206,-2.055,-0.73,High-Risk Stagnation Profiles
PANW-1447,35,0,Travel_Rarely,619,Sales,1,3,Marketing,2,Male,85,3,2,Sales Executive,3,Married,4717,18659,9,No,11,3,3,0,15,2,3,11,9,6,9,0.5,0.75,0.167,0.9,0.75,3,0.125,0.68,2.75,Established Stage (7-12 yrs),68.5,High Risk,79.0,Immediate Action,Moderate Development Need,Prolonged Stagnant Manager Dyad,Promotion & Compensation Review,3,1,2.619,1.018,0.209,High-Risk Stagnation Profiles
PANW-1448,40,0,Travel_Rarely,302,Research & Development,6,3,Life Sciences,2,Female,75,3,4,Manufacturing Director,3,Single,13237,20364,7,No,15,3,3,0,22,3,3,20,6,5,13,0.238,0.286,0.143,1.857,0.619,1,0.174,1.81,2.75,Veteran Stage (13+ yrs),47.2,Medium Risk,71.5,Immediate Action,Sufficiently Trained,Prolonged Stagnant Manager Dyad,Manager Mentorship & Skip-Level Check-in,2,1,3.43,-2.16,0.446,Stable Long-Term Contributors
PANW-1449,39,0,Travel_Frequently,443,Research & Development,8,1,Life Sciences,3,Female,48,3,1,Laboratory Technician,3,Married,3755,17872,1,No,11,3,1,1,8,3,3,8,3,0,7,0.0,0.333,0.333,1.75,0.778,3,0.111,1.16,2.5,Established Stage (7-12 yrs),21.5,Low Risk,62.5,Watchlist,Sufficiently Trained,Stable Leadership Continuity,Regular Annual Review,1,4,-0.25,-0.759,-1.192,Fast-Track Performers
PANW-1450,31,0,Travel_Rarely,828,Sales,2,1,Life Sciences,2,Male,77,3,2,Sales Executive,4,Single,6582,8346,4,Yes,13,3,3,0,10,2,4,6,5,0,5,0.0,0.714,0.286,0.833,0.714,5,0.182,0.95,3.25,Growth Stage (3-6 yrs),33.5,Medium Risk,66.7,Watchlist,Moderate Development Need,Stable Leadership Continuity,Lateral Role Rotation / New Project,1,4,0.039,0.174,-1.357,Fast-Track Performers
PANW-1451,42,0,Travel_Rarely,319,Research & Development,24,3,Medical,4,Male,56,3,3,Manufacturing Director,1,Married,7406,6950,1,Yes,21,4,4,1,10,5,2,10,9,5,8,0.455,0.818,0.455,0.8,0.727,4,0.273,1.02,2.75,Established Stage (7-12 yrs),74.2,High Risk,87.2,Immediate Action,Sufficiently Trained,Prolonged Stagnant Manager Dyad,Promotion & Compensation Review,3,0,1.945,1.125,0.349,High-Risk Stagnation Profiles
PANW-1452,45,0,Travel_Rarely,561,Sales,2,3,Other,4,Male,61,3,2,Sales Executive,2,Married,4805,16177,0,No,19,3,2,1,9,3,4,8,7,3,7,0.333,0.778,0.333,0.875,0.778,4,0.2,0.69,3.0,Established Stage (7-12 yrs),59.3,High Risk,75.8,Immediate Action,Sufficiently Trained,Stable Leadership Continuity,Lateral Role Rotation / New Project,3,0,1.084,1.051,-0.465,High-Risk Stagnation Profiles
PANW-1453,26,1,Travel_Frequently,426,Human Resources,17,4,Life Sciences,2,Female,58,3,1,Human Resources,3,Divorced,2741,22808,0,Yes,11,3,2,1,8,2,2,7,7,1,0,0.125,0.875,0.25,0.0,0.0,6,0.111,0.65,2.25,Established Stage (7-12 yrs),51.0,Medium Risk,47.8,Already Attrited,Moderate Development Need,Recent Manager Transition,Exit Analysis & Knowledge Transfer,1,1,-0.157,1.637,-1.418,Fast-Track Performers
PANW-1454,29,0,Travel_Rarely,232,Research & Development,19,3,Technical Degree,4,Male,34,3,2,Manufacturing Director,4,Divorced,4262,22645,4,No,12,3,2,2,8,2,4,3,2,1,2,0.25,0.5,0.5,0.667,0.5,1,0.222,0.58,3.5,Growth Stage (3-6 yrs),22.2,Low Risk,62.8,Watchlist,Moderate Development Need,Moderate Manager Continuity,Regular Annual Review,1,4,-0.956,0.238,0.002,Fast-Track Performers
PANW-1455,33,0,Travel_Rarely,922,Research & Development,1,5,Medical,1,Female,95,4,4,Research Director,3,Divorced,16184,22578,4,No,19,3,3,1,10,2,3,6,1,0,5,0.0,0.143,0.286,2.5,0.714,1,0.364,1.01,2.5,Growth Stage (3-6 yrs),10.4,Low Risk,62.4,Watchlist,Moderate Development Need,Stable Leadership Continuity,Regular Annual Review,1,4,-0.546,-2.406,0.162,Fast-Track Performers
PANW-1456,31,0,Travel_Rarely,688,Sales,7,3,Life Sciences,3,Male,44,2,3,Manager,4,Divorced,11557,25291,9,No,21,4,3,1,10,3,2,5,4,0,1,0.0,0.667,0.5,0.2,0.167,4,0.273,0.67,3.0,Growth Stage (3-6 yrs),29.2,Low Risk,67.7,Watchlist,Sufficiently Trained,Recent Manager Transition,Lateral Role Rotation / New Project,1,4,-0.726,0.095,-0.846,Fast-Track Performers
PANW-1457,18,1,Travel_Frequently,1306,Sales,5,3,Marketing,2,Male,69,3,1,Sales Representative,2,Single,1878,8059,1,Yes,14,3,4,0,0,3,3,0,0,0,0,0.0,0.0,3.0,0.0,0.0,0,1.0,0.72,2.75,Early Stage (0-2 yrs),7.5,Low Risk,32.6,Already Attrited,Sufficiently Trained,Recent Manager Transition,Exit Analysis & Knowledge Transfer,0,2,-5.514,-0.289,3.223,Early-Career Explorers
PANW-1458,40,0,Non-Travel,1094,Sales,28,3,Other,3,Male,58,1,3,Sales Executive,1,Divorced,10932,11373,3,No,15,3,3,1,20,2,3,1,0,0,1,0.0,0.0,1.0,1.0,0.5,0,0.143,1.58,2.5,Early Stage (0-2 yrs),11.2,Low Risk,51.4,Watchlist,Moderate Development Need,Recent Manager Transition,Regular Annual Review,1,2,-1.394,-2.332,0.122,Fast-Track Performers
PANW-1459,41,0,Non-Travel,509,Research & Development,2,4,Other,1,Female,62,2,2,Healthcare Representative,3,Single,6811,2112,2,Yes,17,3,1,0,10,3,3,8,7,0,7,0.0,0.778,0.333,0.875,0.778,7,0.182,0.9,2.0,Established Stage (7-12 yrs),45.1,Medium Risk,67.0,Watchlist,Sufficiently Trained,Stable Leadership Continuity,Lateral Role Rotation / New Project,3,1,0.616,0.349,-1.642,High-Risk Stagnation Profiles
PANW-1460,26,0,Travel_Rarely,775,Sales,29,2,Medical,1,Male,45,3,2,Sales Executive,3,Divorced,4306,4267,5,No,12,3,1,2,8,5,3,0,0,0,0,0.0,0.0,5.0,0.0,0.0,0,0.222,0.62,2.0,Early Stage (0-2 yrs),3.8,Low Risk,56.3,Watchlist,Sufficiently Trained,Recent Manager Transition,Regular Annual Review,0,2,-4.275,-1.557,2.127,Early-Career Explorers
PANW-1461,35,0,Travel_Rarely,195,Sales,1,3,Medical,1,Female,80,3,2,Sales Executive,3,Single,4859,6698,1,No,16,3,4,0,5,3,3,5,4,0,3,0.0,0.667,0.5,0.6,0.5,4,0.333,0.7,2.75,Growth Stage (3-6 yrs),32.9,Medium Risk,66.5,Watchlist,Sufficiently Trained,Moderate Manager Continuity,Lateral Role Rotation / New Project,1,4,-1.018,0.458,-0.769,Fast-Track Performers
PANW-1462,34,0,Travel_Rarely,258,Sales,21,4,Life Sciences,4,Male,74,4,2,Sales Executive,4,Single,5337,19921,1,No,12,3,4,0,10,3,3,10,7,5,7,0.455,0.636,0.273,0.875,0.636,2,0.182,0.77,3.75,Established Stage (7-12 yrs),55.3,High Risk,78.1,Immediate Action,Sufficiently Trained,Prolonged Stagnant Manager Dyad,Lateral Role Rotation / New Project,3,1,1.524,0.88,0.385,High-Risk Stagnation Profiles
PANW-1463,26,1,Travel_Rarely,471,Research & Development,24,3,Technical Degree,3,Male,66,1,1,Laboratory Technician,4,Single,2340,23213,1,Yes,18,3,2,0,1,3,1,1,0,0,0,0.0,0.0,1.5,0.0,0.0,0,0.5,0.72,2.5,Early Stage (0-2 yrs),0.0,Low Risk,22.5,Already Attrited,Sufficiently Trained,Recent Manager Transition,Exit Analysis & Knowledge Transfer,0,2,-3.829,-0.27,0.948,Early-Career Explorers
PANW-1464,37,0,Travel_Rarely,799,Research & Development,1,3,Technical Degree,2,Female,59,3,3,Manufacturing Director,4,Single,7491,23848,4,No,17,3,4,0,12,3,4,6,5,1,2,0.143,0.714,0.429,0.333,0.286,4,0.231,1.03,3.5,Growth Stage (3-6 yrs),37.0,Medium Risk,68.0,Watchlist,Sufficiently Trained,Moderate Manager Continuity,Lateral Role Rotation / New Project,1,4,0.028,0.273,-0.545,Fast-Track Performers
PANW-1465,46,0,Travel_Frequently,1034,Research & Development,18,1,Medical,1,Female,86,3,3,Healthcare Representative,3,Married,10527,8984,5,No,11,3,4,0,28,3,2,2,2,1,2,0.333,0.667,1.0,0.667,0.667,1,0.103,1.4,2.5,Early Stage (0-2 yrs),30.2,Medium Risk,65.6,Watchlist,Sufficiently Trained,Moderate Manager Continuity,Regular Annual Review,1,1,0.293,-0.709,0.14,Fast-Track Performers
PANW-1466,41,0,Travel_Rarely,1276,Sales,2,5,Life Sciences,2,Female,91,3,4,Manager,1,Married,16595,5626,7,No,16,3,2,1,22,2,3,18,16,11,8,0.579,0.842,0.105,0.471,0.421,5,0.174,0.97,2.0,Veteran Stage (13+ yrs),92.3,High Risk,87.3,Immediate Action,Moderate Development Need,Prolonged Stagnant Manager Dyad,Promotion & Compensation Review,2,0,5.015,1.059,1.157,Stable Long-Term Contributors
PANW-1467,37,0,Non-Travel,142,Sales,9,4,Medical,1,Male,69,3,3,Sales Executive,2,Divorced,8834,24666,1,No,13,3,4,1,9,6,3,9,5,7,7,0.7,0.5,0.6,1.167,0.7,-2,0.3,1.28,2.5,Established Stage (7-12 yrs),60.1,High Risk,76.0,Immediate Action,Sufficiently Trained,Prolonged Stagnant Manager Dyad,Promotion & Compensation Review,3,0,1.39,0.562,2.091,High-Risk Stagnation Profiles
PANW-1468,52,0,Travel_Rarely,956,Research & Development,6,2,Technical Degree,4,Male,78,3,2,Research Scientist,1,Divorced,5577,22087,3,Yes,12,3,2,2,18,3,3,10,9,6,9,0.545,0.818,0.273,0.9,0.818,3,0.105,1.72,2.5,Established Stage (7-12 yrs),77.7,High Risk,82.2,Immediate Action,Sufficiently Trained,Prolonged Stagnant Manager Dyad,Promotion & Compensation Review,3,1,2.76,1.088,0.202,High-Risk Stagnation Profiles
PANW-1469,32,1,Non-Travel,1474,Sales,11,4,Other,4,Male,60,4,2,Sales Executive,3,Married,4707,23914,8,No,12,3,4,0,6,2,3,4,2,1,2,0.2,0.4,0.4,0.667,0.4,1,0.286,0.68,3.5,Growth Stage (3-6 yrs),23.5,Low Risk,42.0,Already Attrited,Moderate Development Need,Moderate Manager Continuity,Exit Analysis & Knowledge Transfer,1,4,-1.177,0.072,0.145,Fast-Track Performers
PANW-1470,24,0,Travel_Frequently,535,Sales,24,3,Medical,4,Male,38,3,1,Sales Representative,4,Married,2400,5530,0,No,13,3,3,2,3,3,3,2,2,2,1,0.667,0.667,1.0,0.333,0.333,0,0.25,0.91,3.5,Early Stage (0-2 yrs),29.9,Low Risk,65.5,Watchlist,Sufficiently Trained,Recent Manager Transition,Regular Annual Review,1,4,-1.346,1.92,0.98,Fast-Track Performers
PANW-1471,38,0,Travel_Rarely,1495,Research & Development,10,3,Medical,3,Female,76,3,2,Healthcare Representative,3,Married,9824,22174,3,No,19,3,3,1,18,4,3,1,0,0,0,0.0,0.0,2.0,0.0,0.0,0,0.105,1.3,3.0,Early Stage (0-2 yrs),3.8,Low Risk,56.3,Watchlist,Sufficiently Trained,Recent Manager Transition,Regular Annual Review,0,2,-2.323,-1.617,0.226,Early-Career Explorers
PANW-1472,37,0,Travel_Rarely,446,Research & Development,1,4,Life Sciences,2,Female,65,3,2,Manufacturing Director,2,Married,6447,15701,6,No,12,3,2,1,8,2,2,6,5,4,3,0.571,0.714,0.286,0.5,0.429,1,0.222,0.88,2.0,Growth Stage (3-6 yrs),55.0,High Risk,74.2,Immediate Action,Moderate Development Need,Moderate Manager Continuity,Lateral Role Rotation / New Project,3,4,0.462,1.459,0.671,High-Risk Stagnation Profiles
PANW-1473,49,0,Travel_Rarely,1245,Research & Development,18,4,Life Sciences,4,Male,58,2,5,Research Director,3,Divorced,19502,2125,1,Yes,17,3,3,1,31,5,3,31,9,0,9,0.0,0.281,0.156,0.9,0.281,9,0.156,1.22,3.25,Veteran Stage (13+ yrs),35.8,Medium Risk,63.8,Watchlist,Sufficiently Trained,Stable Leadership Continuity,Regular Annual Review,2,1,3.88,-3.191,-0.761,Stable Long-Term Contributors
PANW-1474,24,0,Travel_Rarely,691,Research & Development,23,3,Medical,2,Male,89,4,1,Research Scientist,4,Married,2725,21630,1,Yes,11,3,2,2,6,3,3,6,5,1,4,0.143,0.714,0.429,0.667,0.571,4,0.143,0.84,2.75,Growth Stage (3-6 yrs),37.0,Medium Risk,71.7,Immediate Action,Sufficiently Trained,Stable Leadership Continuity,Lateral Role Rotation / New Project,1,4,-0.274,0.994,-1.045,Fast-Track Performers
PANW-1475,26,0,Travel_Rarely,703,Sales,28,2,Marketing,1,Male,66,3,2,Sales Executive,2,Married,6272,7428,1,No,20,4,4,2,6,5,4,5,3,1,4,0.167,0.5,0.833,1.0,0.667,2,0.286,0.91,2.75,Growth Stage (3-6 yrs),32.9,Medium Risk,72.8,Immediate Action,Sufficiently Trained,Stable Leadership Continuity,Regular Annual Review,1,4,-0.911,0.11,-0.135,Fast-Track Performers
PANW-1476,24,0,Travel_Rarely,823,Research & Development,17,2,Other,4,Male,94,2,1,Laboratory Technician,2,Married,2127,9100,1,No,21,4,4,1,1,2,3,1,0,0,0,0.0,0.0,1.0,0.0,0.0,0,0.5,0.66,3.25,Early Stage (0-2 yrs),7.5,Low Risk,60.1,Watchlist,Moderate Development Need,Recent Manager Transition,Regular Annual Review,0,2,-3.631,-0.172,0.633,Early-Career Explorers
PANW-1477,50,0,Travel_Frequently,1246,Human Resources,3,3,Medical,1,Male,99,3,5,Manager,2,Married,18200,7999,1,No,11,3,3,1,32,2,3,32,5,10,7,0.303,0.152,0.061,1.167,0.212,-5,0.152,1.06,2.25,Veteran Stage (13+ yrs),61.9,High Risk,76.7,Immediate Action,Moderate Development Need,Prolonged Stagnant Manager Dyad,Promotion & Compensation Review,2,0,4.598,-2.936,1.952,Stable Long-Term Contributors
PANW-1478,25,0,Travel_Rarely,622,Sales,13,1,Medical,2,Male,40,3,1,Sales Representative,3,Married,2096,26376,1,No,11,3,3,0,7,1,3,7,4,0,6,0.0,0.5,0.125,1.2,0.75,4,0.125,0.8,2.75,Established Stage (7-12 yrs),28.8,Low Risk,65.1,Watchlist,Moderate Development Need,Stable Leadership Continuity,Upskilling & Training Program,1,4,-0.221,-0.029,-1.461,Fast-Track Performers
PANW-1479,24,1,Travel_Frequently,1287,Research & Development,7,3,Life Sciences,1,Female,55,3,1,Laboratory Technician,3,Married,2886,14168,1,Yes,16,3,4,1,6,4,3,6,3,1,2,0.143,0.429,0.571,0.5,0.286,2,0.143,0.89,2.75,Growth Stage (3-6 yrs),27.4,Low Risk,39.6,Already Attrited,Sufficiently Trained,Moderate Manager Continuity,Exit Analysis & Knowledge Transfer,1,4,-1.043,0.429,-0.655,Fast-Track Performers
PANW-1480,30,1,Travel_Frequently,448,Sales,12,4,Life Sciences,2,Male,74,2,1,Sales Representative,1,Married,2033,14470,1,No,18,3,3,1,1,2,4,1,0,0,0,0.0,0.0,1.0,0.0,0.0,0,0.5,0.77,2.5,Early Stage (0-2 yrs),11.2,Low Risk,30.2,Already Attrited,Moderate Development Need,Recent Manager Transition,Exit Analysis & Knowledge Transfer,0,2,-3.617,-0.2,0.712,Early-Career Explorers
PANW-1481,34,0,Travel_Rarely,254,Research & Development,1,2,Life Sciences,2,Male,83,2,1,Research Scientist,4,Married,3622,22794,1,Yes,13,3,4,1,6,3,3,6,5,1,3,0.143,0.714,0.429,0.5,0.429,4,0.143,1.12,3.25,Growth Stage (3-6 yrs),37.0,Medium Risk,64.2,Watchlist,Sufficiently Trained,Moderate Manager Continuity,Lateral Role Rotation / New Project,1,4,-0.409,1.095,-1.073,Fast-Track Performers
PANW-1482,31,1,Travel_Rarely,1365,Sales,13,4,Medical,2,Male,46,3,2,Sales Executive,1,Divorced,4233,11512,2,No,17,3,3,0,9,2,1,3,1,1,2,0.25,0.25,0.5,1.0,0.5,0,0.2,0.61,1.75,Growth Stage (3-6 yrs),24.1,Low Risk,38.4,Already Attrited,Moderate Development Need,Moderate Manager Continuity,Exit Analysis & Knowledge Transfer,1,4,-1.171,-0.456,0.134,Fast-Track Performers
PANW-1483,35,0,Travel_Rarely,538,Research & Development,25,2,Other,1,Male,54,2,2,Laboratory Technician,4,Single,3681,14004,4,No,14,3,4,0,9,3,3,3,2,0,2,0.0,0.5,0.75,0.667,0.5,2,0.2,1.14,3.0,Growth Stage (3-6 yrs),18.8,Low Risk,57.8,Watchlist,Sufficiently Trained,Moderate Manager Continuity,Regular Annual Review,1,4,-1.274,-0.242,-0.68,Fast-Track Performers
PANW-1484,31,0,Travel_Rarely,525,Sales,6,4,Medical,1,Male,66,4,2,Sales Executive,4,Divorced,5460,6219,4,No,22,4,4,2,13,4,4,7,7,5,7,0.625,0.875,0.5,0.875,0.875,2,0.143,0.79,3.25,Established Stage (7-12 yrs),61.2,High Risk,86.4,Immediate Action,Sufficiently Trained,Prolonged Stagnant Manager Dyad,Promotion & Compensation Review,3,0,1.716,1.584,0.206,High-Risk Stagnation Profiles
PANW-1485,27,0,Travel_Rarely,798,Research & Development,6,4,Medical,1,Female,66,2,1,Research Scientist,3,Divorced,2187,5013,0,No,12,3,3,2,6,5,2,5,3,0,3,0.0,0.5,0.833,0.75,0.5,3,0.143,0.68,2.25,Growth Stage (3-6 yrs),25.6,Low Risk,60.2,Watchlist,Sufficiently Trained,Moderate Manager Continuity,Regular Annual Review,1,4,-1.213,0.154,-0.994,Fast-Track Performers
PANW-1486,37,0,Travel_Rarely,558,Sales,2,3,Marketing,4,Male,75,3,2,Sales Executive,3,Married,9602,3010,4,Yes,11,3,3,1,17,3,2,3,0,1,0,0.25,0.0,0.75,0.0,0.0,-1,0.111,1.39,3.0,Growth Stage (3-6 yrs),7.2,Low Risk,57.5,Watchlist,Sufficiently Trained,Recent Manager Transition,Regular Annual Review,1,2,-1.394,-1.11,0.553,Fast-Track Performers
PANW-1487,20,0,Travel_Rarely,959,Research & Development,1,3,Life Sciences,4,Female,83,2,1,Research Scientist,2,Single,2836,11757,1,No,13,3,4,0,1,0,4,1,0,0,0,0.0,0.0,0.0,0.0,0.0,0,0.5,0.88,3.5,Early Stage (0-2 yrs),7.5,Low Risk,53.9,Watchlist,Moderate Development Need,Recent Manager Transition,Upskilling & Training Program,0,2,-3.171,-0.107,0.374,Early-Career Explorers
PANW-1488,42,0,Travel_Rarely,622,Research & Development,2,4,Life Sciences,3,Female,81,3,2,Healthcare Representative,4,Married,4089,5718,1,No,13,3,2,2,10,4,3,10,2,2,2,0.182,0.182,0.364,0.667,0.182,0,0.182,0.54,3.0,Established Stage (7-12 yrs),17.8,Low Risk,61.2,Watchlist,Sufficiently Trained,Moderate Manager Continuity,Regular Annual Review,1,4,-0.501,-0.708,0.191,Fast-Track Performers
PANW-1489,43,0,Travel_Rarely,782,Research & Development,6,4,Other,2,Male,50,2,4,Research Director,4,Divorced,16627,2671,4,Yes,14,3,3,1,21,3,2,1,0,0,0,0.0,0.0,1.5,0.0,0.0,0,0.182,1.04,2.75,Early Stage (0-2 yrs),0.0,Low Risk,51.2,Watchlist,Sufficiently Trained,Recent Manager Transition,Regular Annual Review,0,2,-1.612,-2.394,0.689,Early-Career Explorers
PANW-1490,38,0,Travel_Rarely,362,Research & Development,1,1,Life Sciences,3,Female,43,3,1,Research Scientist,1,Single,2619,14561,3,No,17,3,4,0,8,3,2,0,0,0,0,0.0,0.0,3.0,0.0,0.0,0,0.111,0.81,2.5,Early Stage (0-2 yrs),11.2,Low Risk,58.9,Watchlist,Sufficiently Trained,Recent Manager Transition,Regular Annual Review,0,2,-3.485,-0.924,0.563,Early-Career Explorers
PANW-1491,43,0,Travel_Frequently,1001,Research & Development,9,5,Medical,4,Male,72,3,2,Laboratory Technician,3,Divorced,5679,19627,3,Yes,13,3,2,1,10,3,3,8,7,4,7,0.444,0.778,0.333,0.875,0.778,3,0.182,1.75,3.0,Established Stage (7-12 yrs),59.1,High Risk,75.7,Immediate Action,Sufficiently Trained,Prolonged Stagnant Manager Dyad,Lateral Role Rotation / New Project,3,1,1.373,1.151,0.039,High-Risk Stagnation Profiles
PANW-1492,48,0,Travel_Rarely,1236,Research & Development,1,4,Life Sciences,4,Female,40,2,4,Manager,1,Married,15402,17997,7,No,11,3,1,1,21,3,1,3,2,0,2,0.0,0.5,0.75,0.667,0.5,2,0.182,0.9,1.75,Growth Stage (3-6 yrs),30.0,Medium Risk,61.8,Watchlist,Sufficiently Trained,Moderate Manager Continuity,Regular Annual Review,1,1,-0.223,-1.536,-0.279,Fast-Track Performers
PANW-1493,44,0,Travel_Rarely,1112,Human Resources,1,4,Life Sciences,1,Female,50,2,2,Human Resources,3,Single,5985,26894,4,No,11,3,2,0,10,1,4,2,2,0,2,0.0,0.667,0.333,0.667,0.667,2,0.182,1.41,2.5,Early Stage (0-2 yrs),26.7,Low Risk,60.6,Watchlist,Moderate Development Need,Moderate Manager Continuity,Upskilling & Training Program,1,4,-0.931,0.094,-1.036,Fast-Track Performers
PANW-1494,34,0,Travel_Rarely,204,Sales,14,3,Technical Degree,3,Female,31,3,1,Sales Representative,3,Divorced,2579,2912,1,Yes,18,3,4,2,8,3,3,8,2,0,6,0.0,0.222,0.333,2.0,0.667,2,0.111,0.98,3.25,Established Stage (7-12 yrs),15.6,Low Risk,60.5,Watchlist,Sufficiently Trained,Stable Leadership Continuity,Regular Annual Review,1,4,-0.558,-1.051,-1.185,Fast-Track Performers
PANW-1495,27,1,Travel_Rarely,1420,Sales,2,1,Marketing,3,Male,85,3,1,Sales Representative,1,Divorced,3041,16346,0,No,11,3,2,1,5,3,3,4,3,0,2,0.0,0.6,0.6,0.5,0.4,3,0.167,1.16,2.25,Growth Stage (3-6 yrs),35.6,Medium Risk,42.5,Already Attrited,Sufficiently Trained,Moderate Manager Continuity,Exit Analysis & Knowledge Transfer,1,4,-1.315,0.572,-1.101,Fast-Track Performers
PANW-1496,21,0,Travel_Rarely,1343,Sales,22,1,Technical Degree,3,Male,49,3,1,Sales Representative,3,Single,3447,24444,1,No,11,3,3,0,3,2,3,3,2,1,2,0.25,0.5,0.5,0.667,0.5,1,0.25,1.31,3.0,Growth Stage (3-6 yrs),26.0,Low Risk,64.1,Watchlist,Moderate Development Need,Moderate Manager Continuity,Regular Annual Review,1,4,-1.465,0.819,-0.072,Fast-Track Performers
PANW-1497,44,0,Travel_Rarely,1315,Research & Development,3,4,Other,4,Male,35,3,5,Manager,4,Married,19513,9358,4,Yes,12,3,1,1,26,2,4,2,2,0,1,0.0,0.667,0.667,0.333,0.333,2,0.185,1.14,3.25,Early Stage (0-2 yrs),22.9,Low Risk,63.0,Watchlist,Moderate Development Need,Recent Manager Transition,Regular Annual Review,1,1,0.191,-1.592,-0.319,Fast-Track Performers
PANW-1498,22,0,Travel_Rarely,604,Research & Development,6,1,Medical,1,Male,69,3,1,Research Scientist,3,Married,2773,12145,0,No,20,4,4,0,3,3,3,2,2,2,2,0.667,0.667,1.0,0.667,0.667,0,0.25,0.86,2.75,Early Stage (0-2 yrs),33.7,Medium Risk,73.0,Immediate Action,Sufficiently Trained,Moderate Manager Continuity,Regular Annual Review,1,4,-1.231,1.841,0.77,Fast-Track Performers
PANW-1499,33,0,Travel_Rarely,1216,Sales,8,4,Marketing,3,Male,39,3,2,Sales Executive,3,Divorced,7104,20431,0,No,12,3,4,0,6,3,3,5,0,1,2,0.167,0.0,0.5,2.0,0.333,-1,0.286,1.03,3.25,Growth Stage (3-6 yrs),7.2,Low Risk,57.5,Watchlist,Sufficiently Trained,Moderate Manager Continuity,Regular Annual Review,1,4,-1.568,-1.437,0.664,Fast-Track Performers
PANW-1500,32,0,Travel_Rarely,646,Research & Development,9,4,Life Sciences,1,Female,92,3,2,Research Scientist,4,Married,6322,18089,1,Yes,12,3,4,1,6,2,2,6,4,0,5,0.0,0.571,0.286,1.0,0.714,4,0.286,1.95,2.75,Growth Stage (3-6 yrs),26.8,Low Risk,64.4,Watchlist,Moderate Development Need,Stable Leadership Continuity,Regular Annual Review,1,4,-0.532,-0.02,-0.837,Fast-Track Performers
PANW-1501,30,0,Travel_Frequently,160,Research & Development,3,3,Medical,3,Female,71,3,1,Research Scientist,3,Divorced,2083,22653,1,No,20,4,3,1,1,2,3,1,0,0,0,0.0,0.0,1.0,0.0,0.0,0,0.5,0.64,3.0,Early Stage (0-2 yrs),3.8,Low Risk,62.6,Watchlist,Moderate Development Need,Recent Manager Transition,Regular Annual Review,0,2,-3.626,-0.181,0.659,Early-Career Explorers
PANW-1502,53,0,Travel_Rarely,238,Sales,1,1,Medical,4,Female,34,3,2,Sales Executive,1,Single,8381,7507,7,No,20,4,4,0,18,2,4,14,7,8,10,0.533,0.467,0.133,1.25,0.667,-1,0.105,1.21,3.25,Veteran Stage (13+ yrs),72.8,High Risk,86.7,Immediate Action,Moderate Development Need,Prolonged Stagnant Manager Dyad,Promotion & Compensation Review,3,0,2.88,0.185,0.682,High-Risk Stagnation Profiles
PANW-1503,34,0,Travel_Rarely,1397,Research & Development,1,5,Life Sciences,2,Male,42,3,1,Research Scientist,4,Married,2691,7660,1,No,12,3,4,1,10,4,2,10,9,8,8,0.727,0.818,0.364,0.8,0.727,1,0.091,0.83,3.0,Established Stage (7-12 yrs),73.4,High Risk,80.7,Immediate Action,Sufficiently Trained,Prolonged Stagnant Manager Dyad,Promotion & Compensation Review,3,0,2.384,2.217,0.736,High-Risk Stagnation Profiles
PANW-1504,45,1,Travel_Frequently,306,Sales,26,4,Life Sciences,1,Female,100,3,2,Sales Executive,1,Married,4286,5630,2,No,14,3,4,2,5,4,3,1,1,0,0,0.0,0.5,2.0,0.0,0.0,1,0.333,0.62,2.25,Early Stage (0-2 yrs),26.9,Low Risk,39.4,Already Attrited,Sufficiently Trained,Recent Manager Transition,Exit Analysis & Knowledge Transfer,0,4,-2.757,0.097,0.37,Early-Career Explorers
PANW-1505,26,0,Travel_Rarely,991,Research & Development,6,3,Life Sciences,3,Female,71,3,1,Laboratory Technician,4,Married,2659,17759,1,Yes,13,3,3,1,3,2,3,3,2,0,2,0.0,0.5,0.5,0.667,0.5,2,0.25,0.82,3.25,Growth Stage (3-6 yrs),18.8,Low Risk,61.6,Watchlist,Moderate Development Need,Moderate Manager Continuity,Regular Annual Review,1,4,-1.761,0.429,-0.811,Fast-Track Performers
PANW-1506,37,0,Travel_Rarely,482,Research & Development,3,3,Other,3,Male,36,3,3,Manufacturing Director,3,Married,9434,9606,1,No,15,3,3,1,10,2,3,10,7,7,8,0.636,0.636,0.182,1.0,0.727,0,0.273,1.29,3.0,Established Stage (7-12 yrs),66.0,High Risk,78.1,Immediate Action,Moderate Development Need,Prolonged Stagnant Manager Dyad,Promotion & Compensation Review,3,0,2.084,0.904,1.371,High-Risk Stagnation Profiles
PANW-1507,29,0,Travel_Rarely,1176,Sales,3,2,Medical,2,Female,62,3,2,Sales Executive,3,Married,5561,3487,1,No,14,3,1,1,6,5,2,6,0,1,2,0.143,0.0,0.714,2.0,0.286,-1,0.286,0.8,2.0,Growth Stage (3-6 yrs),7.2,Low Risk,57.5,Watchlist,Sufficiently Trained,Moderate Manager Continuity,Regular Annual Review,1,4,-1.62,-1.509,0.662,Fast-Track Performers
PANW-1508,35,0,Travel_Rarely,1017,Research & Development,6,4,Life Sciences,2,Male,82,1,2,Research Scientist,4,Single,6646,19368,1,No,13,3,2,0,17,3,3,17,11,11,8,0.611,0.611,0.167,0.667,0.444,0,0.111,2.05,2.75,Veteran Stage (13+ yrs),75.3,High Risk,73.9,Immediate Action,Sufficiently Trained,Prolonged Stagnant Manager Dyad,Promotion & Compensation Review,2,0,3.669,1.147,1.268,Stable Long-Term Contributors
PANW-1509,33,0,Travel_Frequently,1296,Research & Development,6,3,Life Sciences,3,Male,30,3,2,Healthcare Representative,4,Divorced,7725,5335,3,No,23,4,3,1,15,2,1,13,11,4,7,0.286,0.786,0.143,0.583,0.5,7,0.125,1.03,2.75,Veteran Stage (13+ yrs),58.6,High Risk,81.8,Immediate Action,Moderate Development Need,Prolonged Stagnant Manager Dyad,Lateral Role Rotation / New Project,3,0,2.335,1.031,-0.962,High-Risk Stagnation Profiles
PANW-1510,54,0,Travel_Rarely,397,Human Resources,19,4,Medical,3,Male,88,3,3,Human Resources,2,Married,10725,6729,2,No,15,3,3,1,16,1,4,9,7,7,1,0.7,0.7,0.1,0.125,0.1,0,0.176,2.53,3.0,Established Stage (7-12 yrs),71.4,High Risk,80.0,Immediate Action,High Development Need,Recent Manager Transition,Promotion & Compensation Review,3,0,1.744,1.309,1.303,High-Risk Stagnation Profiles
PANW-1511,36,0,Travel_Rarely,913,Research & Development,9,2,Medical,2,Male,48,2,2,Manufacturing Director,2,Divorced,8847,13934,2,Yes,11,3,3,1,13,2,3,3,2,0,2,0.0,0.5,0.5,0.667,0.5,2,0.143,1.21,2.5,Growth Stage (3-6 yrs),26.2,Low Risk,60.4,Watchlist,Moderate Development Need,Moderate Manager Continuity,Regular Annual Review,1,4,-0.877,-0.447,-0.87,Fast-Track Performers
PANW-1512,27,0,Travel_Rarely,1115,Research & Development,3,4,Medical,1,Male,54,2,1,Research Scientist,4,Single,2045,15174,0,No,13,3,4,0,5,0,3,4,2,1,1,0.2,0.4,0.0,0.333,0.2,1,0.167,0.63,3.0,Growth Stage (3-6 yrs),19.8,Low Risk,58.2,Watchlist,Moderate Development Need,Recent Manager Transition,Upskilling & Training Program,1,4,-1.221,0.633,-0.563,Fast-Track Performers
PANW-1513,20,1,Travel_Rarely,1362,Research & Development,10,1,Medical,4,Male,32,3,1,Research Scientist,3,Single,1009,26999,1,Yes,11,3,4,0,1,5,3,1,0,1,1,0.5,0.0,2.5,1.0,0.5,-1,0.5,0.31,3.5,Early Stage (0-2 yrs),7.2,Low Risk,32.5,Already Attrited,Sufficiently Trained,Recent Manager Transition,Exit Analysis & Knowledge Transfer,0,2,-3.523,-0.104,2.793,Early-Career Explorers
PANW-1514,33,1,Travel_Frequently,1076,Research & Development,3,3,Life Sciences,1,Male,70,3,1,Research Scientist,1,Single,3348,3164,1,Yes,11,3,1,0,10,3,3,10,8,9,7,0.818,0.727,0.273,0.778,0.636,-1,0.091,1.03,1.5,Established Stage (7-12 yrs),85.9,High Risk,60.1,Already Attrited,Sufficiently Trained,Prolonged Stagnant Manager Dyad,Exit Analysis & Knowledge Transfer,3,0,2.304,2.186,1.241,High-Risk Stagnation Profiles
PANW-1515,35,0,Non-Travel,727,Research & Development,3,3,Life Sciences,3,Male,41,2,1,Laboratory Technician,3,Married,1281,16900,1,No,18,3,3,2,1,3,3,1,0,0,0,0.0,0.0,1.5,0.0,0.0,0,0.5,0.4,3.0,Early Stage (0-2 yrs),3.8,Low Risk,52.6,Watchlist,Sufficiently Trained,Recent Manager Transition,Regular Annual Review,0,2,-3.829,-0.27,0.948,Early-Career Explorers
PANW-1516,23,0,Travel_Rarely,885,Research & Development,4,3,Medical,1,Male,58,4,1,Research Scientist,1,Married,2819,8544,2,No,16,3,1,1,5,3,4,3,2,0,2,0.0,0.5,0.75,0.667,0.5,2,0.167,0.87,1.75,Growth Stage (3-6 yrs),30.0,Medium Risk,69.2,Watchlist,Sufficiently Trained,Moderate Manager Continuity,Regular Annual Review,1,4,-1.637,0.3,-1.009,Fast-Track Performers
PANW-1517,25,0,Travel_Rarely,810,Sales,8,3,Life Sciences,4,Male,57,4,2,Sales Executive,2,Married,4851,15678,0,No,22,4,3,1,4,4,3,3,2,1,2,0.25,0.5,1.0,0.667,0.5,1,0.4,0.7,3.0,Growth Stage (3-6 yrs),29.8,Low Risk,75.4,Immediate Action,Sufficiently Trained,Moderate Manager Continuity,Regular Annual Review,1,4,-1.722,0.511,0.479,Fast-Track Performers
PANW-1518,38,0,Travel_Rarely,243,Sales,7,4,Marketing,4,Female,46,2,2,Sales Executive,4,Single,4028,7791,0,No,20,4,1,0,8,2,3,7,7,0,5,0.0,0.875,0.25,0.625,0.625,7,0.222,0.58,3.0,Established Stage (7-12 yrs),43.8,Medium Risk,72.8,Immediate Action,Moderate Development Need,Stable Leadership Continuity,Lateral Role Rotation / New Project,3,1,0.251,0.852,-1.714,High-Risk Stagnation Profiles
PANW-1519,29,0,Travel_Frequently,806,Research & Development,1,4,Life Sciences,2,Male,76,1,1,Research Scientist,4,Divorced,2720,18959,1,No,18,3,4,1,10,5,3,10,7,2,8,0.182,0.636,0.455,1.0,0.727,5,0.091,0.84,3.25,Established Stage (7-12 yrs),44.8,Medium Risk,63.2,Watchlist,Sufficiently Trained,Stable Leadership Continuity,Lateral Role Rotation / New Project,3,1,0.957,0.612,-1.199,High-Risk Stagnation Profiles
PANW-1520,48,0,Travel_Rarely,817,Sales,2,1,Marketing,2,Male,56,4,2,Sales Executive,2,Married,8120,18597,3,No,12,3,4,0,12,3,3,2,2,2,2,0.667,0.667,1.0,0.667,0.667,0,0.154,1.17,2.75,Early Stage (0-2 yrs),37.4,Medium Risk,71.8,Immediate Action,Sufficiently Trained,Moderate Manager Continuity,Regular Annual Review,1,1,-0.383,0.96,0.899,Fast-Track Performers
PANW-1521,27,0,Travel_Frequently,1410,Sales,3,1,Medical,4,Female,71,4,2,Sales Executive,4,Divorced,4647,16673,1,Yes,20,4,2,2,6,3,3,6,5,0,4,0.0,0.714,0.429,0.667,0.571,5,0.286,0.67,3.25,Growth Stage (3-6 yrs),33.5,Medium Risk,76.7,Immediate Action,Sufficiently Trained,Stable Leadership Continuity,Lateral Role Rotation / New Project,1,4,-0.547,0.528,-1.161,Fast-Track Performers
PANW-1522,37,0,Travel_Rarely,1225,Research & Development,10,2,Life Sciences,4,Male,80,4,1,Research Scientist,4,Single,4680,15232,3,No,17,3,1,0,4,2,3,1,0,0,0,0.0,0.0,1.0,0.0,0.0,0,0.2,1.44,3.0,Early Stage (0-2 yrs),0.0,Low Risk,58.8,Watchlist,Moderate Development Need,Recent Manager Transition,Regular Annual Review,0,2,-2.911,-0.448,-0.131,Early-Career Explorers
PANW-1523,50,0,Travel_Rarely,1207,Research & Development,28,1,Medical,4,Male,74,4,1,Laboratory Technician,3,Married,3221,3297,1,Yes,11,3,3,3,20,3,3,20,8,3,8,0.143,0.381,0.143,0.889,0.381,5,0.048,1.0,3.25,Veteran Stage (13+ yrs),48.8,Medium Risk,75.8,Immediate Action,Sufficiently Trained,Stable Leadership Continuity,Regular Annual Review,3,1,2.228,-0.58,-0.906,High-Risk Stagnation Profiles
PANW-1524,34,0,Travel_Rarely,1442,Research & Development,9,3,Medical,4,Female,46,2,3,Healthcare Representative,2,Single,8621,17654,1,No,14,3,2,0,9,3,4,8,7,7,7,0.778,0.778,0.333,0.875,0.778,0,0.3,1.15,3.0,Established Stage (7-12 yrs),73.3,High Risk,76.9,Immediate Action,Sufficiently Trained,Prolonged Stagnant Manager Dyad,Promotion & Compensation Review,3,0,1.903,1.536,1.703,High-Risk Stagnation Profiles
PANW-1525,24,1,Travel_Rarely,693,Sales,3,2,Life Sciences,1,Female,65,3,2,Sales Executive,3,Single,4577,24785,9,No,14,3,1,0,4,3,3,2,2,2,0,0.667,0.667,1.0,0.0,0.0,0,0.4,0.66,2.0,Early Stage (0-2 yrs),33.7,Medium Risk,41.8,Already Attrited,Sufficiently Trained,Recent Manager Transition,Exit Analysis & Knowledge Transfer,1,4,-1.494,1.733,1.586,Fast-Track Performers
PANW-1526,39,0,Travel_Rarely,408,Research & Development,2,4,Technical Degree,4,Female,80,2,2,Healthcare Representative,3,Single,4553,20978,1,No,11,3,1,0,20,4,3,20,7,11,10,0.524,0.333,0.19,1.25,0.476,-4,0.095,0.6,2.75,Veteran Stage (13+ yrs),69.0,High Risk,75.4,Immediate Action,Sufficiently Trained,Prolonged Stagnant Manager Dyad,Promotion & Compensation Review,2,0,3.579,-0.294,1.55,Stable Long-Term Contributors
PANW-1527,32,0,Travel_Rarely,929,Sales,10,3,Marketing,4,Male,55,3,2,Sales Executive,4,Single,5396,21703,1,No,12,3,4,0,10,2,2,10,7,0,8,0.0,0.636,0.182,1.0,0.727,7,0.182,0.78,3.5,Established Stage (7-12 yrs),37.8,Medium Risk,68.2,Watchlist,Moderate Development Need,Stable Leadership Continuity,Lateral Role Rotation / New Project,3,1,0.834,-0.079,-1.441,High-Risk Stagnation Profiles
PANW-1528,50,1,Travel_Frequently,562,Sales,8,2,Technical Degree,2,Male,50,3,2,Sales Executive,3,Married,6796,23452,3,Yes,14,3,1,1,18,4,3,4,3,1,3,0.2,0.6,0.8,0.75,0.6,2,0.105,0.98,2.25,Growth Stage (3-6 yrs),31.6,Medium Risk,41.1,Already Attrited,Sufficiently Trained,Moderate Manager Continuity,Exit Analysis & Knowledge Transfer,1,4,-0.111,-0.193,-0.497,Fast-Track Performers
PANW-1529,38,0,Travel_Rarely,827,Research & Development,1,4,Life Sciences,2,Female,33,4,2,Healthcare Representative,4,Single,7625,19383,0,No,13,3,3,0,10,4,2,9,7,1,8,0.1,0.7,0.4,1.0,0.8,6,0.182,1.01,2.75,Established Stage (7-12 yrs),42.9,Medium Risk,73.8,Immediate Action,Sufficiently Trained,Stable Leadership Continuity,Lateral Role Rotation / New Project,3,1,0.903,0.247,-1.069,High-Risk Stagnation Profiles
PANW-1530,27,0,Travel_Rarely,608,Research & Development,1,2,Life Sciences,3,Female,68,3,3,Manufacturing Director,1,Married,7412,6009,1,No,11,3,4,0,9,3,3,9,7,0,7,0.0,0.7,0.3,0.875,0.7,7,0.3,1.02,2.75,Established Stage (7-12 yrs),50.6,Medium Risk,72.7,Immediate Action,Sufficiently Trained,Stable Leadership Continuity,Lateral Role Rotation / New Project,3,1,0.637,-0.139,-0.902,High-Risk Stagnation Profiles
PANW-1531,32,0,Travel_Rarely,1018,Research & Development,3,2,Life Sciences,3,Female,39,3,3,Research Director,4,Single,11159,19373,3,No,15,3,4,0,10,6,3,7,7,7,7,0.875,0.875,0.75,0.875,0.875,0,0.273,0.7,3.5,Established Stage (7-12 yrs),68.2,High Risk,78.9,Immediate Action,Sufficiently Trained,Prolonged Stagnant Manager Dyad,Promotion & Compensation Review,3,0,1.904,1.789,1.889,High-Risk Stagnation Profiles
PANW-1532,47,0,Travel_Rarely,703,Sales,14,4,Marketing,4,Male,42,3,2,Sales Executive,1,Single,4960,11825,2,No,12,3,4,0,20,2,3,7,7,1,7,0.125,0.875,0.25,0.875,0.875,6,0.095,0.72,3.0,Established Stage (7-12 yrs),58.5,High Risk,75.5,Immediate Action,Moderate Development Need,Stable Leadership Continuity,Lateral Role Rotation / New Project,3,1,1.473,0.252,-1.453,High-Risk Stagnation Profiles
PANW-1533,40,0,Travel_Frequently,580,Sales,5,4,Life Sciences,4,Male,48,2,3,Sales Executive,1,Married,10475,23772,5,Yes,21,4,3,1,20,2,3,18,13,1,12,0.053,0.684,0.105,0.857,0.632,12,0.143,1.51,2.75,Veteran Stage (13+ yrs),56.8,High Risk,77.4,Immediate Action,Moderate Development Need,Stable Leadership Continuity,Lateral Role Rotation / New Project,3,1,3.323,-0.458,-1.745,High-Risk Stagnation Profiles
PANW-1534,53,0,Travel_Rarely,970,Research & Development,7,3,Life Sciences,3,Male,59,4,4,Research Director,3,Married,14814,13514,3,No,19,3,3,0,32,3,3,5,1,1,3,0.167,0.167,0.5,1.5,0.5,0,0.121,0.92,3.0,Growth Stage (3-6 yrs),14.6,Low Risk,63.9,Watchlist,Sufficiently Trained,Moderate Manager Continuity,Regular Annual Review,1,1,0.603,-2.799,0.166,Fast-Track Performers
PANW-1535,41,0,Travel_Rarely,427,Human Resources,10,4,Human Resources,2,Male,73,2,5,Manager,4,Divorced,19141,8861,3,No,15,3,2,3,23,2,2,21,6,12,6,0.545,0.273,0.091,0.857,0.273,-6,0.208,1.11,2.5,Veteran Stage (13+ yrs),60.6,High Risk,72.5,Immediate Action,Moderate Development Need,Prolonged Stagnant Manager Dyad,Promotion & Compensation Review,2,0,3.813,-1.271,2.647,Stable Long-Term Contributors
PANW-1536,60,0,Travel_Rarely,1179,Sales,16,4,Marketing,1,Male,84,3,2,Sales Executive,1,Single,5405,11924,8,No,14,3,4,0,10,1,3,2,2,2,2,0.667,0.667,0.333,0.667,0.667,0,0.182,0.78,2.25,Early Stage (0-2 yrs),41.2,Medium Risk,69.4,Watchlist,High Development Need,Moderate Manager Continuity,Upskilling & Training Program,1,4,-0.247,1.178,0.607,Fast-Track Performers
PANW-1537,27,0,Travel_Frequently,294,Research & Development,10,2,Life Sciences,4,Male,32,3,3,Manufacturing Director,1,Divorced,8793,4809,1,No,21,4,3,2,9,4,2,9,7,1,7,0.1,0.7,0.4,0.875,0.7,6,0.3,1.21,2.5,Established Stage (7-12 yrs),54.1,Medium Risk,80.2,Immediate Action,Sufficiently Trained,Stable Leadership Continuity,Lateral Role Rotation / New Project,3,1,0.726,0.135,-0.75,High-Risk Stagnation Profiles
PANW-1538,41,0,Travel_Rarely,314,Human Resources,1,3,Human Resources,4,Male,59,2,5,Manager,3,Married,19189,19562,1,No,12,3,2,1,22,3,3,22,7,2,10,0.087,0.304,0.13,1.25,0.435,5,0.217,1.12,3.0,Veteran Stage (13+ yrs),40.2,Medium Risk,65.3,Watchlist,Sufficiently Trained,Stable Leadership Continuity,Regular Annual Review,2,1,3.056,-2.547,0.025,Stable Long-Term Contributors
PANW-1539,50,0,Travel_Rarely,316,Sales,8,4,Marketing,4,Male,54,3,1,Sales Representative,2,Married,3875,9983,7,No,15,3,4,1,4,2,3,2,2,2,2,0.667,0.667,0.667,0.667,0.667,0,0.2,1.48,3.25,Early Stage (0-2 yrs),37.4,Medium Risk,68.1,Watchlist,Moderate Development Need,Moderate Manager Continuity,Regular Annual Review,1,4,-0.929,1.777,0.603,Fast-Track Performers
PANW-1540,28,1,Travel_Rarely,654,Research & Development,1,2,Life Sciences,1,Female,67,1,1,Research Scientist,2,Single,2216,3872,7,Yes,13,3,4,0,10,4,3,7,7,3,7,0.375,0.875,0.5,0.875,0.875,4,0.091,0.68,2.5,Established Stage (7-12 yrs),61.8,High Risk,44.1,Already Attrited,Sufficiently Trained,Stable Leadership Continuity,Exit Analysis & Knowledge Transfer,3,1,1.09,1.509,-0.73,High-Risk Stagnation Profiles
PANW-1541,36,0,Non-Travel,427,Research & Development,8,3,Life Sciences,1,Female,63,4,3,Research Director,1,Married,11713,20335,9,No,14,3,1,1,10,2,3,8,7,0,5,0.0,0.778,0.222,0.625,0.556,7,0.273,0.73,1.5,Established Stage (7-12 yrs),52.6,Medium Risk,77.2,Immediate Action,Moderate Development Need,Stable Leadership Continuity,Lateral Role Rotation / New Project,3,1,0.508,0.159,-1.135,High-Risk Stagnation Profiles
PANW-1542,38,0,Travel_Rarely,168,Research & Development,1,3,Life Sciences,3,Female,81,3,3,Manufacturing Director,3,Single,7861,15397,4,Yes,14,3,4,0,10,4,4,1,0,0,0,0.0,0.0,2.0,0.0,0.0,0,0.273,1.08,3.5,Early Stage (0-2 yrs),3.8,Low Risk,56.3,Watchlist,Sufficiently Trained,Recent Manager Transition,Regular Annual Review,0,2,-2.711,-1.564,0.985,Early-Career Explorers
PANW-1543,44,0,Non-Travel,381,Research & Development,24,3,Medical,1,Male,49,1,1,Laboratory Technician,3,Single,3708,2104,2,No,14,3,3,0,9,5,3,5,2,1,4,0.167,0.333,0.833,1.333,0.667,1,0.1,1.15,2.5,Growth Stage (3-6 yrs),21.8,Low Risk,55.1,Watchlist,Sufficiently Trained,Stable Leadership Continuity,Regular Annual Review,1,4,-0.858,-0.33,-0.443,Fast-Track Performers
PANW-1544,47,0,Travel_Frequently,217,Sales,3,3,Medical,4,Female,49,3,4,Sales Executive,3,Divorced,13770,10225,9,Yes,12,3,4,2,28,2,2,22,2,11,13,0.478,0.087,0.087,4.333,0.565,-9,0.138,1.99,3.25,Veteran Stage (13+ yrs),47.2,Medium Risk,71.5,Immediate Action,Moderate Development Need,Prolonged Stagnant Manager Dyad,Manager Mentorship & Skip-Level Check-in,2,0,4.417,-3.46,2.285,Stable Long-Term Contributors
PANW-1545,30,0,Travel_Rarely,501,Sales,27,5,Marketing,3,Male,99,3,2,Sales Executive,4,Divorced,5304,25275,7,No,23,4,4,1,10,2,2,8,7,7,7,0.778,0.778,0.222,0.875,0.778,0,0.182,0.77,3.25,Established Stage (7-12 yrs),65.8,High Risk,84.3,Immediate Action,Moderate Development Need,Prolonged Stagnant Manager Dyad,Promotion & Compensation Review,3,0,1.93,1.891,0.905,High-Risk Stagnation Profiles
PANW-1546,29,0,Travel_Rarely,1396,Sales,10,3,Life Sciences,3,Male,99,3,1,Sales Representative,3,Single,2642,2755,1,No,11,3,3,0,1,6,3,1,0,0,0,0.0,0.0,3.0,0.0,0.0,0,0.5,1.01,3.0,Early Stage (0-2 yrs),3.8,Low Risk,56.3,Watchlist,Sufficiently Trained,Recent Manager Transition,Regular Annual Review,0,2,-4.434,-0.547,1.839,Early-Career Explorers
PANW-1547,42,1,Travel_Frequently,933,Research & Development,19,3,Medical,3,Male,57,4,1,Research Scientist,3,Divorced,2759,20366,6,Yes,12,3,4,0,7,2,3,2,2,2,2,0.667,0.667,0.667,0.667,0.667,0,0.125,0.85,3.25,Early Stage (0-2 yrs),33.7,Medium Risk,45.5,Already Attrited,Moderate Development Need,Moderate Manager Continuity,Exit Analysis & Knowledge Transfer,1,4,-0.646,1.58,0.474,Fast-Track Performers
PANW-1548,43,0,Travel_Frequently,775,Sales,15,3,Life Sciences,4,Male,47,2,2,Sales Executive,4,Married,6804,23683,3,No,18,3,3,1,7,5,3,2,2,2,2,0.667,0.667,1.667,0.667,0.667,0,0.25,0.98,3.5,Early Stage (0-2 yrs),29.9,Low Risk,61.7,Watchlist,Sufficiently Trained,Moderate Manager Continuity,Regular Annual Review,1,4,-1.087,1.195,1.316,Fast-Track Performers
PANW-1549,34,0,Travel_Rarely,970,Research & Development,8,2,Medical,2,Female,96,3,2,Healthcare Representative,3,Single,6142,7360,3,No,11,3,4,0,10,2,3,5,1,4,3,0.667,0.167,0.333,1.5,0.5,-3,0.182,0.82,3.0,Growth Stage (3-6 yrs),25.0,Low Risk,63.8,Watchlist,Moderate Development Need,Moderate Manager Continuity,Regular Annual Review,1,4,-0.154,-0.219,1.597,Fast-Track Performers
PANW-1550,23,0,Travel_Rarely,650,Research & Development,9,1,Medical,2,Male,37,3,1,Laboratory Technician,1,Married,2500,4344,1,No,14,3,4,1,5,2,4,4,3,0,2,0.0,0.6,0.4,0.5,0.4,3,0.167,0.77,2.75,Growth Stage (3-6 yrs),35.6,Medium Risk,67.5,Watchlist,Moderate Development Need,Moderate Manager Continuity,Regular Annual Review,1,4,-1.244,0.629,-1.274,Fast-Track Performers
PANW-1551,39,0,Travel_Rarely,141,Human Resources,3,3,Human Resources,3,Female,44,4,2,Human Resources,2,Married,6389,18767,9,No,15,3,3,1,12,3,1,8,3,3,6,0.333,0.333,0.333,1.5,0.667,0,0.154,1.51,2.25,Established Stage (7-12 yrs),35.7,Medium Risk,71.2,Immediate Action,Sufficiently Trained,Stable Leadership Continuity,Regular Annual Review,1,4,0.484,-0.499,0.214,Fast-Track Performers
PANW-1552,56,0,Travel_Rarely,832,Research & Development,9,3,Medical,3,Male,81,3,4,Healthcare Representative,4,Married,11103,20420,7,No,11,3,3,0,30,1,2,10,7,1,1,0.091,0.636,0.091,0.125,0.091,6,0.129,1.47,3.0,Established Stage (7-12 yrs),41.3,Medium Risk,69.5,Watchlist,High Development Need,Recent Manager Transition,Lateral Role Rotation / New Project,3,1,1.639,-1.09,-0.683,High-Risk Stagnation Profiles
PANW-1553,40,0,Travel_Rarely,804,Research & Development,2,1,Medical,4,Female,86,2,1,Research Scientist,4,Single,2342,22929,0,Yes,20,4,4,0,5,2,2,4,2,2,3,0.4,0.4,0.4,1.0,0.6,0,0.167,0.72,3.5,Growth Stage (3-6 yrs),23.2,Low Risk,65.6,Watchlist,Moderate Development Need,Moderate Manager Continuity,Regular Annual Review,1,4,-0.878,0.69,-0.028,Fast-Track Performers
PANW-1554,27,0,Travel_Rarely,975,Research & Development,7,3,Medical,4,Female,55,2,2,Healthcare Representative,1,Single,6811,23398,8,No,19,3,1,0,9,2,1,7,6,0,7,0.0,0.75,0.25,1.0,0.875,6,0.2,0.9,1.75,Established Stage (7-12 yrs),48.8,Medium Risk,68.3,Watchlist,Moderate Development Need,Stable Leadership Continuity,Lateral Role Rotation / New Project,3,1,0.385,0.295,-1.614,High-Risk Stagnation Profiles
PANW-1555,29,0,Travel_Rarely,1090,Sales,10,3,Marketing,4,Male,83,3,1,Sales Representative,2,Divorced,2297,17967,1,No,14,3,4,2,2,2,3,2,2,2,2,0.667,0.667,0.667,0.667,0.667,0,0.333,0.87,3.25,Early Stage (0-2 yrs),37.4,Medium Risk,68.1,Watchlist,Moderate Development Need,Moderate Manager Continuity,Regular Annual Review,1,4,-1.264,1.905,1.013,Fast-Track Performers
PANW-1556,53,0,Travel_Rarely,346,Research & Development,6,3,Life Sciences,4,Male,86,3,2,Laboratory Technician,4,Single,2450,10919,2,No,17,3,4,0,19,4,3,2,2,2,2,0.667,0.667,1.333,0.667,0.667,0,0.1,0.76,3.75,Early Stage (0-2 yrs),29.9,Low Risk,65.5,Watchlist,Sufficiently Trained,Moderate Manager Continuity,Regular Annual Review,1,4,-0.148,0.604,0.792,Fast-Track Performers
PANW-1557,35,0,Non-Travel,1225,Research & Development,2,4,Life Sciences,4,Female,61,3,2,Healthcare Representative,1,Divorced,5093,4761,2,No,11,3,1,1,16,2,4,1,0,0,0,0.0,0.0,1.0,0.0,0.0,0,0.118,0.68,2.5,Early Stage (0-2 yrs),11.2,Low Risk,58.9,Watchlist,Moderate Development Need,Recent Manager Transition,Regular Annual Review,1,2,-1.973,-1.451,-0.002,Fast-Track Performers
PANW-1558,32,0,Travel_Frequently,430,Research & Development,24,4,Life Sciences,1,Male,80,3,2,Laboratory Technician,4,Married,5309,21146,1,No,15,3,4,2,10,2,3,10,8,4,7,0.364,0.727,0.182,0.778,0.636,4,0.182,1.64,3.0,Established Stage (7-12 yrs),57.2,High Risk,75.0,Immediate Action,Moderate Development Need,Prolonged Stagnant Manager Dyad,Lateral Role Rotation / New Project,3,1,1.551,1.021,-0.234,High-Risk Stagnation Profiles
PANW-1559,38,0,Travel_Rarely,268,Research & Development,2,5,Medical,4,Male,92,3,1,Research Scientist,3,Married,3057,20471,6,Yes,13,3,2,1,6,0,1,1,0,0,1,0.0,0.0,0.0,1.0,0.5,0,0.143,0.94,2.5,Early Stage (0-2 yrs),3.8,Low Risk,56.3,Watchlist,Moderate Development Need,Recent Manager Transition,Upskilling & Training Program,1,4,-2.049,-0.853,-0.677,Fast-Track Performers
PANW-1560,34,0,Travel_Rarely,167,Research & Development,8,5,Life Sciences,2,Female,32,3,2,Manufacturing Director,1,Divorced,5121,4187,3,No,14,3,3,1,7,3,3,0,0,0,0,0.0,0.0,3.0,0.0,0.0,0,0.25,0.7,2.25,Early Stage (0-2 yrs),11.2,Low Risk,58.9,Watchlist,Sufficiently Trained,Recent Manager Transition,Regular Annual Review,0,2,-3.531,-1.2,1.211,Early-Career Explorers
PANW-1561,52,0,Travel_Rarely,621,Sales,3,4,Marketing,3,Male,31,2,4,Manager,1,Married,16856,10084,1,No,11,3,1,0,34,3,4,34,6,1,16,0.029,0.171,0.086,2.286,0.457,5,0.114,0.98,2.25,Veteran Stage (13+ yrs),37.8,Medium Risk,64.5,Watchlist,Sufficiently Trained,Stable Leadership Continuity,Regular Annual Review,2,1,4.713,-4.111,-0.606,Stable Long-Term Contributors
PANW-1562,33,1,Travel_Rarely,527,Research & Development,1,4,Other,4,Male,63,3,1,Research Scientist,4,Single,2686,5207,1,Yes,13,3,3,0,10,2,2,10,9,7,8,0.636,0.818,0.182,0.8,0.727,2,0.091,0.83,3.25,Established Stage (7-12 yrs),70.0,High Risk,54.5,Already Attrited,Moderate Development Need,Prolonged Stagnant Manager Dyad,Exit Analysis & Knowledge Transfer,3,0,2.287,2.071,0.272,High-Risk Stagnation Profiles
PANW-1563,25,0,Travel_Rarely,883,Sales,26,1,Medical,3,Female,32,3,2,Sales Executive,4,Single,6180,22807,1,No,23,4,2,0,6,5,2,6,5,1,4,0.143,0.714,0.714,0.667,0.571,4,0.286,0.89,2.75,Growth Stage (3-6 yrs),37.0,Medium Risk,74.2,Immediate Action,Sufficiently Trained,Stable Leadership Continuity,Lateral Role Rotation / New Project,1,4,-0.473,0.771,-0.645,Fast-Track Performers
PANW-1564,45,0,Travel_Rarely,954,Sales,2,2,Technical Degree,2,Male,46,1,2,Sales Representative,3,Single,6632,12388,0,No,13,3,1,0,9,3,3,8,7,3,1,0.333,0.778,0.333,0.125,0.111,4,0.2,2.53,2.25,Established Stage (7-12 yrs),55.6,High Risk,67.0,Watchlist,Sufficiently Trained,Recent Manager Transition,Lateral Role Rotation / New Project,3,1,0.383,1.397,-0.158,High-Risk Stagnation Profiles
PANW-1565,23,0,Travel_Rarely,310,Research & Development,10,1,Medical,1,Male,79,4,1,Research Scientist,3,Single,3505,19630,1,No,18,3,4,0,2,3,3,2,2,0,2,0.0,0.667,1.0,0.667,0.667,2,0.333,1.08,2.75,Early Stage (0-2 yrs),26.7,Low Risk,68.1,Watchlist,Sufficiently Trained,Moderate Manager Continuity,Regular Annual Review,1,4,-2.121,0.84,-0.66,Fast-Track Performers
PANW-1566,47,1,Travel_Frequently,719,Sales,27,2,Life Sciences,2,Female,77,4,2,Sales Executive,3,Single,6397,10339,4,Yes,12,3,4,0,8,2,3,5,4,1,3,0.167,0.667,0.333,0.6,0.5,3,0.222,0.92,3.0,Growth Stage (3-6 yrs),36.4,Medium Risk,46.5,Already Attrited,Moderate Development Need,Moderate Manager Continuity,Exit Analysis & Knowledge Transfer,1,4,-0.364,0.554,-0.545,Fast-Track Performers
PANW-1567,34,0,Travel_Rarely,304,Sales,2,3,Other,4,Male,60,3,2,Sales Executive,4,Single,6274,18686,1,No,22,4,3,0,6,5,3,6,5,1,4,0.143,0.714,0.714,0.667,0.571,4,0.286,0.91,3.5,Growth Stage (3-6 yrs),37.0,Medium Risk,74.2,Immediate Action,Sufficiently Trained,Stable Leadership Continuity,Lateral Role Rotation / New Project,1,4,-0.469,0.762,-0.619,Fast-Track Performers
PANW-1568,55,1,Travel_Rarely,725,Research & Development,2,3,Medical,4,Male,78,3,5,Manager,1,Married,19859,21199,5,Yes,13,3,4,1,24,2,3,5,2,1,4,0.167,0.333,0.333,1.333,0.667,1,0.2,1.16,3.0,Growth Stage (3-6 yrs),29.3,Low Risk,40.3,Already Attrited,Moderate Development Need,Stable Leadership Continuity,Exit Analysis & Knowledge Transfer,1,1,0.794,-2.323,0.356,Fast-Track Performers
PANW-1569,36,0,Non-Travel,1434,Sales,8,4,Life Sciences,1,Male,76,2,3,Sales Executive,1,Single,7587,14229,1,No,15,3,2,0,10,1,3,10,7,0,9,0.0,0.636,0.091,1.125,0.818,7,0.273,1.1,1.75,Established Stage (7-12 yrs),49.0,Medium Risk,68.4,Watchlist,High Development Need,Stable Leadership Continuity,Lateral Role Rotation / New Project,3,1,1.055,-0.417,-1.157,High-Risk Stagnation Profiles
PANW-1570,52,0,Non-Travel,715,Research & Development,19,4,Medical,4,Male,41,3,1,Research Scientist,4,Married,4258,26589,0,No,18,3,1,1,5,3,3,4,3,1,2,0.2,0.6,0.6,0.5,0.4,2,0.167,1.31,3.0,Growth Stage (3-6 yrs),27.9,Low Risk,64.8,Watchlist,Sufficiently Trained,Moderate Manager Continuity,Regular Annual Review,1,4,-1.096,0.975,-0.706,Fast-Track Performers
PANW-1571,26,0,Travel_Frequently,575,Research & Development,1,2,Life Sciences,1,Female,71,1,1,Laboratory Technician,4,Divorced,4364,5288,3,No,14,3,1,1,5,2,3,2,2,2,0,0.667,0.667,0.667,0.0,0.0,0,0.167,1.35,2.25,Early Stage (0-2 yrs),29.9,Low Risk,58.0,Watchlist,Moderate Development Need,Recent Manager Transition,Regular Annual Review,1,4,-1.112,1.998,0.585,Fast-Track Performers
PANW-1572,29,0,Travel_Rarely,657,Research & Development,27,3,Medical,2,Female,66,3,2,Healthcare Representative,3,Married,4335,25549,4,No,12,3,1,1,11,3,2,8,7,1,1,0.111,0.778,0.333,0.125,0.111,6,0.167,0.58,2.0,Established Stage (7-12 yrs),48.6,Medium Risk,72.0,Immediate Action,Sufficiently Trained,Recent Manager Transition,Lateral Role Rotation / New Project,1,1,0.165,0.861,-1.008,Fast-Track Performers
PANW-1573,26,1,Travel_Rarely,1146,Sales,8,3,Technical Degree,4,Male,38,2,2,Sales Executive,1,Single,5326,3064,6,No,17,3,3,0,6,2,2,4,3,1,2,0.2,0.6,0.4,0.5,0.4,2,0.286,0.77,2.5,Growth Stage (3-6 yrs),39.1,Medium Risk,39.9,Already Attrited,Moderate Development Need,Moderate Manager Continuity,Exit Analysis & Knowledge Transfer,1,4,-0.944,0.643,-0.256,Fast-Track Performers
PANW-1574,34,0,Travel_Rarely,182,Research & Development,1,4,Life Sciences,2,Female,72,4,1,Research Scientist,4,Single,3280,13551,2,No,16,3,3,0,10,2,3,4,2,1,3,0.2,0.4,0.4,1.0,0.6,1,0.091,1.01,3.0,Growth Stage (3-6 yrs),19.8,Low Risk,65.7,Watchlist,Moderate Development Need,Moderate Manager Continuity,Regular Annual Review,1,4,-0.755,0.05,-0.706,Fast-Track Performers
PANW-1575,54,0,Travel_Rarely,376,Research & Development,19,4,Medical,4,Female,95,3,2,Manufacturing Director,1,Divorced,5485,22670,9,Yes,11,3,2,2,9,4,3,5,3,1,4,0.167,0.5,0.667,1.0,0.667,2,0.2,0.75,2.5,Growth Stage (3-6 yrs),36.6,Medium Risk,67.8,Watchlist,Sufficiently Trained,Stable Leadership Continuity,Regular Annual Review,1,4,-0.51,-0.123,-0.215,Fast-Track Performers
PANW-1576,27,0,Travel_Frequently,829,Sales,8,1,Marketing,3,Male,84,3,2,Sales Executive,4,Married,4342,24008,0,No,19,3,2,1,5,3,3,4,2,1,1,0.2,0.4,0.6,0.333,0.2,1,0.333,0.63,3.0,Growth Stage (3-6 yrs),19.8,Low Risk,61.9,Watchlist,Sufficiently Trained,Recent Manager Transition,Regular Annual Review,1,4,-1.572,0.318,0.212,Fast-Track Performers
PANW-1577,37,0,Travel_Rarely,571,Research & Development,10,1,Life Sciences,4,Female,82,3,1,Research Scientist,1,Divorced,2782,19905,0,Yes,13,3,2,2,6,3,2,5,3,4,3,0.667,0.5,0.5,0.75,0.5,-1,0.143,0.86,2.25,Growth Stage (3-6 yrs),47.1,Medium Risk,71.5,Immediate Action,Sufficiently Trained,Moderate Manager Continuity,Regular Annual Review,1,4,-0.173,1.368,0.867,Fast-Track Performers
PANW-1578,38,0,Travel_Frequently,240,Research & Development,2,4,Life Sciences,1,Female,75,4,2,Manufacturing Director,1,Single,5980,26085,6,Yes,12,3,4,0,17,2,3,15,7,4,12,0.25,0.438,0.125,1.5,0.75,3,0.111,0.82,2.25,Veteran Stage (13+ yrs),58.1,High Risk,79.1,Immediate Action,Moderate Development Need,Prolonged Stagnant Manager Dyad,Manager Mentorship & Skip-Level Check-in,3,1,2.529,-0.666,-0.348,High-Risk Stagnation Profiles
PANW-1579,34,0,Travel_Rarely,121,Research & Development,2,4,Medical,3,Female,86,2,1,Research Scientist,1,Single,4381,7530,1,No,11,3,3,0,6,3,3,6,5,1,3,0.143,0.714,0.429,0.5,0.429,4,0.143,1.35,2.5,Growth Stage (3-6 yrs),48.2,Medium Risk,68.1,Watchlist,Sufficiently Trained,Moderate Manager Continuity,Lateral Role Rotation / New Project,1,4,-0.4,1.076,-1.02,Fast-Track Performers
PANW-1580,35,0,Travel_Rarely,384,Sales,8,4,Life Sciences,1,Female,72,3,1,Sales Representative,4,Married,2572,20317,1,No,16,3,2,1,3,1,2,3,2,0,2,0.0,0.5,0.25,0.667,0.5,2,0.25,0.98,2.25,Growth Stage (3-6 yrs),18.8,Low Risk,61.6,Watchlist,Moderate Development Need,Moderate Manager Continuity,Upskilling & Training Program,1,4,-1.668,0.493,-1.009,Fast-Track Performers
PANW-1581,30,0,Travel_Rarely,921,Research & Development,1,3,Life Sciences,4,Male,38,1,1,Laboratory Technician,3,Married,3833,24375,3,No,21,4,3,2,7,2,3,2,2,0,2,0.0,0.667,0.667,0.667,0.667,2,0.125,1.18,3.25,Early Stage (0-2 yrs),26.7,Low Risk,63.1,Watchlist,Moderate Development Need,Moderate Manager Continuity,Regular Annual Review,1,4,-1.383,0.608,-1.487,Fast-Track Performers
PANW-1582,40,0,Travel_Frequently,791,Research & Development,2,2,Medical,3,Female,38,4,2,Healthcare Representative,2,Married,4244,9931,1,No,24,4,4,1,8,2,3,8,7,3,7,0.333,0.778,0.222,0.875,0.778,4,0.222,0.56,3.0,Established Stage (7-12 yrs),59.3,High Risk,85.8,Immediate Action,Moderate Development Need,Stable Leadership Continuity,Lateral Role Rotation / New Project,3,0,1.025,1.169,-0.589,High-Risk Stagnation Profiles
PANW-1583,34,0,Travel_Rarely,1111,Sales,8,2,Life Sciences,3,Female,93,3,2,Sales Executive,1,Married,6500,13305,5,No,17,3,2,1,6,1,3,3,2,1,2,0.25,0.5,0.25,0.667,0.5,1,0.286,0.94,2.25,Growth Stage (3-6 yrs),33.5,Medium Risk,66.7,Watchlist,Moderate Development Need,Moderate Manager Continuity,Upskilling & Training Program,1,4,-1.079,0.437,-0.068,Fast-Track Performers
PANW-1584,42,0,Travel_Frequently,570,Research & Development,8,3,Life Sciences,2,Male,66,3,5,Manager,4,Divorced,18430,16225,1,No,13,3,2,1,24,4,2,24,7,14,9,0.56,0.28,0.16,1.125,0.36,-7,0.2,1.07,2.5,Veteran Stage (13+ yrs),63.9,High Risk,77.4,Immediate Action,Sufficiently Trained,Prolonged Stagnant Manager Dyad,Promotion & Compensation Review,2,0,4.726,-1.39,2.947,Stable Long-Term Contributors
PANW-1585,23,1,Travel_Rarely,1243,Research & Development,6,3,Life Sciences,3,Male,63,4,1,Laboratory Technician,1,Married,1601,3445,1,Yes,21,4,3,2,1,2,3,0,0,0,0,0.0,0.0,2.0,0.0,0.0,0,0.5,0.49,2.5,Early Stage (0-2 yrs),11.2,Low Risk,43.9,Already Attrited,Moderate Development Need,Recent Manager Transition,Exit Analysis & Knowledge Transfer,0,2,-4.12,-0.286,1.102,Early-Career Explorers
PANW-1586,24,0,Non-Travel,1092,Research & Development,9,3,Life Sciences,3,Male,60,2,1,Laboratory Technician,2,Divorced,2694,26551,1,No,11,3,3,3,1,4,3,1,0,0,0,0.0,0.0,2.0,0.0,0.0,0,0.5,0.83,2.75,Early Stage (0-2 yrs),7.5,Low Risk,53.9,Watchlist,Sufficiently Trained,Recent Manager Transition,Regular Annual Review,0,2,-4.01,-0.406,1.369,Early-Career Explorers
PANW-1587,52,0,Travel_Rarely,1325,Research & Development,11,4,Life Sciences,4,Female,82,3,2,Laboratory Technician,3,Married,3149,21821,8,No,20,4,2,1,9,3,3,5,2,1,4,0.167,0.333,0.5,1.333,0.667,1,0.2,0.97,3.0,Growth Stage (3-6 yrs),21.8,Low Risk,68.9,Watchlist,Sufficiently Trained,Stable Leadership Continuity,Regular Annual Review,1,4,-0.686,-0.536,-0.301,Fast-Track Performers
PANW-1588,50,0,Travel_Rarely,691,Research & Development,2,3,Medical,3,Male,64,3,4,Research Director,3,Married,17639,6881,5,No,16,3,4,0,30,3,3,4,3,0,3,0.0,0.6,0.6,0.75,0.6,3,0.129,1.1,3.25,Growth Stage (3-6 yrs),28.1,Low Risk,64.8,Watchlist,Sufficiently Trained,Moderate Manager Continuity,Regular Annual Review,1,1,0.672,-1.736,-0.78,Fast-Track Performers
PANW-1589,29,1,Travel_Rarely,805,Research & Development,1,2,Life Sciences,2,Female,36,2,1,Laboratory Technician,1,Married,2319,6689,1,Yes,11,3,4,1,1,1,3,1,0,0,0,0.0,0.0,0.5,0.0,0.0,0,0.5,0.72,2.5,Early Stage (0-2 yrs),11.2,Low Risk,30.2,Already Attrited,Moderate Development Need,Recent Manager Transition,Exit Analysis & Knowledge Transfer,0,2,-3.374,-0.196,0.663,Early-Career Explorers
PANW-1590,33,0,Travel_Rarely,213,Research & Development,7,3,Medical,3,Male,49,3,3,Research Director,3,Married,11691,25995,0,No,11,3,4,0,14,3,4,13,9,3,7,0.214,0.643,0.214,0.7,0.5,6,0.2,0.73,3.5,Veteran Stage (13+ yrs),55.3,High Risk,74.4,Immediate Action,Sufficiently Trained,Stable Leadership Continuity,Lateral Role Rotation / New Project,3,1,1.946,0.031,-0.298,High-Risk Stagnation Profiles
PANW-1591,33,1,Travel_Rarely,118,Sales,16,3,Marketing,1,Female,69,3,2,Sales Executive,1,Single,5324,26507,5,No,15,3,3,0,6,3,3,3,2,0,2,0.0,0.5,0.75,0.667,0.5,2,0.286,0.77,2.0,Growth Stage (3-6 yrs),30.0,Medium Risk,40.5,Already Attrited,Sufficiently Trained,Moderate Manager Continuity,Exit Analysis & Knowledge Transfer,1,4,-1.57,-0.061,-0.466,Fast-Track Performers
PANW-1592,47,0,Travel_Rarely,202,Research & Development,2,2,Other,3,Female,33,3,4,Manager,4,Married,16752,12982,1,Yes,11,3,3,1,26,3,2,26,14,3,0,0.111,0.519,0.111,0.0,0.0,11,0.148,0.97,3.0,Veteran Stage (13+ yrs),48.5,Medium Risk,72.0,Immediate Action,Sufficiently Trained,Recent Manager Transition,Regular Annual Review,2,1,3.214,-0.91,-0.377,Stable Long-Term Contributors
PANW-1593,36,0,Travel_Rarely,676,Research & Development,1,3,Other,3,Female,35,3,2,Manufacturing Director,2,Married,5228,23361,0,No,15,3,1,1,10,2,3,9,7,0,5,0.0,0.7,0.2,0.625,0.5,7,0.182,0.72,2.25,Established Stage (7-12 yrs),46.9,Medium Risk,71.4,Immediate Action,Moderate Development Need,Stable Leadership Continuity,Lateral Role Rotation / New Project,3,1,0.438,0.301,-1.513,High-Risk Stagnation Profiles
PANW-1594,29,0,Travel_Rarely,1252,Research & Development,23,2,Life Sciences,3,Male,81,4,1,Research Scientist,3,Married,2700,23779,1,No,24,4,3,1,10,3,3,10,7,0,7,0.0,0.636,0.273,0.875,0.636,7,0.091,0.83,3.0,Established Stage (7-12 yrs),41.5,Medium Risk,79.5,Immediate Action,Sufficiently Trained,Stable Leadership Continuity,Lateral Role Rotation / New Project,3,1,0.546,0.399,-2.123,High-Risk Stagnation Profiles
PANW-1595,58,1,Travel_Rarely,286,Research & Development,2,4,Life Sciences,4,Male,31,3,5,Research Director,2,Single,19246,25761,7,Yes,12,3,4,0,40,2,3,31,15,13,8,0.406,0.469,0.062,0.5,0.25,2,0.122,1.2,3.25,Veteran Stage (13+ yrs),79.2,High Risk,57.7,Already Attrited,Moderate Development Need,Prolonged Stagnant Manager Dyad,Exit Analysis & Knowledge Transfer,2,0,6.665,-1.506,1.767,Stable Long-Term Contributors
PANW-1596,35,0,Travel_Rarely,1258,Research & Development,1,4,Life Sciences,4,Female,40,4,1,Research Scientist,3,Single,2506,13301,3,No,13,3,3,0,7,0,3,2,2,2,2,0.667,0.667,0.0,0.667,0.667,0,0.125,0.77,3.25,Early Stage (0-2 yrs),33.7,Medium Risk,70.5,Immediate Action,Moderate Development Need,Moderate Manager Continuity,Upskilling & Training Program,1,4,-0.367,1.683,0.134,Fast-Track Performers
PANW-1597,42,0,Travel_Rarely,932,Research & Development,1,2,Life Sciences,4,Female,43,2,2,Manufacturing Director,4,Married,6062,4051,9,Yes,13,3,4,1,8,4,3,4,3,0,2,0.0,0.6,0.8,0.5,0.4,3,0.222,0.83,3.75,Growth Stage (3-6 yrs),24.4,Low Risk,59.8,Watchlist,Sufficiently Trained,Moderate Manager Continuity,Regular Annual Review,1,4,-1.139,0.095,-0.723,Fast-Track Performers
PANW-1598,28,1,Travel_Rarely,890,Research & Development,2,4,Medical,3,Male,46,3,1,Research Scientist,3,Single,4382,16374,6,No,17,3,4,0,5,3,2,2,2,2,1,0.667,0.667,1.0,0.333,0.333,0,0.167,1.35,3.0,Early Stage (0-2 yrs),33.7,Medium Risk,41.8,Already Attrited,Sufficiently Trained,Recent Manager Transition,Exit Analysis & Knowledge Transfer,1,4,-1.12,1.835,0.638,Fast-Track Performers
PANW-1599,36,0,Travel_Rarely,1041,Human Resources,13,3,Human Resources,3,Male,36,3,1,Human Resources,2,Married,2143,25527,4,No,13,3,2,1,8,2,3,5,2,0,4,0.0,0.333,0.333,1.333,0.667,2,0.111,0.51,2.5,Growth Stage (3-6 yrs),22.1,Low Risk,62.7,Watchlist,Moderate Development Need,Stable Leadership Continuity,Regular Annual Review,1,4,-0.931,-0.508,-1.134,Fast-Track Performers
PANW-1600,32,0,Travel_Rarely,859,Research & Development,4,3,Life Sciences,3,Female,98,2,2,Manufacturing Director,3,Married,6162,19124,1,No,12,3,3,1,14,3,3,14,13,6,8,0.4,0.867,0.2,0.571,0.533,7,0.133,0.84,3.0,Veteran Stage (13+ yrs),71.4,High Risk,76.2,Immediate Action,Sufficiently Trained,Prolonged Stagnant Manager Dyad,Promotion & Compensation Review,3,1,3.044,1.481,-0.261,High-Risk Stagnation Profiles
PANW-1601,40,0,Travel_Frequently,720,Research & Development,16,4,Medical,1,Male,51,2,2,Laboratory Technician,3,Single,5094,11983,6,No,14,3,4,0,10,6,3,1,0,0,0,0.0,0.0,3.0,0.0,0.0,0,0.182,1.57,2.75,Early Stage (0-2 yrs),3.8,Low Risk,52.6,Watchlist,Sufficiently Trained,Recent Manager Transition,Regular Annual Review,0,2,-3.209,-1.393,1.024,Early-Career Explorers
PANW-1602,30,0,Travel_Rarely,946,Research & Development,2,3,Medical,3,Female,52,2,2,Manufacturing Director,4,Single,6877,20234,5,Yes,24,4,2,0,12,4,2,0,0,0,0,0.0,0.0,4.0,0.0,0.0,0,0.154,0.94,2.75,Early Stage (0-2 yrs),0.0,Low Risk,57.5,Watchlist,Sufficiently Trained,Recent Manager Transition,Regular Annual Review,0,2,-3.605,-1.518,1.154,Early-Career Explorers
PANW-1603,45,0,Travel_Rarely,252,Research & Development,2,3,Life Sciences,2,Female,95,2,1,Research Scientist,3,Single,2274,6153,1,No,14,3,4,0,1,3,3,1,0,0,0,0.0,0.0,1.5,0.0,0.0,0,0.5,0.7,3.0,Early Stage (0-2 yrs),3.8,Low Risk,52.6,Watchlist,Sufficiently Trained,Recent Manager Transition,Regular Annual Review,0,2,-3.812,-0.308,1.054,Early-Career Explorers
PANW-1604,42,0,Travel_Rarely,933,Research & Development,29,3,Life Sciences,2,Male,98,3,2,Manufacturing Director,2,Married,4434,11806,1,No,13,3,4,1,10,3,2,9,8,7,8,0.7,0.8,0.3,0.889,0.8,1,0.182,0.61,2.5,Established Stage (7-12 yrs),77.0,High Risk,82.0,Immediate Action,Sufficiently Trained,Prolonged Stagnant Manager Dyad,Promotion & Compensation Review,3,0,2.182,1.729,0.954,High-Risk Stagnation Profiles
PANW-1605,38,0,Travel_Frequently,471,Research & Development,12,3,Life Sciences,1,Male,45,2,2,Healthcare Representative,1,Divorced,6288,4284,2,No,15,3,3,1,13,3,2,4,3,1,2,0.2,0.6,0.6,0.5,0.4,2,0.143,0.84,1.75,Growth Stage (3-6 yrs),39.1,Medium Risk,64.9,Watchlist,Sufficiently Trained,Moderate Manager Continuity,Regular Annual Review,1,4,-0.451,0.212,-0.501,Fast-Track Performers
PANW-1606,34,0,Travel_Frequently,702,Research & Development,16,4,Life Sciences,3,Female,100,2,1,Research Scientist,4,Single,2553,8306,1,No,16,3,3,0,6,3,3,5,2,1,3,0.167,0.333,0.5,1.0,0.5,1,0.143,0.79,3.25,Growth Stage (3-6 yrs),18.1,Low Risk,57.6,Watchlist,Sufficiently Trained,Moderate Manager Continuity,Regular Annual Review,1,4,-1.081,0.039,-0.514,Fast-Track Performers
PANW-1607,49,1,Travel_Rarely,1184,Sales,11,3,Marketing,3,Female,43,3,3,Sales Executive,4,Married,7654,5860,1,No,18,3,1,2,9,3,4,9,8,7,7,0.7,0.8,0.3,0.778,0.7,1,0.3,1.11,3.0,Established Stage (7-12 yrs),69.5,High Risk,54.3,Already Attrited,Sufficiently Trained,Prolonged Stagnant Manager Dyad,Exit Analysis & Knowledge Transfer,3,0,2.02,1.584,1.352,High-Risk Stagnation Profiles
PANW-1608,55,1,Travel_Rarely,436,Sales,2,1,Medical,3,Male,37,3,2,Sales Executive,4,Single,5160,21519,4,No,16,3,3,0,12,3,2,9,7,7,3,0.7,0.7,0.3,0.375,0.3,0,0.154,0.75,3.0,Established Stage (7-12 yrs),63.9,High Risk,52.4,Already Attrited,Sufficiently Trained,Moderate Manager Continuity,Exit Analysis & Knowledge Transfer,3,0,1.522,1.683,1.078,High-Risk Stagnation Profiles
PANW-1609,43,0,Travel_Rarely,589,Research & Development,14,2,Life Sciences,2,Male,94,3,4,Research Director,1,Married,17159,5200,6,No,24,4,3,1,22,3,3,4,1,1,0,0.2,0.2,0.6,0.0,0.0,0,0.174,1.07,2.25,Growth Stage (3-6 yrs),22.9,Low Risk,69.3,Watchlist,Sufficiently Trained,Recent Manager Transition,Regular Annual Review,1,1,-0.497,-1.505,0.298,Fast-Track Performers
PANW-1610,27,0,Travel_Rarely,269,Research & Development,5,1,Technical Degree,3,Male,42,2,3,Research Director,4,Divorced,12808,8842,1,Yes,16,3,2,1,9,3,3,9,8,0,8,0.0,0.8,0.3,0.889,0.8,8,0.3,0.8,3.0,Established Stage (7-12 yrs),45.0,Medium Risk,67.0,Watchlist,Sufficiently Trained,Stable Leadership Continuity,Lateral Role Rotation / New Project,3,1,0.913,0.145,-1.214,High-Risk Stagnation Profiles
PANW-1611,35,0,Travel_Rarely,950,Research & Development,7,3,Other,3,Male,59,3,3,Manufacturing Director,3,Single,10221,18869,3,No,21,4,2,0,17,3,4,8,5,1,6,0.111,0.556,0.333,1.0,0.667,4,0.167,1.4,3.0,Established Stage (7-12 yrs),36.8,Medium Risk,74.1,Immediate Action,Sufficiently Trained,Stable Leadership Continuity,Regular Annual Review,3,1,0.864,-0.682,-0.848,High-Risk Stagnation Profiles
PANW-1612,28,0,Travel_Rarely,760,Sales,2,4,Marketing,2,Female,81,3,2,Sales Executive,2,Married,4779,3698,1,Yes,20,4,1,0,8,2,3,8,7,7,5,0.778,0.778,0.222,0.625,0.556,0,0.222,0.69,2.0,Established Stage (7-12 yrs),73.3,High Risk,86.9,Immediate Action,Moderate Development Need,Prolonged Stagnant Manager Dyad,Promotion & Compensation Review,3,0,1.539,2.106,1.144,High-Risk Stagnation Profiles
PANW-1613,34,0,Travel_Rarely,829,Human Resources,3,2,Human Resources,3,Male,88,3,1,Human Resources,4,Married,3737,2243,0,No,19,3,3,1,4,1,1,3,2,0,2,0.0,0.5,0.25,0.667,0.5,2,0.2,0.88,2.75,Growth Stage (3-6 yrs),18.8,Low Risk,61.6,Watchlist,Moderate Development Need,Moderate Manager Continuity,Upskilling & Training Program,1,4,-1.544,0.457,-1.231,Fast-Track Performers
PANW-1614,26,1,Travel_Frequently,887,Research & Development,5,2,Medical,3,Female,88,2,1,Research Scientist,3,Married,2366,20898,1,Yes,14,3,1,1,8,2,3,8,7,1,7,0.111,0.778,0.222,0.875,0.778,6,0.111,0.73,2.5,Established Stage (7-12 yrs),48.6,Medium Risk,43.3,Already Attrited,Moderate Development Need,Stable Leadership Continuity,Exit Analysis & Knowledge Transfer,3,1,0.664,0.961,-1.601,High-Risk Stagnation Profiles
PANW-1615,27,0,Non-Travel,443,Research & Development,3,3,Medical,4,Male,50,3,1,Research Scientist,4,Married,1706,16571,1,No,11,3,3,3,0,6,2,0,0,0,0,0.0,0.0,6.0,0.0,0.0,0,1.0,0.53,3.25,Early Stage (0-2 yrs),0.0,Low Risk,55.0,Watchlist,Sufficiently Trained,Recent Manager Transition,Regular Annual Review,0,2,-6.772,-0.739,4.714,Early-Career Explorers
PANW-1616,51,0,Travel_Rarely,1318,Sales,26,4,Marketing,1,Female,66,3,4,Manager,3,Married,16307,5594,2,No,14,3,3,1,29,2,2,20,6,4,17,0.19,0.286,0.095,2.429,0.81,2,0.133,0.95,2.25,Veteran Stage (13+ yrs),43.6,Medium Risk,70.3,Immediate Action,Moderate Development Need,Prolonged Stagnant Manager Dyad,Manager Mentorship & Skip-Level Check-in,2,1,4.185,-2.929,-0.003,Stable Long-Term Contributors
PANW-1617,44,0,Travel_Rarely,625,Research & Development,4,3,Medical,4,Male,50,3,2,Healthcare Representative,2,Single,5933,5197,9,No,12,3,4,0,10,2,2,5,2,2,3,0.333,0.333,0.333,1.0,0.5,0,0.182,0.79,3.0,Growth Stage (3-6 yrs),29.1,Low Risk,65.2,Watchlist,Moderate Development Need,Moderate Manager Continuity,Regular Annual Review,1,4,-0.424,-0.208,0.317,Fast-Track Performers
PANW-1618,25,0,Travel_Rarely,180,Research & Development,2,1,Medical,1,Male,65,4,1,Research Scientist,1,Single,3424,21632,7,No,13,3,3,0,6,3,2,4,3,0,1,0.0,0.6,0.6,0.25,0.2,3,0.143,1.06,1.75,Growth Stage (3-6 yrs),35.6,Medium Risk,71.2,Immediate Action,Sufficiently Trained,Recent Manager Transition,Regular Annual Review,1,4,-1.372,0.649,-1.196,Fast-Track Performers
PANW-1619,33,0,Travel_Rarely,586,Sales,1,3,Medical,1,Male,48,4,2,Sales Executive,1,Divorced,4037,21816,1,No,22,4,1,1,9,5,3,9,8,0,8,0.0,0.8,0.5,0.889,0.8,8,0.2,0.58,1.5,Established Stage (7-12 yrs),56.2,High Risk,84.7,Immediate Action,Sufficiently Trained,Stable Leadership Continuity,Lateral Role Rotation / New Project,3,1,0.745,0.482,-1.737,High-Risk Stagnation Profiles
PANW-1620,35,0,Travel_Rarely,1343,Research & Development,27,1,Medical,3,Female,53,2,1,Research Scientist,1,Single,2559,17852,1,No,11,3,4,0,6,3,2,6,5,1,1,0.143,0.714,0.429,0.167,0.143,4,0.143,0.79,2.5,Growth Stage (3-6 yrs),48.2,Medium Risk,68.1,Watchlist,Sufficiently Trained,Recent Manager Transition,Lateral Role Rotation / New Project,1,4,-0.653,1.241,-0.971,Fast-Track Performers
PANW-1621,36,0,Travel_Rarely,928,Sales,1,2,Life Sciences,2,Male,56,3,2,Sales Executive,4,Married,6201,2823,1,Yes,14,3,4,1,18,1,2,18,14,4,11,0.211,0.737,0.053,0.733,0.579,10,0.105,0.9,3.0,Veteran Stage (13+ yrs),57.4,High Risk,75.1,Immediate Action,High Development Need,Prolonged Stagnant Manager Dyad,Lateral Role Rotation / New Project,3,1,3.57,0.522,-1.13,High-Risk Stagnation Profiles
PANW-1622,32,0,Travel_Rarely,117,Sales,13,4,Life Sciences,2,Male,73,3,2,Sales Executive,4,Divorced,4403,9250,2,No,11,3,3,1,8,3,2,5,2,0,3,0.0,0.333,0.5,1.0,0.5,2,0.222,0.64,2.75,Growth Stage (3-6 yrs),14.6,Low Risk,60.1,Watchlist,Sufficiently Trained,Moderate Manager Continuity,Regular Annual Review,1,4,-1.103,-0.71,-0.489,Fast-Track Performers
PANW-1623,30,0,Travel_Frequently,1012,Research & Development,5,4,Life Sciences,2,Male,75,2,1,Research Scientist,4,Divorced,3761,2373,9,No,12,3,2,1,10,3,2,5,4,0,3,0.0,0.667,0.5,0.6,0.5,4,0.091,1.16,2.5,Growth Stage (3-6 yrs),29.2,Low Risk,61.5,Watchlist,Sufficiently Trained,Moderate Manager Continuity,Lateral Role Rotation / New Project,1,4,-0.574,0.443,-1.518,Fast-Track Performers
PANW-1624,53,0,Travel_Rarely,661,Sales,7,2,Marketing,1,Female,78,2,3,Sales Executive,4,Married,10934,20715,7,Yes,18,3,4,1,35,3,3,5,2,0,4,0.0,0.333,0.5,1.333,0.667,2,0.083,1.58,3.0,Growth Stage (3-6 yrs),14.6,Low Risk,56.4,Watchlist,Sufficiently Trained,Stable Leadership Continuity,Regular Annual Review,1,1,0.665,-2.48,-0.837,Fast-Track Performers
PANW-1625,45,0,Travel_Rarely,930,Sales,9,3,Marketing,4,Male,74,3,3,Sales Executive,1,Divorced,10761,19239,4,Yes,12,3,3,1,18,2,3,5,4,0,2,0.0,0.667,0.333,0.4,0.333,4,0.158,1.55,2.75,Growth Stage (3-6 yrs),40.4,Medium Risk,69.1,Watchlist,Moderate Development Need,Moderate Manager Continuity,Lateral Role Rotation / New Project,1,4,0.072,-0.485,-1.017,Fast-Track Performers
PANW-1626,32,0,Travel_Rarely,638,Research & Development,8,2,Medical,3,Female,91,4,2,Research Scientist,3,Married,5175,22162,5,No,12,3,3,1,9,3,2,5,3,1,3,0.167,0.5,0.5,0.75,0.5,2,0.2,1.6,2.75,Growth Stage (3-6 yrs),29.1,Low Risk,68.9,Watchlist,Sufficiently Trained,Moderate Manager Continuity,Regular Annual Review,1,4,-0.58,0.023,-0.296,Fast-Track Performers
PANW-1627,52,0,Travel_Frequently,890,Research & Development,25,4,Medical,3,Female,81,2,4,Manufacturing Director,4,Married,13826,19028,3,No,22,4,3,0,31,3,3,9,8,0,0,0.0,0.8,0.3,0.0,0.0,8,0.125,1.9,3.25,Established Stage (7-12 yrs),45.0,Medium Risk,73.2,Immediate Action,Sufficiently Trained,Recent Manager Transition,Lateral Role Rotation / New Project,3,1,1.44,-0.764,-1.44,High-Risk Stagnation Profiles
PANW-1628,37,0,Travel_Rarely,342,Sales,16,4,Marketing,4,Male,66,2,2,Sales Executive,3,Divorced,6334,24558,4,No,19,3,4,2,9,2,3,1,0,0,0,0.0,0.0,1.0,0.0,0.0,0,0.2,0.91,3.5,Early Stage (0-2 yrs),3.8,Low Risk,52.6,Watchlist,Moderate Development Need,Recent Manager Transition,Regular Annual Review,0,2,-2.461,-1.011,-0.001,Early-Career Explorers
PANW-1629,28,0,Travel_Rarely,1169,Human Resources,8,2,Medical,2,Male,63,2,1,Human Resources,4,Divorced,4936,23965,1,No,13,3,4,1,6,6,3,5,1,0,4,0.0,0.167,1.0,2.0,0.667,1,0.143,1.17,3.25,Growth Stage (3-6 yrs),7.3,Low Risk,53.8,Watchlist,Sufficiently Trained,Stable Leadership Continuity,Regular Annual Review,1,4,-1.525,-1.138,-0.503,Fast-Track Performers
PANW-1630,22,0,Travel_Rarely,1230,Research & Development,1,2,Life Sciences,4,Male,33,2,2,Manufacturing Director,4,Married,4775,19146,6,No,22,4,1,2,4,2,1,2,2,2,2,0.667,0.667,0.667,0.667,0.667,0,0.4,0.65,2.5,Early Stage (0-2 yrs),29.9,Low Risk,68.0,Watchlist,Moderate Development Need,Moderate Manager Continuity,Regular Annual Review,1,4,-1.095,1.565,1.169,Fast-Track Performers
PANW-1631,44,0,Travel_Rarely,986,Research & Development,8,4,Life Sciences,1,Male,62,4,1,Laboratory Technician,4,Married,2818,5044,2,Yes,24,4,3,1,10,2,2,3,2,0,2,0.0,0.5,0.5,0.667,0.5,2,0.091,0.87,2.5,Growth Stage (3-6 yrs),18.8,Low Risk,71.6,Immediate Action,Moderate Development Need,Moderate Manager Continuity,Regular Annual Review,1,4,-1.21,0.144,-1.543,Fast-Track Performers
PANW-1632,42,0,Travel_Frequently,1271,Research & Development,2,1,Medical,2,Male,35,3,1,Research Scientist,4,Single,2515,9068,5,Yes,14,3,4,0,8,2,3,2,1,2,2,0.667,0.333,0.667,1.0,0.667,-1,0.111,0.78,3.25,Early Stage (0-2 yrs),18.5,Low Risk,61.5,Watchlist,Moderate Development Need,Moderate Manager Continuity,Regular Annual Review,1,4,-0.934,0.692,0.805,Fast-Track Performers
PANW-1633,36,0,Travel_Rarely,1278,Human Resources,8,3,Life Sciences,1,Male,77,2,1,Human Resources,1,Married,2342,8635,0,No,21,4,3,0,6,3,3,5,4,0,3,0.0,0.667,0.5,0.6,0.5,4,0.143,0.55,2.0,Growth Stage (3-6 yrs),40.4,Medium Risk,71.6,Immediate Action,Sufficiently Trained,Moderate Manager Continuity,Lateral Role Rotation / New Project,1,4,-0.882,0.737,-1.62,Fast-Track Performers
PANW-1634,25,0,Travel_Rarely,141,Sales,3,1,Other,3,Male,98,3,2,Sales Executive,1,Married,4194,14363,1,Yes,18,3,4,0,5,3,3,5,3,0,3,0.0,0.5,0.5,0.75,0.5,3,0.333,0.61,2.75,Growth Stage (3-6 yrs),33.1,Medium Risk,66.6,Watchlist,Sufficiently Trained,Moderate Manager Continuity,Regular Annual Review,1,4,-1.256,0.025,-0.591,Fast-Track Performers
PANW-1635,35,0,Travel_Rarely,607,Research & Development,9,3,Life Sciences,4,Female,66,2,3,Manufacturing Director,3,Married,10685,23457,1,Yes,20,4,2,1,17,2,3,17,14,5,15,0.278,0.778,0.111,1.0,0.833,9,0.167,1.46,3.0,Veteran Stage (13+ yrs),65.7,High Risk,80.5,Immediate Action,Moderate Development Need,Prolonged Stagnant Manager Dyad,Promotion & Compensation Review,2,1,4.186,0.373,-0.766,Stable Long-Term Contributors
PANW-1636,35,1,Travel_Frequently,130,Research & Development,25,4,Life Sciences,4,Female,96,3,1,Research Scientist,2,Divorced,2022,16612,1,Yes,19,3,1,1,10,3,2,10,2,7,8,0.636,0.182,0.273,2.667,0.727,-5,0.091,0.62,2.25,Established Stage (7-12 yrs),42.8,Medium Risk,45.0,Already Attrited,Sufficiently Trained,Prolonged Stagnant Manager Dyad,Exit Analysis & Knowledge Transfer,3,0,1.164,-0.292,1.17,High-Risk Stagnation Profiles
PANW-1637,32,0,Non-Travel,300,Research & Development,1,3,Life Sciences,4,Male,61,3,1,Laboratory Technician,4,Divorced,2314,9148,0,No,12,3,2,1,4,2,3,3,0,0,2,0.0,0.0,0.5,2.0,0.5,0,0.2,0.71,3.25,Growth Stage (3-6 yrs),0.0,Low Risk,55.0,Watchlist,Moderate Development Need,Moderate Manager Continuity,Regular Annual Review,1,4,-2.093,-1.265,-0.275,Fast-Track Performers
PANW-1638,25,0,Travel_Rarely,583,Sales,4,1,Marketing,3,Male,87,2,2,Sales Executive,1,Married,4256,18154,1,No,12,3,1,0,5,1,4,5,2,0,3,0.0,0.333,0.167,1.0,0.5,2,0.333,0.61,2.25,Growth Stage (3-6 yrs),25.8,Low Risk,60.3,Watchlist,Moderate Development Need,Moderate Manager Continuity,Upskilling & Training Program,1,4,-1.305,-0.474,-0.358,Fast-Track Performers
PANW-1639,49,0,Travel_Rarely,1418,Research & Development,1,3,Technical Degree,3,Female,36,3,1,Research Scientist,1,Married,3580,10554,2,No,16,3,2,1,7,2,3,4,2,0,2,0.0,0.4,0.4,0.667,0.4,2,0.125,1.1,2.25,Growth Stage (3-6 yrs),27.5,Low Risk,64.6,Watchlist,Moderate Development Need,Moderate Manager Continuity,Regular Annual Review,1,4,-1.343,0.013,-1.175,Fast-Track Performers
PANW-1640,24,0,Non-Travel,1269,Research & Development,4,1,Life Sciences,1,Male,46,2,1,Laboratory Technician,4,Married,3162,10778,0,No,17,3,4,0,6,2,2,5,2,3,4,0.5,0.333,0.333,1.333,0.667,-1,0.143,0.98,2.75,Growth Stage (3-6 yrs),25.1,Low Risk,60.0,Watchlist,Moderate Development Need,Stable Leadership Continuity,Regular Annual Review,1,4,-0.417,0.505,0.378,Fast-Track Performers
PANW-1641,32,0,Travel_Frequently,379,Sales,5,2,Life Sciences,2,Male,48,3,2,Sales Executive,2,Married,6524,8891,1,No,14,3,4,1,10,3,3,10,8,5,3,0.455,0.727,0.273,0.333,0.273,3,0.182,0.94,2.75,Established Stage (7-12 yrs),68.2,High Risk,78.9,Immediate Action,Sufficiently Trained,Moderate Manager Continuity,Promotion & Compensation Review,3,1,1.208,1.427,0.286,High-Risk Stagnation Profiles
PANW-1642,38,0,Travel_Rarely,395,Sales,9,3,Marketing,2,Male,98,2,1,Sales Representative,2,Married,2899,12102,0,No,19,3,4,1,3,3,3,2,2,1,2,0.333,0.667,1.0,0.667,0.667,1,0.25,1.1,2.75,Early Stage (0-2 yrs),33.9,Medium Risk,63.1,Watchlist,Sufficiently Trained,Moderate Manager Continuity,Regular Annual Review,1,4,-1.575,1.302,-0.066,Fast-Track Performers
PANW-1643,42,0,Travel_Rarely,1265,Research & Development,3,3,Life Sciences,3,Female,95,4,2,Laboratory Technician,4,Married,5231,23726,2,Yes,13,3,2,1,17,1,2,5,3,1,3,0.167,0.5,0.167,0.75,0.5,2,0.111,1.62,2.75,Growth Stage (3-6 yrs),25.4,Low Risk,67.6,Watchlist,Moderate Development Need,Moderate Manager Continuity,Upskilling & Training Program,1,4,0.065,-0.336,-0.709,Fast-Track Performers
PANW-1644,31,0,Travel_Rarely,1222,Research & Development,11,4,Life Sciences,4,Male,48,3,1,Research Scientist,4,Married,2356,14871,3,Yes,19,3,2,1,8,2,3,6,4,0,2,0.0,0.571,0.286,0.4,0.286,4,0.111,0.73,3.25,Growth Stage (3-6 yrs),26.8,Low Risk,64.4,Watchlist,Moderate Development Need,Moderate Manager Continuity,Regular Annual Review,1,4,-0.783,0.519,-1.619,Fast-Track Performers
PANW-1645,29,1,Travel_Rarely,341,Sales,1,3,Medical,2,Female,48,2,1,Sales Representative,3,Divorced,2800,23522,6,Yes,19,3,3,3,5,3,3,3,2,0,2,0.0,0.5,0.75,0.667,0.5,2,0.167,1.07,2.75,Growth Stage (3-6 yrs),22.5,Low Risk,34.1,Already Attrited,Sufficiently Trained,Moderate Manager Continuity,Exit Analysis & Knowledge Transfer,1,4,-1.65,0.328,-1.089,Fast-Track Performers
PANW-1646,53,0,Travel_Rarely,868,Sales,8,3,Marketing,1,Male,73,3,4,Sales Executive,4,Married,11836,22789,5,No,14,3,3,1,28,3,3,2,0,2,2,0.667,0.0,1.0,2.0,0.667,-2,0.138,1.71,2.75,Early Stage (0-2 yrs),7.0,Low Risk,57.4,Watchlist,Sufficiently Trained,Moderate Manager Continuity,Regular Annual Review,1,1,0.195,-2.434,2.031,Fast-Track Performers
PANW-1647,35,0,Travel_Rarely,672,Research & Development,25,3,Technical Degree,4,Male,78,2,3,Manufacturing Director,2,Married,10903,9129,3,No,16,3,1,0,16,2,3,13,10,4,8,0.286,0.714,0.143,0.727,0.571,6,0.176,1.49,2.5,Veteran Stage (13+ yrs),64.4,High Risk,73.8,Immediate Action,Moderate Development Need,Prolonged Stagnant Manager Dyad,Promotion & Compensation Review,3,0,2.516,0.312,-0.361,High-Risk Stagnation Profiles
PANW-1648,37,0,Travel_Frequently,1231,Sales,21,2,Medical,3,Female,54,3,1,Sales Representative,4,Married,2973,21222,5,No,15,3,2,1,10,3,3,5,4,0,0,0.0,0.667,0.5,0.0,0.0,4,0.091,1.13,3.0,Growth Stage (3-6 yrs),29.2,Low Risk,65.2,Watchlist,Sufficiently Trained,Recent Manager Transition,Lateral Role Rotation / New Project,1,4,-0.979,0.756,-1.524,Fast-Track Performers
PANW-1649,53,0,Travel_Rarely,102,Research & Development,23,4,Life Sciences,4,Female,72,3,4,Research Director,4,Single,14275,20206,6,No,18,3,3,0,33,0,3,12,9,3,8,0.231,0.692,0.0,0.8,0.615,6,0.118,0.89,3.5,Established Stage (7-12 yrs),52.8,Medium Risk,73.5,Immediate Action,High Development Need,Stable Leadership Continuity,Lateral Role Rotation / New Project,2,1,3.319,-1.068,-0.633,Stable Long-Term Contributors
PANW-1650,43,0,Travel_Frequently,422,Research & Development,1,3,Life Sciences,4,Female,33,3,2,Healthcare Representative,4,Married,5562,21782,4,No,13,3,2,1,12,2,2,5,2,2,2,0.333,0.333,0.333,0.667,0.333,0,0.154,0.74,3.0,Growth Stage (3-6 yrs),21.6,Low Risk,62.6,Watchlist,Moderate Development Need,Moderate Manager Continuity,Regular Annual Review,1,4,-0.437,-0.16,0.24,Fast-Track Performers
PANW-1651,47,0,Travel_Rarely,249,Sales,2,2,Marketing,3,Female,35,3,2,Sales Executive,4,Married,4537,17783,0,Yes,22,4,1,1,8,2,3,7,6,7,7,0.875,0.75,0.25,1.0,0.875,-1,0.222,0.66,2.75,Established Stage (7-12 yrs),62.0,High Risk,83.0,Immediate Action,Moderate Development Need,Prolonged Stagnant Manager Dyad,Promotion & Compensation Review,3,0,1.653,1.987,1.33,High-Risk Stagnation Profiles
PANW-1652,37,0,Non-Travel,1252,Sales,19,2,Medical,1,Male,32,3,3,Sales Executive,2,Single,7642,4814,1,Yes,13,3,4,0,10,2,3,10,0,0,9,0.0,0.0,0.182,9.0,0.818,0,0.273,1.1,2.5,Established Stage (7-12 yrs),7.5,Low Risk,57.6,Watchlist,Moderate Development Need,Stable Leadership Continuity,Regular Annual Review,4,3,0.693,-5.099,-0.033,Promotion-Stalled Employees
PANW-1653,50,0,Non-Travel,881,Research & Development,2,4,Life Sciences,1,Male,98,3,4,Manager,1,Divorced,17924,4544,1,No,11,3,4,1,31,3,3,31,6,14,7,0.438,0.188,0.094,1.0,0.219,-8,0.125,1.04,2.25,Veteran Stage (13+ yrs),69.7,High Risk,79.4,Immediate Action,Sufficiently Trained,Prolonged Stagnant Manager Dyad,Promotion & Compensation Review,2,0,4.907,-1.941,2.562,Stable Long-Term Contributors
PANW-1654,39,0,Travel_Rarely,1383,Human Resources,2,3,Life Sciences,4,Female,42,2,2,Human Resources,4,Married,5204,7790,8,No,11,3,3,2,13,2,3,5,4,0,4,0.0,0.667,0.333,0.8,0.667,4,0.143,1.23,3.5,Growth Stage (3-6 yrs),29.2,Low Risk,61.5,Watchlist,Moderate Development Need,Stable Leadership Continuity,Lateral Role Rotation / New Project,1,4,-0.093,-0.107,-1.266,Fast-Track Performers
PANW-1655,33,0,Travel_Rarely,1075,Human Resources,3,2,Human Resources,4,Male,57,3,1,Human Resources,2,Divorced,2277,22650,3,Yes,11,3,3,1,7,4,4,4,3,0,3,0.0,0.6,0.8,0.75,0.6,3,0.125,0.54,3.25,Growth Stage (3-6 yrs),31.9,Medium Risk,66.2,Watchlist,Sufficiently Trained,Moderate Manager Continuity,Regular Annual Review,1,4,-1.099,0.321,-1.146,Fast-Track Performers
PANW-1656,32,1,Travel_Rarely,374,Research & Development,25,4,Life Sciences,1,Male,87,3,1,Laboratory Technician,4,Single,2795,18016,1,Yes,24,4,3,0,1,2,1,1,0,0,1,0.0,0.0,1.0,1.0,0.5,0,0.5,0.86,2.25,Early Stage (0-2 yrs),0.0,Low Risk,36.2,Already Attrited,Moderate Development Need,Recent Manager Transition,Exit Analysis & Knowledge Transfer,0,2,-3.417,-0.537,0.53,Early-Career Explorers
PANW-1657,29,0,Travel_Rarely,1086,Research & Development,7,1,Medical,1,Female,62,2,1,Laboratory Technician,4,Divorced,2532,6054,6,No,14,3,3,3,8,5,3,4,3,0,3,0.0,0.6,1.0,0.75,0.6,3,0.111,0.78,2.75,Growth Stage (3-6 yrs),24.4,Low Risk,59.8,Watchlist,Sufficiently Trained,Moderate Manager Continuity,Regular Annual Review,1,4,-1.128,0.268,-1.169,Fast-Track Performers
PANW-1658,44,0,Travel_Rarely,661,Research & Development,9,2,Life Sciences,2,Male,61,3,1,Research Scientist,1,Married,2559,7508,1,Yes,13,3,4,0,8,0,3,8,7,7,1,0.778,0.778,0.0,0.125,0.111,0,0.111,0.79,2.5,Established Stage (7-12 yrs),77.1,High Risk,82.0,Immediate Action,High Development Need,Recent Manager Transition,Promotion & Compensation Review,3,0,1.143,2.644,0.834,High-Risk Stagnation Profiles
PANW-1659,28,0,Travel_Rarely,821,Sales,5,4,Medical,1,Male,98,3,2,Sales Executive,4,Single,4908,24252,1,No,14,3,2,0,4,3,3,4,2,0,2,0.0,0.4,0.6,0.667,0.4,2,0.4,0.71,2.5,Growth Stage (3-6 yrs),16.2,Low Risk,60.7,Watchlist,Sufficiently Trained,Moderate Manager Continuity,Regular Annual Review,1,4,-1.824,-0.142,-0.068,Fast-Track Performers
PANW-1660,58,1,Travel_Frequently,781,Research & Development,2,1,Life Sciences,4,Male,57,2,1,Laboratory Technician,4,Divorced,2380,13384,9,Yes,14,3,4,1,3,3,2,1,0,0,0,0.0,0.0,1.5,0.0,0.0,0,0.25,0.74,3.5,Early Stage (0-2 yrs),0.0,Low Risk,26.2,Already Attrited,Sufficiently Trained,Recent Manager Transition,Exit Analysis & Knowledge Transfer,0,2,-3.248,-0.482,0.327,Early-Career Explorers
PANW-1661,43,0,Travel_Rarely,177,Research & Development,8,3,Life Sciences,1,Female,55,3,2,Manufacturing Director,2,Divorced,4765,23814,4,No,21,4,3,1,4,2,4,1,0,0,0,0.0,0.0,1.0,0.0,0.0,0,0.4,0.65,2.5,Early Stage (0-2 yrs),7.5,Low Risk,63.9,Watchlist,Moderate Development Need,Recent Manager Transition,Regular Annual Review,0,2,-3.064,-0.688,0.514,Early-Career Explorers
PANW-1662,20,1,Travel_Rarely,500,Sales,2,3,Medical,3,Female,49,2,1,Sales Representative,3,Single,2044,22052,1,No,13,3,4,0,2,3,2,2,2,0,2,0.0,0.667,1.0,0.667,0.667,2,0.333,0.78,3.0,Early Stage (0-2 yrs),26.7,Low Risk,35.6,Already Attrited,Sufficiently Trained,Moderate Manager Continuity,Exit Analysis & Knowledge Transfer,1,4,-2.098,0.793,-0.527,Fast-Track Performers
PANW-1663,21,1,Travel_Rarely,1427,Research & Development,18,1,Other,4,Female,65,3,1,Research Scientist,4,Single,2693,8870,1,No,19,3,1,0,1,3,2,1,0,0,0,0.0,0.0,1.5,0.0,0.0,0,0.5,0.83,2.75,Early Stage (0-2 yrs),0.0,Low Risk,30.0,Already Attrited,Sufficiently Trained,Recent Manager Transition,Exit Analysis & Knowledge Transfer,0,2,-3.834,-0.261,0.921,Early-Career Explorers
PANW-1664,36,0,Travel_Rarely,1425,Research & Development,14,1,Life Sciences,3,Male,68,3,2,Healthcare Representative,4,Married,6586,4821,0,Yes,17,3,1,1,17,2,2,16,8,4,11,0.235,0.471,0.118,1.222,0.647,4,0.111,0.87,2.5,Veteran Stage (13+ yrs),50.8,Medium Risk,72.8,Immediate Action,Moderate Development Need,Prolonged Stagnant Manager Dyad,Manager Mentorship & Skip-Level Check-in,3,1,2.559,-0.413,-0.568,High-Risk Stagnation Profiles
PANW-1665,47,0,Travel_Rarely,1454,Sales,2,4,Life Sciences,4,Female,65,2,1,Sales Representative,4,Single,3294,13137,1,Yes,18,3,1,0,3,3,2,3,2,1,2,0.25,0.5,0.75,0.667,0.5,1,0.25,1.25,2.75,Growth Stage (3-6 yrs),22.2,Low Risk,59.0,Watchlist,Sufficiently Trained,Moderate Manager Continuity,Regular Annual Review,1,4,-1.602,0.85,-0.14,Fast-Track Performers
PANW-1666,22,1,Travel_Rarely,617,Research & Development,3,1,Life Sciences,2,Female,34,3,2,Manufacturing Director,3,Married,4171,10022,0,Yes,19,3,1,1,4,3,4,3,2,0,2,0.0,0.5,0.75,0.667,0.5,2,0.4,0.57,2.5,Growth Stage (3-6 yrs),22.5,Low Risk,37.9,Already Attrited,Sufficiently Trained,Moderate Manager Continuity,Exit Analysis & Knowledge Transfer,1,4,-1.89,0.109,-0.245,Fast-Track Performers
PANW-1667,41,1,Travel_Rarely,1085,Research & Development,2,4,Life Sciences,2,Female,57,1,1,Laboratory Technician,4,Divorced,2778,17725,4,Yes,13,3,3,1,10,1,2,7,7,1,0,0.125,0.875,0.125,0.0,0.0,6,0.091,0.86,2.75,Established Stage (7-12 yrs),47.2,Medium Risk,39.0,Already Attrited,High Development Need,Recent Manager Transition,Exit Analysis & Knowledge Transfer,1,1,0.009,1.571,-1.581,Fast-Track Performers
PANW-1668,28,0,Travel_Rarely,995,Research & Development,9,3,Medical,3,Female,77,3,1,Research Scientist,3,Divorced,2377,9834,5,No,18,3,2,1,6,2,3,2,2,2,2,0.667,0.667,0.667,0.667,0.667,0,0.143,0.73,2.75,Early Stage (0-2 yrs),33.7,Medium Risk,66.8,Watchlist,Moderate Development Need,Moderate Manager Continuity,Regular Annual Review,1,4,-0.749,1.69,0.364,Fast-Track Performers
PANW-1669,39,1,Travel_Rarely,1122,Research & Development,6,3,Medical,4,Male,70,3,1,Laboratory Technician,1,Married,2404,4303,7,Yes,21,4,4,0,8,2,1,2,2,2,2,0.667,0.667,0.667,0.667,0.667,0,0.111,0.74,2.5,Early Stage (0-2 yrs),41.2,Medium Risk,50.7,Already Attrited,Moderate Development Need,Moderate Manager Continuity,Exit Analysis & Knowledge Transfer,1,4,-0.617,1.612,0.198,Fast-Track Performers
PANW-1670,27,0,Travel_Rarely,618,Research & Development,4,3,Life Sciences,2,Female,76,3,1,Research Scientist,3,Single,2318,17808,1,No,19,3,3,0,1,2,3,1,1,0,0,0.0,0.5,1.0,0.0,0.0,1,0.5,0.72,2.75,Early Stage (0-2 yrs),19.4,Low Risk,61.8,Watchlist,Moderate Development Need,Recent Manager Transition,Regular Annual Review,0,2,-3.093,0.869,0.078,Early-Career Explorers
PANW-1671,34,0,Travel_Rarely,546,Research & Development,10,3,Life Sciences,2,Male,83,3,1,Laboratory Technician,2,Divorced,2008,6896,1,No,14,3,2,2,1,3,3,1,0,1,0,0.5,0.0,1.5,0.0,0.0,-1,0.5,0.62,2.25,Early Stage (0-2 yrs),11.0,Low Risk,58.8,Watchlist,Sufficiently Trained,Recent Manager Transition,Regular Annual Review,0,2,-3.34,0.459,2.265,Early-Career Explorers
PANW-1672,42,0,Travel_Rarely,462,Sales,14,2,Medical,3,Female,68,2,2,Sales Executive,3,Single,6244,7824,7,No,17,3,1,0,10,6,3,5,4,0,3,0.0,0.667,1.0,0.6,0.5,4,0.182,0.9,2.5,Growth Stage (3-6 yrs),32.9,Medium Risk,62.8,Watchlist,Sufficiently Trained,Moderate Manager Continuity,Lateral Role Rotation / New Project,1,4,-0.734,0.108,-0.985,Fast-Track Performers
PANW-1673,33,0,Travel_Rarely,1198,Research & Development,1,4,Other,3,Male,100,2,1,Research Scientist,1,Single,2799,3339,3,Yes,11,3,2,0,6,1,3,3,2,0,2,0.0,0.5,0.25,0.667,0.5,2,0.143,0.86,2.25,Growth Stage (3-6 yrs),30.0,Medium Risk,61.8,Watchlist,Moderate Development Need,Moderate Manager Continuity,Upskilling & Training Program,1,4,-1.314,0.267,-1.178,Fast-Track Performers
PANW-1674,58,0,Travel_Rarely,1272,Research & Development,5,3,Technical Degree,3,Female,37,2,3,Healthcare Representative,2,Divorced,10552,9255,2,Yes,13,3,4,1,24,3,3,6,0,0,4,0.0,0.0,0.429,4.0,0.571,0,0.12,1.4,3.0,Growth Stage (3-6 yrs),7.5,Low Risk,53.9,Watchlist,Sufficiently Trained,Stable Leadership Continuity,Regular Annual Review,4,4,0.076,-3.785,-0.205,Promotion-Stalled Employees
PANW-1675,31,0,Travel_Rarely,154,Sales,7,4,Life Sciences,2,Male,41,2,1,Sales Representative,3,Married,2329,11737,3,No,15,3,2,0,13,2,4,7,7,5,2,0.625,0.875,0.25,0.25,0.25,2,0.071,0.89,2.75,Established Stage (7-12 yrs),65.0,High Risk,74.0,Immediate Action,Moderate Development Need,Moderate Manager Continuity,Promotion & Compensation Review,3,0,1.135,2.205,0.022,High-Risk Stagnation Profiles
PANW-1676,35,0,Travel_Rarely,1137,Research & Development,21,1,Life Sciences,4,Female,51,3,2,Healthcare Representative,4,Married,4014,19170,1,Yes,25,4,4,1,10,2,1,10,6,0,7,0.0,0.545,0.182,1.0,0.636,6,0.182,0.53,3.25,Established Stage (7-12 yrs),32.4,Medium Risk,72.6,Immediate Action,Moderate Development Need,Stable Leadership Continuity,Regular Annual Review,3,1,0.487,-0.181,-1.617,High-Risk Stagnation Profiles
PANW-1677,49,0,Travel_Rarely,527,Research & Development,8,2,Other,1,Female,51,3,3,Laboratory Technician,2,Married,7403,22477,4,No,11,3,3,1,29,3,2,26,9,1,7,0.037,0.333,0.111,0.7,0.259,8,0.1,2.29,2.0,Veteran Stage (13+ yrs),44.3,Medium Risk,70.5,Immediate Action,Sufficiently Trained,Stable Leadership Continuity,Regular Annual Review,2,1,3.063,-2.028,-0.902,Stable Long-Term Contributors
PANW-1678,48,0,Travel_Rarely,1469,Research & Development,20,4,Medical,4,Male,51,3,1,Research Scientist,3,Married,2259,5543,4,No,17,3,1,2,13,2,2,0,0,0,0,0.0,0.0,2.0,0.0,0.0,0,0.071,0.7,2.5,Early Stage (0-2 yrs),3.8,Low Risk,56.3,Watchlist,Moderate Development Need,Recent Manager Transition,Regular Annual Review,0,2,-2.774,-1.038,-0.005,Early-Career Explorers
PANW-1679,31,0,Non-Travel,1188,Sales,20,2,Marketing,4,Female,45,3,2,Sales Executive,3,Married,6932,24406,1,No,13,3,4,1,9,2,2,9,8,0,0,0.0,0.8,0.2,0.0,0.0,8,0.2,1.0,3.25,Established Stage (7-12 yrs),48.8,Medium Risk,72.1,Immediate Action,Moderate Development Need,Recent Manager Transition,Lateral Role Rotation / New Project,1,1,-0.046,0.934,-1.442,Fast-Track Performers
PANW-1680,36,0,Travel_Rarely,188,Research & Development,7,4,Other,2,Male,65,3,1,Research Scientist,4,Single,4678,23293,2,No,18,3,3,0,8,6,3,6,2,0,1,0.0,0.286,0.857,0.333,0.143,2,0.111,1.44,3.0,Growth Stage (3-6 yrs),13.4,Low Risk,59.7,Watchlist,Sufficiently Trained,Recent Manager Transition,Regular Annual Review,1,4,-1.589,-0.22,-0.893,Fast-Track Performers
PANW-1681,38,0,Travel_Rarely,1333,Research & Development,1,3,Technical Degree,4,Female,80,3,3,Research Director,1,Married,13582,16292,1,No,13,3,2,1,15,3,3,15,12,5,11,0.312,0.75,0.188,0.846,0.688,7,0.188,0.85,2.5,Veteran Stage (13+ yrs),72.5,High Risk,80.4,Immediate Action,Sufficiently Trained,Prolonged Stagnant Manager Dyad,Promotion & Compensation Review,3,1,3.274,0.458,-0.208,High-Risk Stagnation Profiles
PANW-1682,32,0,Non-Travel,1184,Research & Development,1,3,Life Sciences,3,Female,70,2,1,Laboratory Technician,2,Married,2332,3974,6,No,20,4,3,0,5,3,3,3,0,0,2,0.0,0.0,0.75,2.0,0.5,0,0.167,0.72,2.75,Growth Stage (3-6 yrs),7.5,Low Risk,60.1,Watchlist,Sufficiently Trained,Moderate Manager Continuity,Regular Annual Review,1,4,-2.129,-1.283,-0.463,Fast-Track Performers
PANW-1683,25,1,Travel_Rarely,867,Sales,19,2,Marketing,3,Male,36,2,1,Sales Representative,2,Married,2413,18798,1,Yes,18,3,3,3,1,2,3,1,0,0,0,0.0,0.0,1.0,0.0,0.0,0,0.5,0.92,2.75,Early Stage (0-2 yrs),7.5,Low Risk,28.9,Already Attrited,Moderate Development Need,Recent Manager Transition,Exit Analysis & Knowledge Transfer,0,2,-3.617,-0.2,0.712,Early-Career Explorers
PANW-1684,40,0,Travel_Rarely,658,Sales,10,4,Marketing,1,Male,67,2,3,Sales Executive,2,Divorced,9705,20652,2,No,12,3,2,1,11,2,2,1,0,0,0,0.0,0.0,1.0,0.0,0.0,0,0.25,1.4,1.75,Early Stage (0-2 yrs),7.5,Low Risk,53.9,Watchlist,Moderate Development Need,Recent Manager Transition,Regular Annual Review,0,2,-2.192,-1.498,0.504,Early-Career Explorers
PANW-1685,26,0,Travel_Frequently,1283,Sales,1,3,Medical,3,Male,52,2,2,Sales Executive,1,Single,4294,11148,1,No,12,3,2,0,7,2,3,7,7,0,7,0.0,0.875,0.25,0.875,0.875,7,0.25,0.62,2.25,Established Stage (7-12 yrs),55.0,High Risk,70.5,Immediate Action,Moderate Development Need,Stable Leadership Continuity,Lateral Role Rotation / New Project,3,1,0.433,0.7,-1.472,High-Risk Stagnation Profiles
PANW-1686,41,0,Travel_Rarely,263,Research & Development,6,3,Medical,4,Male,59,3,1,Laboratory Technician,1,Single,4721,3119,2,Yes,13,3,3,0,20,3,3,18,13,2,17,0.105,0.684,0.158,1.214,0.895,11,0.048,1.46,2.75,Veteran Stage (13+ yrs),60.4,High Risk,76.1,Immediate Action,Sufficiently Trained,Stable Leadership Continuity,Promotion & Compensation Review,3,1,3.736,-0.001,-1.969,High-Risk Stagnation Profiles
PANW-1687,36,0,Travel_Rarely,938,Research & Development,2,4,Medical,3,Male,79,3,1,Laboratory Technician,3,Single,2519,12287,4,No,21,4,3,0,16,6,3,11,8,3,9,0.25,0.667,0.5,1.0,0.75,5,0.059,0.78,3.0,Established Stage (7-12 yrs),55.9,High Risk,80.8,Immediate Action,Sufficiently Trained,Stable Leadership Continuity,Lateral Role Rotation / New Project,3,1,1.696,0.56,-1.125,High-Risk Stagnation Profiles
PANW-1688,19,1,Travel_Rarely,419,Sales,21,3,Other,4,Male,37,2,1,Sales Representative,2,Single,2121,9947,1,Yes,13,3,2,0,1,3,4,1,0,0,0,0.0,0.0,1.5,0.0,0.0,0,0.5,0.81,3.0,Early Stage (0-2 yrs),7.5,Low Risk,28.9,Already Attrited,Sufficiently Trained,Recent Manager Transition,Exit Analysis & Knowledge Transfer,0,2,-3.807,-0.317,1.08,Early-Career Explorers
PANW-1689,20,1,Travel_Rarely,129,Research & Development,4,3,Technical Degree,1,Male,84,3,1,Laboratory Technician,1,Single,2973,13008,1,No,19,3,2,0,1,2,3,1,0,0,0,0.0,0.0,1.0,0.0,0.0,0,0.5,0.92,1.75,Early Stage (0-2 yrs),11.2,Low Risk,33.9,Already Attrited,Moderate Development Need,Recent Manager Transition,Exit Analysis & Knowledge Transfer,0,2,-3.622,-0.191,0.686,Early-Career Explorers
PANW-1690,31,0,Travel_Rarely,616,Research & Development,12,3,Medical,4,Female,41,3,2,Healthcare Representative,4,Married,5855,17369,0,Yes,11,3,3,2,10,2,1,9,7,8,5,0.8,0.7,0.2,0.625,0.5,-1,0.182,0.78,3.0,Established Stage (7-12 yrs),67.4,High Risk,78.6,Immediate Action,Moderate Development Need,Prolonged Stagnant Manager Dyad,Promotion & Compensation Review,3,0,1.868,1.816,1.559,High-Risk Stagnation Profiles
PANW-1691,40,0,Travel_Frequently,1469,Research & Development,9,4,Medical,4,Male,35,3,1,Research Scientist,2,Divorced,3617,25063,8,Yes,14,3,4,1,3,2,3,1,1,0,0,0.0,0.5,1.0,0.0,0.0,1,0.25,1.12,3.25,Early Stage (0-2 yrs),23.1,Low Risk,63.1,Watchlist,Moderate Development Need,Recent Manager Transition,Regular Annual Review,1,4,-2.507,0.648,-0.516,Fast-Track Performers
PANW-1692,32,0,Travel_Rarely,498,Research & Development,3,4,Medical,3,Female,93,3,2,Manufacturing Director,1,Married,6725,13554,1,No,12,3,3,1,8,2,4,8,7,6,3,0.667,0.778,0.222,0.375,0.333,1,0.222,0.92,2.75,Established Stage (7-12 yrs),73.6,High Risk,80.8,Immediate Action,Moderate Development Need,Moderate Manager Continuity,Promotion & Compensation Review,3,0,1.148,1.955,1.011,High-Risk Stagnation Profiles
PANW-1693,36,1,Travel_Rarely,530,Sales,3,1,Life Sciences,3,Male,51,2,3,Sales Executive,4,Married,10325,5518,1,Yes,11,3,1,1,16,6,3,16,7,3,7,0.176,0.412,0.353,0.875,0.412,4,0.176,1.49,2.75,Veteran Stage (13+ yrs),42.7,Medium Risk,41.2,Already Attrited,Sufficiently Trained,Stable Leadership Continuity,Exit Analysis & Knowledge Transfer,3,1,1.798,-0.878,-0.025,High-Risk Stagnation Profiles
PANW-1694,33,0,Travel_Rarely,1069,Research & Development,1,3,Life Sciences,2,Female,42,2,2,Healthcare Representative,4,Single,6949,12291,0,No,14,3,1,0,6,3,3,5,0,1,4,0.167,0.0,0.5,4.0,0.667,-1,0.286,0.92,2.5,Growth Stage (3-6 yrs),3.5,Low Risk,52.5,Watchlist,Sufficiently Trained,Stable Leadership Continuity,Regular Annual Review,4,4,-1.123,-2.206,0.565,Promotion-Stalled Employees
PANW-1695,37,1,Travel_Rarely,625,Sales,1,4,Life Sciences,1,Male,46,2,3,Sales Executive,3,Married,10609,14922,5,No,11,3,3,0,17,2,1,14,1,11,7,0.733,0.067,0.133,3.5,0.467,-10,0.167,1.53,2.0,Veteran Stage (13+ yrs),43.6,Medium Risk,41.5,Already Attrited,Moderate Development Need,Prolonged Stagnant Manager Dyad,Exit Analysis & Knowledge Transfer,2,0,2.44,-1.688,2.946,Stable Long-Term Contributors
PANW-1696,45,0,Non-Travel,805,Research & Development,4,2,Life Sciences,3,Male,57,3,2,Laboratory Technician,2,Married,4447,23163,1,No,12,3,2,0,9,5,2,9,7,0,8,0.0,0.7,0.5,1.0,0.8,7,0.2,1.37,2.25,Established Stage (7-12 yrs),46.9,Medium Risk,71.4,Immediate Action,Sufficiently Trained,Stable Leadership Continuity,Lateral Role Rotation / New Project,3,1,0.612,0.084,-1.317,High-Risk Stagnation Profiles
PANW-1697,29,0,Travel_Frequently,1404,Sales,20,3,Technical Degree,3,Female,84,3,1,Sales Representative,4,Married,2157,18203,1,No,15,3,2,1,3,5,3,3,1,0,2,0.0,0.25,1.25,1.0,0.5,1,0.25,0.82,3.0,Growth Stage (3-6 yrs),9.4,Low Risk,58.3,Watchlist,Sufficiently Trained,Moderate Manager Continuity,Regular Annual Review,1,4,-2.365,-0.343,-0.186,Fast-Track Performers
PANW-1698,35,0,Travel_Rarely,1219,Sales,18,3,Medical,3,Female,86,3,2,Sales Executive,3,Married,4601,6179,1,No,16,3,2,0,5,3,3,5,2,1,0,0.167,0.333,0.5,0.0,0.0,1,0.333,0.66,2.75,Growth Stage (3-6 yrs),21.8,Low Risk,62.6,Watchlist,Sufficiently Trained,Recent Manager Transition,Regular Annual Review,1,4,-1.678,0.241,0.277,Fast-Track Performers
PANW-1699,52,0,Travel_Rarely,1053,Research & Development,1,2,Life Sciences,4,Male,70,3,4,Manager,4,Married,17099,13829,2,No,15,3,2,1,26,2,2,9,8,7,8,0.7,0.8,0.2,0.889,0.8,1,0.148,1.0,3.0,Established Stage (7-12 yrs),69.5,High Risk,79.3,Immediate Action,Moderate Development Need,Prolonged Stagnant Manager Dyad,Promotion & Compensation Review,2,0,3.452,0.297,1.144,Stable Long-Term Contributors
PANW-1700,58,1,Travel_Rarely,289,Research & Development,2,3,Technical Degree,4,Male,51,3,1,Research Scientist,3,Single,2479,26227,4,No,24,4,1,0,7,4,3,1,0,0,0,0.0,0.0,2.0,0.0,0.0,0,0.125,0.77,2.75,Early Stage (0-2 yrs),3.8,Low Risk,37.6,Already Attrited,Sufficiently Trained,Recent Manager Transition,Exit Analysis & Knowledge Transfer,0,2,-3.096,-0.691,-0.055,Early-Career Explorers
PANW-1701,53,0,Travel_Rarely,1376,Sales,2,2,Medical,3,Male,45,3,4,Manager,3,Divorced,14852,13938,6,No,13,3,3,1,22,3,4,17,13,15,2,0.833,0.722,0.167,0.143,0.111,-2,0.174,0.86,3.25,Veteran Stage (13+ yrs),81.8,High Risk,83.6,Immediate Action,Sufficiently Trained,Moderate Manager Continuity,Promotion & Compensation Review,2,0,4.437,1.432,2.849,Stable Long-Term Contributors
PANW-1702,30,0,Travel_Rarely,231,Sales,8,2,Other,3,Male,62,3,3,Sales Executive,3,Divorced,7264,9977,5,No,11,3,1,1,10,2,4,8,4,7,7,0.778,0.444,0.222,1.4,0.778,-3,0.273,1.05,2.75,Established Stage (7-12 yrs),51.8,Medium Risk,73.1,Immediate Action,Moderate Development Need,Prolonged Stagnant Manager Dyad,Manager Mentorship & Skip-Level Check-in,3,0,1.52,0.416,2.158,High-Risk Stagnation Profiles
PANW-1703,38,0,Non-Travel,152,Sales,10,3,Technical Degree,3,Female,85,3,2,Sales Executive,4,Single,5666,19899,1,Yes,13,3,2,0,6,1,3,5,3,1,3,0.167,0.5,0.167,0.75,0.5,2,0.286,0.82,3.0,Growth Stage (3-6 yrs),25.4,Low Risk,63.9,Watchlist,Moderate Development Need,Moderate Manager Continuity,Upskilling & Training Program,1,4,-0.734,0.251,-0.238,Fast-Track Performers
PANW-1704,35,0,Travel_Rarely,882,Sales,3,4,Life Sciences,4,Male,92,3,3,Sales Executive,4,Divorced,7823,6812,6,No,13,3,2,1,12,2,3,10,9,0,8,0.0,0.818,0.182,0.8,0.727,9,0.231,1.13,3.25,Established Stage (7-12 yrs),45.4,Medium Risk,70.9,Immediate Action,Moderate Development Need,Stable Leadership Continuity,Lateral Role Rotation / New Project,3,1,1.412,0.073,-1.442,High-Risk Stagnation Profiles
PANW-1705,39,0,Travel_Rarely,903,Sales,2,5,Life Sciences,1,Male,41,4,3,Sales Executive,3,Single,7880,2560,0,No,18,3,4,0,9,3,3,8,7,0,7,0.0,0.778,0.333,0.875,0.778,7,0.3,1.14,2.75,Established Stage (7-12 yrs),45.1,Medium Risk,74.5,Immediate Action,Sufficiently Trained,Stable Leadership Continuity,Lateral Role Rotation / New Project,3,1,0.592,0.104,-1.162,High-Risk Stagnation Profiles
PANW-1706,40,1,Non-Travel,1479,Sales,24,3,Life Sciences,2,Female,100,4,4,Sales Executive,2,Single,13194,17071,4,Yes,16,3,4,0,22,2,2,1,0,0,0,0.0,0.0,1.0,0.0,0.0,0,0.174,1.91,2.5,Early Stage (0-2 yrs),7.5,Low Risk,36.4,Already Attrited,Moderate Development Need,Recent Manager Transition,Exit Analysis & Knowledge Transfer,1,2,-1.352,-2.356,0.381,Fast-Track Performers
PANW-1707,47,0,Travel_Frequently,1379,Research & Development,16,4,Medical,3,Male,64,4,2,Manufacturing Director,3,Divorced,5067,6759,1,Yes,19,3,3,0,20,3,4,19,10,2,7,0.1,0.5,0.15,0.636,0.35,8,0.095,0.69,3.25,Veteran Stage (13+ yrs),48.2,Medium Risk,75.6,Immediate Action,Sufficiently Trained,Stable Leadership Continuity,Regular Annual Review,3,1,2.325,-0.439,-1.258,High-Risk Stagnation Profiles
PANW-1708,36,0,Non-Travel,1229,Sales,8,4,Technical Degree,1,Male,84,3,2,Sales Executive,4,Divorced,5079,25952,4,No,13,3,4,2,12,3,3,7,7,0,7,0.0,0.875,0.375,0.875,0.875,7,0.154,0.73,3.0,Established Stage (7-12 yrs),43.8,Medium Risk,70.3,Immediate Action,Sufficiently Trained,Stable Leadership Continuity,Lateral Role Rotation / New Project,3,1,0.771,0.42,-1.702,High-Risk Stagnation Profiles
PANW-1709,31,1,Non-Travel,335,Research & Development,9,2,Medical,3,Male,46,2,1,Research Scientist,1,Single,2321,10322,0,Yes,22,4,1,0,4,0,3,3,2,1,2,0.25,0.5,0.0,0.667,0.5,1,0.2,0.72,2.0,Growth Stage (3-6 yrs),33.5,Medium Risk,44.2,Already Attrited,Moderate Development Need,Moderate Manager Continuity,Exit Analysis & Knowledge Transfer,1,4,-1.164,0.929,-0.742,Fast-Track Performers
PANW-1710,33,0,Non-Travel,722,Sales,17,3,Life Sciences,4,Male,38,3,4,Manager,3,Single,17444,20489,1,No,11,3,4,0,10,2,3,10,8,6,0,0.545,0.727,0.182,0.0,0.0,2,0.364,1.02,3.5,Established Stage (7-12 yrs),67.9,High Risk,78.8,Immediate Action,Moderate Development Need,Recent Manager Transition,Promotion & Compensation Review,3,0,1.218,1.154,1.609,High-Risk Stagnation Profiles
PANW-1711,29,1,Travel_Rarely,906,Research & Development,10,3,Life Sciences,4,Female,92,2,1,Research Scientist,1,Single,2404,11479,6,Yes,20,4,3,0,3,5,3,0,0,0,0,0.0,0.0,5.0,0.0,0.0,0,0.25,0.74,2.75,Early Stage (0-2 yrs),11.2,Low Risk,36.4,Already Attrited,Sufficiently Trained,Recent Manager Transition,Exit Analysis & Knowledge Transfer,0,2,-4.823,-0.891,1.813,Early-Career Explorers
PANW-1712,33,0,Travel_Rarely,461,Research & Development,13,1,Life Sciences,2,Female,53,3,1,Research Scientist,4,Single,3452,17241,3,No,18,3,1,0,5,4,3,3,2,0,2,0.0,0.5,1.0,0.667,0.5,2,0.167,1.07,2.5,Growth Stage (3-6 yrs),18.8,Low Risk,61.6,Watchlist,Sufficiently Trained,Moderate Manager Continuity,Regular Annual Review,1,4,-1.752,0.284,-0.945,Fast-Track Performers
PANW-1713,45,0,Travel_Rarely,974,Research & Development,1,4,Medical,4,Female,91,3,1,Laboratory Technician,4,Divorced,2270,11005,3,No,14,3,4,2,8,2,3,5,3,0,2,0.0,0.5,0.333,0.5,0.333,3,0.111,0.7,3.75,Growth Stage (3-6 yrs),21.9,Low Risk,62.7,Watchlist,Moderate Development Need,Moderate Manager Continuity,Regular Annual Review,1,4,-1.001,0.25,-1.344,Fast-Track Performers
PANW-1714,50,0,Travel_Rarely,1126,Research & Development,1,2,Medical,4,Male,66,3,4,Research Director,4,Divorced,17399,6615,9,No,22,4,3,1,32,1,2,5,4,1,3,0.167,0.667,0.167,0.6,0.5,3,0.121,1.09,3.25,Growth Stage (3-6 yrs),32.7,Medium Risk,72.7,Immediate Action,Moderate Development Need,Moderate Manager Continuity,Lateral Role Rotation / New Project,3,1,1.364,-1.202,-0.763,High-Risk Stagnation Profiles
PANW-1715,33,0,Travel_Frequently,827,Research & Development,1,4,Other,3,Female,84,4,2,Healthcare Representative,2,Married,5488,20161,1,Yes,13,3,1,1,6,2,3,6,5,1,2,0.143,0.714,0.286,0.333,0.286,4,0.286,0.73,2.25,Growth Stage (3-6 yrs),44.5,Medium Risk,74.3,Immediate Action,Moderate Development Need,Moderate Manager Continuity,Lateral Role Rotation / New Project,1,4,-0.5,0.903,-0.532,Fast-Track Performers
PANW-1716,41,0,Travel_Frequently,840,Research & Development,9,3,Medical,1,Male,64,3,5,Research Director,3,Divorced,19419,3735,2,No,17,3,2,1,21,2,4,18,16,0,11,0.0,0.842,0.105,0.647,0.579,16,0.227,1.21,2.5,Veteran Stage (13+ yrs),49.8,Medium Risk,72.4,Immediate Action,Moderate Development Need,Stable Leadership Continuity,Lateral Role Rotation / New Project,2,1,3.899,-0.72,-1.612,Stable Long-Term Contributors
PANW-1717,27,0,Travel_Rarely,1134,Research & Development,16,4,Technical Degree,3,Female,37,3,1,Laboratory Technician,2,Married,2811,12086,9,No,14,3,2,1,4,2,3,2,2,2,2,0.667,0.667,0.667,0.667,0.667,0,0.2,0.87,2.5,Early Stage (0-2 yrs),37.4,Medium Risk,68.1,Watchlist,Moderate Development Need,Moderate Manager Continuity,Regular Annual Review,1,4,-0.925,1.767,0.63,Fast-Track Performers
PANW-1718,45,0,Non-Travel,248,Research & Development,23,2,Life Sciences,4,Male,42,3,2,Laboratory Technician,1,Married,3633,14039,1,Yes,15,3,3,1,9,2,3,9,8,0,8,0.0,0.8,0.2,0.889,0.8,8,0.2,1.12,2.75,Established Stage (7-12 yrs),56.2,High Risk,74.7,Immediate Action,Moderate Development Need,Stable Leadership Continuity,Lateral Role Rotation / New Project,3,1,0.903,0.458,-1.692,High-Risk Stagnation Profiles
PANW-1719,47,0,Travel_Rarely,955,Sales,4,2,Life Sciences,4,Female,83,3,2,Sales Executive,4,Single,4163,8571,1,Yes,17,3,3,0,9,0,3,9,0,0,7,0.0,0.0,0.0,7.0,0.7,0,0.2,0.6,3.5,Established Stage (7-12 yrs),0.0,Low Risk,55.0,Watchlist,Moderate Development Need,Stable Leadership Continuity,Upskilling & Training Program,4,3,0.082,-3.856,-0.563,Promotion-Stalled Employees
PANW-1720,30,1,Travel_Rarely,138,Research & Development,22,3,Life Sciences,1,Female,48,3,1,Research Scientist,3,Married,2132,11539,4,Yes,11,3,2,0,7,2,3,5,2,0,1,0.0,0.333,0.333,0.333,0.167,2,0.125,0.66,2.25,Growth Stage (3-6 yrs),18.3,Low Risk,36.4,Already Attrited,Moderate Development Need,Recent Manager Transition,Exit Analysis & Knowledge Transfer,1,4,-1.43,-0.039,-0.972,Fast-Track Performers
PANW-1721,50,0,Travel_Rarely,939,Research & Development,24,3,Life Sciences,4,Male,95,3,4,Manufacturing Director,3,Married,13973,4161,3,Yes,18,3,4,1,22,2,3,12,11,1,5,0.077,0.846,0.154,0.417,0.385,10,0.174,1.92,3.5,Established Stage (7-12 yrs),53.4,Medium Risk,73.7,Immediate Action,Moderate Development Need,Stable Leadership Continuity,Lateral Role Rotation / New Project,3,1,2.342,-0.224,-1.267,High-Risk Stagnation Profiles
PANW-1722,38,0,Travel_Frequently,1391,Research & Development,10,1,Medical,3,Male,66,3,1,Research Scientist,3,Married,2684,12127,0,No,17,3,2,1,3,0,2,2,1,0,2,0.0,0.333,0.0,1.0,0.667,1,0.25,0.83,2.5,Early Stage (0-2 yrs),15.2,Low Risk,60.3,Watchlist,Moderate Development Need,Moderate Manager Continuity,Upskilling & Training Program,1,4,-1.839,0.043,-0.923,Fast-Track Performers
PANW-1723,46,0,Travel_Rarely,566,Research & Development,7,2,Medical,4,Male,75,3,3,Manufacturing Director,3,Divorced,10845,24208,6,No,13,3,2,1,13,3,3,8,7,0,7,0.0,0.778,0.333,0.875,0.778,7,0.214,1.49,3.0,Established Stage (7-12 yrs),45.1,Medium Risk,70.8,Immediate Action,Sufficiently Trained,Stable Leadership Continuity,Lateral Role Rotation / New Project,3,1,0.948,-0.163,-1.267,High-Risk Stagnation Profiles
PANW-1724,24,0,Travel_Rarely,1206,Research & Development,17,1,Medical,4,Female,41,2,2,Manufacturing Director,3,Divorced,4377,24117,1,No,15,3,2,2,5,6,3,4,2,3,2,0.6,0.4,1.2,0.667,0.4,-1,0.333,0.6,3.0,Growth Stage (3-6 yrs),30.5,Medium Risk,61.9,Watchlist,Sufficiently Trained,Moderate Manager Continuity,Regular Annual Review,1,4,-1.161,0.725,1.738,Fast-Track Performers
PANW-1725,35,1,Travel_Rarely,622,Research & Development,14,4,Other,3,Male,39,2,1,Laboratory Technician,2,Divorced,3743,10074,1,Yes,24,4,4,1,5,2,1,4,2,0,2,0.0,0.4,0.4,0.667,0.4,2,0.167,1.16,2.5,Growth Stage (3-6 yrs),23.8,Low Risk,40.8,Already Attrited,Moderate Development Need,Moderate Manager Continuity,Exit Analysis & Knowledge Transfer,1,4,-1.543,0.199,-1.271,Fast-Track Performers
PANW-1726,31,0,Travel_Frequently,853,Research & Development,1,1,Life Sciences,3,Female,96,3,2,Manufacturing Director,1,Married,4148,11275,1,No,12,3,3,1,4,1,3,4,3,0,3,0.0,0.6,0.2,0.75,0.6,3,0.4,0.57,2.5,Growth Stage (3-6 yrs),35.6,Medium Risk,67.5,Watchlist,Moderate Development Need,Moderate Manager Continuity,Upskilling & Training Program,1,4,-1.254,0.305,-0.495,Fast-Track Performers
PANW-1727,18,0,Non-Travel,287,Research & Development,5,2,Life Sciences,2,Male,73,3,1,Research Scientist,4,Single,1051,13493,1,No,15,3,4,0,0,2,3,0,0,0,0,0.0,0.0,2.0,0.0,0.0,0,1.0,0.32,3.25,Early Stage (0-2 yrs),0.0,Low Risk,55.0,Watchlist,Moderate Development Need,Recent Manager Transition,Regular Annual Review,0,2,-5.095,-0.139,2.726,Early-Career Explorers
PANW-1728,54,0,Travel_Rarely,1441,Research & Development,17,3,Technical Degree,3,Female,56,3,3,Manufacturing Director,3,Married,10739,13943,8,No,11,3,3,1,22,2,3,10,7,0,8,0.0,0.636,0.182,1.0,0.727,7,0.13,1.47,3.0,Established Stage (7-12 yrs),41.5,Medium Risk,69.5,Watchlist,Moderate Development Need,Stable Leadership Continuity,Lateral Role Rotation / New Project,3,1,1.693,-1.026,-1.357,High-Risk Stagnation Profiles
PANW-1729,35,0,Travel_Rarely,583,Research & Development,25,4,Medical,3,Female,57,3,3,Healthcare Representative,3,Divorced,10388,6975,1,Yes,11,3,3,1,16,3,2,16,10,10,1,0.588,0.588,0.176,0.091,0.059,0,0.176,1.38,2.75,Veteran Stage (13+ yrs),78.4,High Risk,82.4,Immediate Action,Sufficiently Trained,Recent Manager Transition,Promotion & Compensation Review,2,0,2.632,1.047,1.706,Stable Long-Term Contributors
PANW-1730,30,0,Travel_Rarely,153,Research & Development,8,2,Life Sciences,2,Female,73,4,3,Research Director,1,Married,11416,17802,0,Yes,12,3,3,3,9,4,2,8,7,1,7,0.111,0.778,0.444,0.875,0.778,6,0.3,0.71,2.0,Established Stage (7-12 yrs),56.1,High Risk,78.4,Immediate Action,Sufficiently Trained,Stable Leadership Continuity,Lateral Role Rotation / New Project,3,1,0.756,0.242,-0.557,High-Risk Stagnation Profiles
PANW-1731,20,1,Travel_Rarely,1097,Research & Development,11,3,Medical,4,Female,98,2,1,Research Scientist,1,Single,2600,18275,1,Yes,15,3,1,0,1,2,3,1,0,0,0,0.0,0.0,1.0,0.0,0.0,0,0.5,0.8,2.25,Early Stage (0-2 yrs),11.2,Low Risk,30.2,Already Attrited,Moderate Development Need,Recent Manager Transition,Exit Analysis & Knowledge Transfer,0,2,-3.604,-0.228,0.792,Early-Career Explorers
PANW-1732,30,1,Travel_Frequently,109,Research & Development,5,3,Medical,2,Female,60,3,1,Laboratory Technician,2,Single,2422,25725,0,No,17,3,1,0,4,3,3,3,2,1,2,0.25,0.5,0.75,0.667,0.5,1,0.2,0.75,2.0,Growth Stage (3-6 yrs),29.8,Low Risk,40.4,Already Attrited,Sufficiently Trained,Moderate Manager Continuity,Exit Analysis & Knowledge Transfer,1,4,-1.459,0.777,-0.257,Fast-Track Performers
PANW-1733,26,0,Travel_Rarely,1066,Research & Development,2,2,Medical,4,Male,32,4,2,Manufacturing Director,4,Married,5472,3334,1,No,12,3,2,0,8,2,3,8,7,1,3,0.111,0.778,0.222,0.375,0.333,6,0.222,0.75,3.25,Established Stage (7-12 yrs),44.8,Medium Risk,74.4,Immediate Action,Moderate Development Need,Moderate Manager Continuity,Lateral Role Rotation / New Project,1,1,0.223,0.905,-0.96,Fast-Track Performers
PANW-1734,22,0,Travel_Rarely,217,Research & Development,8,1,Life Sciences,2,Male,94,1,1,Laboratory Technician,1,Married,2451,6881,1,No,15,3,1,1,4,3,2,4,3,1,1,0.2,0.6,0.6,0.25,0.2,2,0.2,0.76,1.5,Growth Stage (3-6 yrs),39.1,Medium Risk,61.2,Watchlist,Sufficiently Trained,Recent Manager Transition,Regular Annual Review,1,4,-1.324,1.119,-0.509,Fast-Track Performers
PANW-1735,48,0,Travel_Rarely,277,Research & Development,6,3,Life Sciences,1,Male,97,2,2,Healthcare Representative,3,Single,4240,13119,2,No,13,3,4,0,19,0,3,2,2,2,2,0.667,0.667,0.0,0.667,0.667,0,0.1,0.56,2.75,Early Stage (0-2 yrs),33.7,Medium Risk,63.0,Watchlist,Moderate Development Need,Moderate Manager Continuity,Upskilling & Training Program,1,1,0.435,0.754,0.271,Fast-Track Performers
PANW-1736,48,0,Travel_Rarely,1355,Research & Development,4,4,Life Sciences,3,Male,78,2,3,Healthcare Representative,3,Single,10999,22245,7,No,14,3,2,0,27,3,3,15,11,4,8,0.25,0.688,0.188,0.667,0.5,7,0.107,1.46,2.75,Veteran Stage (13+ yrs),60.0,High Risk,72.2,Immediate Action,Sufficiently Trained,Prolonged Stagnant Manager Dyad,Promotion & Compensation Review,2,1,3.283,-0.338,-0.531,Stable Long-Term Contributors
PANW-1737,41,0,Travel_Rarely,549,Research & Development,7,2,Medical,4,Female,42,3,2,Manufacturing Director,3,Single,5003,23371,6,No,14,3,2,0,8,6,3,2,2,2,1,0.667,0.667,2.0,0.333,0.333,0,0.222,0.69,3.0,Early Stage (0-2 yrs),33.7,Medium Risk,66.8,Watchlist,Sufficiently Trained,Recent Manager Transition,Regular Annual Review,1,4,-1.261,1.198,1.525,Fast-Track Performers
PANW-1738,39,0,Travel_Rarely,466,Research & Development,1,1,Life Sciences,4,Female,65,2,4,Manufacturing Director,4,Married,12742,7060,1,No,16,3,3,1,21,3,3,21,6,11,8,0.5,0.273,0.136,1.143,0.364,-5,0.182,1.75,3.5,Veteran Stage (13+ yrs),60.6,High Risk,72.5,Immediate Action,Sufficiently Trained,Prolonged Stagnant Manager Dyad,Promotion & Compensation Review,2,0,3.617,-1.102,2.089,Stable Long-Term Contributors
PANW-1739,27,0,Travel_Rarely,1055,Research & Development,2,4,Life Sciences,1,Female,47,3,2,Manufacturing Director,4,Married,4227,4658,0,No,18,3,2,1,4,2,3,3,2,2,2,0.5,0.5,0.5,0.667,0.5,0,0.4,0.58,2.5,Growth Stage (3-6 yrs),25.8,Low Risk,64.0,Watchlist,Moderate Development Need,Moderate Manager Continuity,Regular Annual Review,1,4,-1.205,0.952,1.036,Fast-Track Performers
PANW-1740,35,0,Travel_Rarely,802,Research & Development,10,3,Other,2,Male,45,3,1,Laboratory Technician,4,Divorced,3917,9541,1,No,20,4,1,1,3,4,2,3,2,1,2,0.25,0.5,1.0,0.667,0.5,1,0.25,1.21,2.25,Growth Stage (3-6 yrs),22.2,Low Risk,69.0,Watchlist,Sufficiently Trained,Moderate Manager Continuity,Regular Annual Review,1,4,-1.717,0.834,-0.076,Fast-Track Performers
PANW-1741,42,0,Travel_Rarely,265,Sales,5,2,Marketing,4,Male,90,3,5,Manager,3,Married,18303,7770,6,No,13,3,2,0,21,3,4,1,0,0,0,0.0,0.0,1.5,0.0,0.0,0,0.227,1.07,3.25,Early Stage (0-2 yrs),3.8,Low Risk,56.3,Watchlist,Sufficiently Trained,Recent Manager Transition,Regular Annual Review,0,2,-1.445,-2.729,1.011,Early-Career Explorers
PANW-1742,50,0,Travel_Rarely,804,Research & Development,9,3,Life Sciences,1,Male,64,3,1,Laboratory Technician,4,Married,2380,20165,4,No,18,3,2,0,8,5,3,1,0,0,0,0.0,0.0,2.5,0.0,0.0,0,0.111,0.74,2.5,Early Stage (0-2 yrs),0.0,Low Risk,55.0,Watchlist,Sufficiently Trained,Recent Manager Transition,Regular Annual Review,0,2,-3.212,-0.871,0.303,Early-Career Explorers
PANW-1743,59,0,Travel_Rarely,715,Research & Development,2,3,Life Sciences,3,Female,69,2,4,Manufacturing Director,4,Single,13726,21829,3,Yes,13,3,1,0,30,4,3,5,3,4,3,0.667,0.5,0.667,0.75,0.5,-1,0.129,1.88,2.75,Growth Stage (3-6 yrs),35.9,Medium Risk,63.8,Watchlist,Sufficiently Trained,Moderate Manager Continuity,Regular Annual Review,3,1,1.541,-0.841,1.49,High-Risk Stagnation Profiles
PANW-1744,37,1,Travel_Rarely,1141,Research & Development,11,2,Medical,1,Female,61,1,2,Healthcare Representative,2,Married,4777,14382,5,No,15,3,1,0,15,2,1,1,0,0,0,0.0,0.0,1.0,0.0,0.0,0,0.125,0.63,1.25,Early Stage (0-2 yrs),7.5,Low Risk,25.1,Already Attrited,Moderate Development Need,Recent Manager Transition,Exit Analysis & Knowledge Transfer,1,2,-2.046,-1.362,-0.091,Fast-Track Performers
PANW-1745,55,0,Travel_Frequently,135,Research & Development,18,4,Medical,3,Male,62,3,2,Healthcare Representative,2,Married,6385,12992,3,Yes,14,3,4,2,17,3,3,8,7,6,7,0.667,0.778,0.333,0.875,0.778,1,0.111,0.85,3.0,Established Stage (7-12 yrs),69.8,High Risk,79.4,Immediate Action,Sufficiently Trained,Prolonged Stagnant Manager Dyad,Promotion & Compensation Review,3,0,2.169,1.22,0.621,High-Risk Stagnation Profiles
PANW-1746,41,0,Non-Travel,247,Research & Development,7,1,Life Sciences,2,Female,55,1,5,Research Director,3,Divorced,19973,20284,1,No,22,4,2,2,21,3,3,21,16,5,10,0.227,0.727,0.136,0.588,0.455,11,0.227,1.25,2.5,Veteran Stage (13+ yrs),64.4,High Risk,76.3,Immediate Action,Sufficiently Trained,Prolonged Stagnant Manager Dyad,Promotion & Compensation Review,2,1,4.53,-0.365,-0.29,Stable Long-Term Contributors
PANW-1747,38,0,Travel_Rarely,1035,Sales,3,4,Life Sciences,2,Male,42,3,2,Sales Executive,4,Single,6861,4981,8,Yes,12,3,3,0,19,1,3,1,0,0,0,0.0,0.0,0.5,0.0,0.0,0,0.1,0.99,3.0,Early Stage (0-2 yrs),0.0,Low Risk,55.0,Watchlist,Moderate Development Need,Recent Manager Transition,Upskilling & Training Program,1,2,-1.604,-1.522,-0.305,Fast-Track Performers
PANW-1748,26,1,Non-Travel,265,Sales,29,2,Medical,2,Male,79,1,2,Sales Executive,1,Single,4969,21813,8,No,18,3,4,0,7,6,3,2,2,2,2,0.667,0.667,2.0,0.667,0.667,0,0.25,0.72,2.5,Early Stage (0-2 yrs),41.2,Medium Risk,36.9,Already Attrited,Sufficiently Trained,Moderate Manager Continuity,Exit Analysis & Knowledge Transfer,1,4,-1.228,1.148,1.473,Fast-Track Performers
PANW-1749,52,1,Travel_Rarely,266,Sales,2,1,Marketing,1,Female,57,1,5,Manager,4,Married,19845,25846,1,No,15,3,4,1,33,3,3,32,14,6,9,0.182,0.424,0.091,0.6,0.273,8,0.147,1.16,3.0,Veteran Stage (13+ yrs),56.6,High Risk,42.3,Already Attrited,Sufficiently Trained,Prolonged Stagnant Manager Dyad,Exit Analysis & Knowledge Transfer,2,1,5.451,-2.048,0.221,Stable Long-Term Contributors
PANW-1750,44,0,Travel_Rarely,1448,Sales,28,3,Medical,4,Female,53,4,4,Sales Executive,4,Married,13320,11737,3,Yes,18,3,3,1,23,2,3,12,11,11,11,0.846,0.846,0.154,0.917,0.846,0,0.167,1.92,3.5,Established Stage (7-12 yrs),81.2,High Risk,87.2,Immediate Action,Moderate Development Need,Prolonged Stagnant Manager Dyad,Promotion & Compensation Review,2,0,4.691,1.026,1.79,Stable Long-Term Contributors
PANW-1751,50,0,Non-Travel,145,Sales,1,3,Life Sciences,4,Female,95,3,2,Sales Executive,3,Married,6347,24920,0,No,12,3,1,1,19,3,3,18,7,0,13,0.0,0.368,0.158,1.625,0.684,7,0.1,0.92,2.75,Veteran Stage (13+ yrs),34.8,Medium Risk,67.2,Watchlist,Sufficiently Trained,Stable Leadership Continuity,Regular Annual Review,3,1,2.283,-1.618,-1.465,High-Risk Stagnation Profiles
PANW-1752,36,1,Travel_Rarely,885,Research & Development,16,4,Life Sciences,3,Female,43,4,1,Laboratory Technician,1,Single,2743,8269,1,No,16,3,3,0,18,1,3,17,13,15,14,0.833,0.722,0.056,1.0,0.778,-2,0.053,0.85,2.5,Veteran Stage (13+ yrs),89.3,High Risk,65.0,Already Attrited,High Development Need,Prolonged Stagnant Manager Dyad,Exit Analysis & Knowledge Transfer,2,0,5.167,2.086,1.558,Stable Long-Term Contributors
PANW-1753,39,0,Travel_Frequently,945,Research & Development,22,3,Medical,4,Female,82,3,3,Manufacturing Director,1,Single,10880,5083,1,Yes,13,3,3,0,21,2,3,21,6,2,8,0.091,0.273,0.091,1.143,0.364,4,0.136,1.49,2.75,Veteran Stage (13+ yrs),43.8,Medium Risk,70.3,Immediate Action,Moderate Development Need,Stable Leadership Continuity,Regular Annual Review,2,1,2.263,-1.842,-0.456,Stable Long-Term Contributors
PANW-1754,33,0,Non-Travel,1038,Sales,8,1,Life Sciences,2,Female,88,2,1,Sales Representative,4,Single,2342,21437,0,No,19,3,4,0,3,2,2,2,2,2,2,0.667,0.667,0.667,0.667,0.667,0,0.25,0.89,3.0,Early Stage (0-2 yrs),29.9,Low Risk,61.7,Watchlist,Moderate Development Need,Moderate Manager Continuity,Regular Annual Review,1,4,-1.085,1.878,0.64,Fast-Track Performers
PANW-1755,45,0,Travel_Rarely,1234,Sales,11,2,Life Sciences,4,Female,90,3,4,Manager,4,Married,17650,5404,3,No,13,3,2,1,26,4,4,9,3,1,1,0.1,0.3,0.4,0.25,0.1,2,0.148,1.03,3.5,Established Stage (7-12 yrs),20.4,Low Risk,62.1,Watchlist,Sufficiently Trained,Recent Manager Transition,Regular Annual Review,1,1,0.541,-1.845,0.013,Fast-Track Performers
PANW-1756,32,0,Non-Travel,1109,Research & Development,29,4,Medical,4,Female,69,3,1,Laboratory Technician,3,Single,4025,11135,9,No,12,3,2,0,10,2,3,8,7,7,7,0.778,0.778,0.222,0.875,0.778,0,0.091,1.24,3.0,Established Stage (7-12 yrs),69.6,High Risk,79.4,Immediate Action,Moderate Development Need,Prolonged Stagnant Manager Dyad,Promotion & Compensation Review,3,0,1.904,2.099,0.766,High-Risk Stagnation Profiles
PANW-1757,34,0,Travel_Rarely,216,Sales,1,4,Marketing,2,Male,75,4,2,Sales Executive,4,Divorced,9725,12278,0,No,11,3,4,1,16,2,2,15,1,0,9,0.0,0.062,0.125,4.5,0.562,1,0.118,1.4,3.0,Veteran Stage (13+ yrs),4.7,Low Risk,60.4,Watchlist,Moderate Development Need,Stable Leadership Continuity,Regular Annual Review,4,4,0.969,-3.373,-0.716,Promotion-Stalled Employees
PANW-1758,59,0,Travel_Rarely,1089,Sales,1,2,Technical Degree,2,Male,66,3,3,Manager,4,Married,11904,11038,3,Yes,14,3,3,1,14,1,1,6,4,0,4,0.0,0.571,0.143,0.8,0.571,4,0.2,0.69,2.5,Growth Stage (3-6 yrs),26.8,Low Risk,64.4,Watchlist,Moderate Development Need,Stable Leadership Continuity,Upskilling & Training Program,1,4,0.14,-0.64,-0.99,Fast-Track Performers
PANW-1759,45,0,Travel_Rarely,788,Human Resources,24,4,Medical,2,Male,36,3,1,Human Resources,2,Single,2177,8318,1,No,16,3,1,0,6,3,3,6,3,0,4,0.0,0.429,0.429,1.0,0.571,3,0.143,0.51,2.0,Growth Stage (3-6 yrs),27.6,Low Risk,64.7,Watchlist,Sufficiently Trained,Stable Leadership Continuity,Regular Annual Review,1,4,-0.918,-0.034,-1.232,Fast-Track Performers
PANW-1760,53,0,Travel_Frequently,124,Sales,2,3,Marketing,3,Female,38,2,3,Sales Executive,2,Married,7525,23537,2,No,12,3,1,1,30,2,3,15,7,6,12,0.375,0.438,0.125,1.5,0.75,1,0.097,1.09,2.25,Veteran Stage (13+ yrs),61.3,High Risk,72.7,Immediate Action,Moderate Development Need,Prolonged Stagnant Manager Dyad,Promotion & Compensation Review,2,1,3.65,-1.359,0.41,Stable Long-Term Contributors
PANW-1761,36,1,Travel_Rarely,660,Research & Development,15,3,Other,1,Male,81,3,2,Laboratory Technician,3,Divorced,4834,7858,7,No,14,3,2,1,9,3,2,1,0,0,0,0.0,0.0,1.5,0.0,0.0,0,0.2,1.49,2.0,Early Stage (0-2 yrs),3.8,Low Risk,31.3,Already Attrited,Sufficiently Trained,Recent Manager Transition,Exit Analysis & Knowledge Transfer,0,2,-2.65,-1.128,0.367,Early-Career Explorers
PANW-1762,26,1,Travel_Frequently,342,Research & Development,2,3,Life Sciences,1,Male,57,3,1,Research Scientist,1,Married,2042,15346,6,Yes,14,3,2,1,6,2,3,3,2,1,2,0.25,0.5,0.5,0.667,0.5,1,0.143,0.63,1.75,Growth Stage (3-6 yrs),33.5,Medium Risk,41.7,Already Attrited,Moderate Development Need,Moderate Manager Continuity,Exit Analysis & Knowledge Transfer,1,4,-1.147,0.669,-0.455,Fast-Track Performers
PANW-1763,34,0,Travel_Rarely,1333,Sales,10,4,Life Sciences,3,Female,87,3,1,Sales Representative,3,Married,2220,18410,1,Yes,19,3,4,1,1,2,3,1,1,0,0,0.0,0.5,1.0,0.0,0.0,1,0.5,0.85,3.25,Early Stage (0-2 yrs),19.4,Low Risk,61.8,Watchlist,Moderate Development Need,Recent Manager Transition,Regular Annual Review,0,2,-3.093,0.869,0.078,Early-Career Explorers
PANW-1764,28,0,Travel_Rarely,1144,Sales,10,1,Medical,4,Male,74,3,1,Sales Representative,2,Married,1052,23384,1,No,22,4,2,0,1,5,3,1,0,0,0,0.0,0.0,2.5,0.0,0.0,0,0.5,0.4,2.75,Early Stage (0-2 yrs),7.5,Low Risk,63.9,Watchlist,Sufficiently Trained,Recent Manager Transition,Regular Annual Review,0,2,-4.271,-0.373,1.312,Early-Career Explorers
PANW-1765,38,0,Travel_Frequently,1186,Research & Development,3,4,Other,3,Male,44,3,1,Research Scientist,3,Married,2821,2997,3,No,16,3,1,1,8,2,3,2,2,2,2,0.667,0.667,0.667,0.667,0.667,0,0.111,0.87,2.5,Early Stage (0-2 yrs),33.7,Medium Risk,66.8,Watchlist,Moderate Development Need,Moderate Manager Continuity,Regular Annual Review,1,4,-0.594,1.565,0.331,Fast-Track Performers
PANW-1766,50,0,Travel_Rarely,1464,Research & Development,2,4,Medical,2,Male,62,3,5,Research Director,3,Married,19237,12853,2,Yes,11,3,4,1,29,2,2,8,1,7,7,0.778,0.111,0.222,3.5,0.778,-6,0.167,1.2,2.75,Established Stage (7-12 yrs),34.2,Medium Risk,67.0,Watchlist,Moderate Development Need,Prolonged Stagnant Manager Dyad,Manager Mentorship & Skip-Level Check-in,2,0,2.674,-2.854,2.755,Stable Long-Term Contributors
PANW-1767,37,0,Travel_Rarely,124,Research & Development,3,3,Other,4,Female,35,3,2,Healthcare Representative,2,Single,4107,13848,3,No,15,3,1,0,8,3,2,4,3,0,1,0.0,0.6,0.6,0.25,0.2,3,0.222,0.55,2.25,Growth Stage (3-6 yrs),31.9,Medium Risk,66.2,Watchlist,Sufficiently Trained,Recent Manager Transition,Regular Annual Review,1,4,-1.2,0.256,-0.845,Fast-Track Performers
PANW-1768,40,0,Travel_Rarely,300,Sales,26,3,Marketing,3,Male,74,3,2,Sales Executive,1,Married,8396,22217,1,No,14,3,2,1,8,3,2,7,7,7,5,0.875,0.875,0.375,0.625,0.625,0,0.222,1.21,2.0,Established Stage (7-12 yrs),79.5,High Risk,82.8,Immediate Action,Sufficiently Trained,Prolonged Stagnant Manager Dyad,Promotion & Compensation Review,3,0,1.589,2.387,1.467,High-Risk Stagnation Profiles
PANW-1769,26,0,Travel_Frequently,921,Research & Development,1,1,Medical,1,Female,66,2,1,Research Scientist,3,Divorced,2007,25265,1,No,13,3,3,2,5,5,3,5,3,1,3,0.167,0.5,0.833,0.75,0.5,2,0.167,0.62,2.5,Growth Stage (3-6 yrs),29.1,Low Risk,61.4,Watchlist,Sufficiently Trained,Moderate Manager Continuity,Regular Annual Review,1,4,-1.079,0.509,-0.442,Fast-Track Performers
PANW-1770,46,0,Travel_Rarely,430,Research & Development,1,4,Medical,4,Male,40,3,5,Research Director,4,Divorced,19627,21445,9,No,17,3,4,2,23,0,3,2,2,2,2,0.667,0.667,0.0,0.667,0.667,0,0.208,1.22,3.75,Early Stage (0-2 yrs),29.9,Low Risk,65.5,Watchlist,Moderate Development Need,Moderate Manager Continuity,Upskilling & Training Program,3,1,1.125,-0.387,0.989,High-Risk Stagnation Profiles
PANW-1771,54,0,Travel_Rarely,1082,Sales,2,4,Life Sciences,3,Female,41,2,3,Sales Executive,3,Married,10686,8392,6,No,11,3,2,1,13,4,3,9,4,7,0,0.7,0.4,0.4,0.0,0.0,-3,0.214,1.54,2.75,Established Stage (7-12 yrs),50.8,Medium Risk,69.0,Watchlist,Sufficiently Trained,Recent Manager Transition,Regular Annual Review,1,0,0.741,0.666,2.139,Fast-Track Performers
PANW-1772,56,0,Travel_Frequently,1240,Research & Development,9,3,Medical,1,Female,63,3,1,Research Scientist,3,Married,2942,12154,2,No,19,3,2,1,18,4,3,5,4,0,3,0.0,0.667,0.667,0.6,0.5,4,0.053,0.91,2.25,Growth Stage (3-6 yrs),32.9,Medium Risk,66.5,Watchlist,Sufficiently Trained,Moderate Manager Continuity,Lateral Role Rotation / New Project,1,4,-0.266,0.086,-1.706,Fast-Track Performers
PANW-1773,36,0,Travel_Rarely,796,Research & Development,12,5,Medical,4,Female,51,2,3,Manufacturing Director,4,Single,8858,15669,0,No,11,3,2,0,15,2,2,14,8,7,8,0.467,0.533,0.133,0.889,0.533,1,0.188,1.21,3.0,Veteran Stage (13+ yrs),62.8,High Risk,73.2,Immediate Action,Moderate Development Need,Prolonged Stagnant Manager Dyad,Promotion & Compensation Review,3,1,2.638,0.156,0.95,High-Risk Stagnation Profiles
PANW-1774,55,0,Non-Travel,444,Research & Development,2,1,Medical,3,Male,40,2,4,Manager,1,Single,16756,17323,7,No,15,3,2,0,31,3,4,9,7,6,2,0.6,0.7,0.3,0.25,0.2,1,0.125,0.98,2.5,Established Stage (7-12 yrs),71.6,High Risk,76.3,Immediate Action,Sufficiently Trained,Moderate Manager Continuity,Promotion & Compensation Review,2,0,2.582,-0.062,1.075,Stable Long-Term Contributors
PANW-1775,43,0,Travel_Rarely,415,Sales,25,3,Medical,3,Male,79,2,3,Sales Executive,4,Divorced,10798,5268,5,No,13,3,3,1,18,5,3,1,0,0,0,0.0,0.0,2.5,0.0,0.0,0,0.158,1.56,3.25,Early Stage (0-2 yrs),0.0,Low Risk,51.2,Watchlist,Sufficiently Trained,Recent Manager Transition,Regular Annual Review,0,2,-2.361,-2.067,0.94,Early-Career Explorers
PANW-1776,20,1,Travel_Frequently,769,Sales,9,3,Marketing,4,Female,54,3,1,Sales Representative,4,Single,2323,17205,1,Yes,14,3,2,0,2,3,3,2,2,0,2,0.0,0.667,1.0,0.667,0.667,2,0.333,0.88,3.25,Early Stage (0-2 yrs),22.9,Low Risk,38.0,Already Attrited,Sufficiently Trained,Moderate Manager Continuity,Exit Analysis & Knowledge Transfer,1,4,-2.103,0.802,-0.554,Fast-Track Performers
PANW-1777,21,1,Travel_Rarely,1334,Research & Development,10,3,Life Sciences,3,Female,36,2,1,Laboratory Technician,1,Single,1416,17258,1,No,13,3,1,0,1,6,2,1,0,1,0,0.5,0.0,3.0,0.0,0.0,-1,0.5,0.44,1.75,Early Stage (0-2 yrs),14.8,Low Risk,31.4,Already Attrited,Sufficiently Trained,Recent Manager Transition,Exit Analysis & Knowledge Transfer,0,2,-3.971,0.239,2.997,Early-Career Explorers
PANW-1778,46,0,Travel_Rarely,1003,Research & Development,8,4,Life Sciences,4,Female,74,2,2,Research Scientist,1,Divorced,4615,21029,8,Yes,23,4,1,3,19,2,3,16,13,1,7,0.059,0.765,0.118,0.5,0.412,12,0.1,1.42,2.25,Veteran Stage (13+ yrs),58.9,High Risk,78.1,Immediate Action,Moderate Development Need,Stable Leadership Continuity,Lateral Role Rotation / New Project,3,1,2.467,0.392,-2.045,High-Risk Stagnation Profiles
PANW-1779,51,1,Travel_Rarely,1323,Research & Development,4,4,Life Sciences,1,Male,34,3,1,Research Scientist,3,Married,2461,10332,9,Yes,12,3,3,3,18,2,4,10,0,2,7,0.182,0.0,0.182,7.0,0.636,-2,0.053,0.76,2.75,Established Stage (7-12 yrs),10.8,Low Risk,33.8,Already Attrited,Moderate Development Need,Stable Leadership Continuity,Exit Analysis & Knowledge Transfer,4,3,0.844,-3.735,-0.2,Promotion-Stalled Employees
PANW-1780,28,1,Non-Travel,1366,Research & Development,24,2,Technical Degree,2,Male,72,2,3,Healthcare Representative,1,Single,8722,12355,1,No,12,3,1,0,10,2,2,10,7,1,9,0.091,0.636,0.182,1.125,0.818,6,0.273,1.16,1.5,Established Stage (7-12 yrs),52.5,Medium Risk,44.6,Already Attrited,Moderate Development Need,Stable Leadership Continuity,Exit Analysis & Knowledge Transfer,3,1,1.2,-0.276,-0.683,High-Risk Stagnation Profiles
PANW-1781,26,0,Travel_Rarely,192,Research & Development,1,2,Medical,1,Male,59,2,1,Laboratory Technician,1,Married,3955,11141,1,No,16,3,1,2,6,2,3,5,3,1,3,0.167,0.5,0.333,0.75,0.5,2,0.143,1.22,1.5,Growth Stage (3-6 yrs),36.6,Medium Risk,64.1,Watchlist,Moderate Development Need,Moderate Manager Continuity,Regular Annual Review,1,4,-0.793,0.551,-0.823,Fast-Track Performers
PANW-1782,30,0,Travel_Rarely,1176,Research & Development,20,3,Other,3,Male,85,3,2,Manufacturing Director,1,Married,9957,9096,0,No,15,3,3,1,7,1,2,6,2,0,2,0.0,0.286,0.143,0.667,0.286,2,0.25,1.36,2.25,Growth Stage (3-6 yrs),24.6,Low Risk,63.6,Watchlist,Moderate Development Need,Moderate Manager Continuity,Upskilling & Training Program,1,4,-1.186,-0.541,-0.606,Fast-Track Performers
PANW-1783,41,0,Travel_Rarely,509,Research & Development,7,2,Technical Degree,2,Female,43,4,1,Research Scientist,3,Married,3376,18863,1,No,13,3,3,0,10,3,3,10,6,0,8,0.0,0.545,0.273,1.143,0.727,6,0.091,1.04,2.75,Established Stage (7-12 yrs),36.1,Medium Risk,71.4,Immediate Action,Sufficiently Trained,Stable Leadership Continuity,Regular Annual Review,3,1,0.551,-0.069,-1.711,High-Risk Stagnation Profiles
PANW-1784,38,0,Travel_Rarely,330,Research & Development,17,1,Life Sciences,3,Female,65,2,3,Healthcare Representative,3,Married,8823,24608,0,No,18,3,1,1,20,4,2,19,9,1,9,0.05,0.45,0.2,0.9,0.45,8,0.143,1.17,2.25,Veteran Stage (13+ yrs),43.5,Medium Risk,66.5,Watchlist,Sufficiently Trained,Stable Leadership Continuity,Regular Annual Review,3,1,2.421,-1.204,-1.121,High-Risk Stagnation Profiles
PANW-1785,40,0,Travel_Rarely,1492,Research & Development,20,4,Technical Degree,1,Male,61,3,3,Healthcare Representative,4,Married,10322,26542,4,No,20,4,4,1,14,6,3,11,10,11,1,0.917,0.833,0.5,0.091,0.083,-1,0.2,1.37,3.0,Established Stage (7-12 yrs),80.8,High Risk,89.5,Immediate Action,Sufficiently Trained,Recent Manager Transition,Promotion & Compensation Review,3,0,2.551,2.333,2.248,High-Risk Stagnation Profiles
PANW-1786,27,0,Non-Travel,1277,Research & Development,8,5,Life Sciences,1,Male,87,1,1,Laboratory Technician,3,Married,4621,5869,1,No,19,3,4,3,3,4,3,3,2,1,2,0.25,0.5,1.0,0.667,0.5,1,0.25,1.43,2.75,Growth Stage (3-6 yrs),26.0,Low Risk,56.6,Watchlist,Sufficiently Trained,Moderate Manager Continuity,Regular Annual Review,1,4,-1.712,0.824,-0.049,Fast-Track Performers
PANW-1787,55,0,Travel_Frequently,1091,Research & Development,2,1,Life Sciences,4,Male,65,3,3,Manufacturing Director,2,Married,10976,15813,3,No,18,3,2,1,23,4,3,3,2,1,2,0.25,0.5,1.0,0.667,0.5,1,0.125,1.5,2.75,Growth Stage (3-6 yrs),29.8,Low Risk,65.4,Watchlist,Sufficiently Trained,Moderate Manager Continuity,Regular Annual Review,1,4,-0.128,-0.872,0.016,Fast-Track Performers
PANW-1788,28,0,Travel_Rarely,857,Research & Development,10,3,Other,3,Female,59,3,2,Research Scientist,3,Single,3660,7909,3,No,13,3,4,0,10,4,4,8,7,1,7,0.111,0.778,0.444,0.875,0.778,6,0.182,1.13,3.5,Established Stage (7-12 yrs),48.6,Medium Risk,72.0,Immediate Action,Sufficiently Trained,Stable Leadership Continuity,Lateral Role Rotation / New Project,3,1,0.772,0.506,-1.09,High-Risk Stagnation Profiles
PANW-1789,44,1,Travel_Rarely,1376,Human Resources,1,2,Medical,2,Male,91,2,3,Human Resources,1,Married,10482,2326,9,No,14,3,4,1,24,1,3,20,6,3,6,0.143,0.286,0.048,0.857,0.286,3,0.12,2.47,2.5,Veteran Stage (13+ yrs),47.6,Medium Risk,42.9,Already Attrited,High Development Need,Stable Leadership Continuity,Exit Analysis & Knowledge Transfer,2,1,2.273,-1.652,-0.235,Stable Long-Term Contributors
PANW-1790,33,0,Travel_Rarely,654,Research & Development,5,3,Life Sciences,4,Male,34,2,3,Healthcare Representative,4,Divorced,7119,21214,4,No,15,3,3,1,9,2,3,3,2,1,2,0.25,0.5,0.5,0.667,0.5,1,0.3,0.95,3.5,Growth Stage (3-6 yrs),22.2,Low Risk,59.0,Watchlist,Moderate Development Need,Moderate Manager Continuity,Regular Annual Review,1,4,-0.828,-0.097,0.319,Fast-Track Performers
PANW-1791,35,1,Travel_Rarely,1204,Sales,4,3,Technical Degree,4,Male,86,3,3,Sales Executive,1,Single,9582,10333,0,Yes,22,4,1,0,9,2,3,8,7,4,7,0.444,0.778,0.222,0.875,0.778,3,0.3,1.38,2.25,Established Stage (7-12 yrs),66.6,High Risk,59.6,Already Attrited,Moderate Development Need,Prolonged Stagnant Manager Dyad,Exit Analysis & Knowledge Transfer,3,0,1.36,0.997,0.255,High-Risk Stagnation Profiles
PANW-1792,33,1,Travel_Frequently,827,Research & Development,29,4,Medical,1,Female,54,2,2,Research Scientist,3,Single,4508,3129,1,No,22,4,2,0,14,4,3,13,7,3,8,0.214,0.5,0.286,1.0,0.571,4,0.133,1.39,2.25,Veteran Stage (13+ yrs),48.6,Medium Risk,49.5,Already Attrited,Sufficiently Trained,Stable Leadership Continuity,Exit Analysis & Knowledge Transfer,3,0,1.555,-0.1,-0.696,High-Risk Stagnation Profiles
PANW-1793,28,0,Travel_Rarely,895,Research & Development,15,2,Life Sciences,1,Male,50,3,1,Laboratory Technician,3,Divorced,2207,22482,1,No,16,3,4,1,4,5,2,4,2,2,2,0.4,0.4,1.0,0.667,0.4,0,0.2,0.68,2.5,Growth Stage (3-6 yrs),27.0,Low Risk,64.4,Watchlist,Sufficiently Trained,Moderate Manager Continuity,Regular Annual Review,1,4,-1.367,0.772,0.478,Fast-Track Performers
PANW-1794,34,0,Travel_Frequently,618,Research & Development,3,1,Life Sciences,1,Male,45,3,2,Healthcare Representative,4,Single,7756,22266,0,No,17,3,3,0,7,1,2,6,2,0,4,0.0,0.286,0.143,1.333,0.571,2,0.25,1.03,2.5,Growth Stage (3-6 yrs),13.4,Low Risk,59.7,Watchlist,Moderate Development Need,Stable Leadership Continuity,Upskilling & Training Program,1,4,-0.902,-0.811,-0.707,Fast-Track Performers
PANW-1795,37,0,Travel_Rarely,309,Sales,10,4,Life Sciences,4,Female,88,2,2,Sales Executive,4,Divorced,6694,24223,2,Yes,14,3,3,3,8,5,3,1,0,0,0,0.0,0.0,2.5,0.0,0.0,0,0.222,0.97,3.5,Early Stage (0-2 yrs),0.0,Low Risk,51.2,Watchlist,Sufficiently Trained,Recent Manager Transition,Regular Annual Review,0,2,-3.158,-1.213,0.899,Early-Career Explorers
PANW-1796,25,1,Travel_Rarely,1219,Research & Development,4,1,Technical Degree,4,Male,32,3,1,Laboratory Technician,4,Married,3691,4605,1,Yes,15,3,2,1,7,3,4,7,7,5,6,0.625,0.875,0.375,0.75,0.75,2,0.125,1.14,3.5,Established Stage (7-12 yrs),61.2,High Risk,51.4,Already Attrited,Sufficiently Trained,Prolonged Stagnant Manager Dyad,Exit Analysis & Knowledge Transfer,3,0,1.211,2.227,0.117,High-Risk Stagnation Profiles
PANW-1797,26,1,Travel_Rarely,1330,Research & Development,21,3,Medical,1,Male,37,3,1,Laboratory Technician,3,Divorced,2377,19373,1,No,20,4,3,1,1,0,2,1,1,0,0,0.0,0.5,0.0,0.0,0.0,1,0.5,0.73,2.25,Early Stage (0-2 yrs),19.4,Low Risk,43.0,Already Attrited,Moderate Development Need,Recent Manager Transition,Exit Analysis & Knowledge Transfer,1,2,-2.674,1.019,-0.419,Fast-Track Performers
PANW-1798,33,1,Travel_Rarely,1017,Research & Development,25,3,Medical,1,Male,55,2,1,Research Scientist,2,Single,2313,2993,4,Yes,20,4,2,0,5,0,3,2,2,2,2,0.667,0.667,0.0,0.667,0.667,0,0.167,0.71,2.0,Early Stage (0-2 yrs),37.4,Medium Risk,45.6,Already Attrited,Moderate Development Need,Moderate Manager Continuity,Exit Analysis & Knowledge Transfer,1,4,-0.563,1.859,0.064,Fast-Track Performers
PANW-1799,42,0,Travel_Rarely,469,Research & Development,2,2,Medical,4,Male,35,3,4,Manager,1,Married,17665,14399,0,No,17,3,4,1,23,3,3,22,6,13,7,0.565,0.261,0.13,1.0,0.304,-7,0.167,1.03,3.0,Veteran Stage (13+ yrs),71.5,High Risk,80.0,Immediate Action,Sufficiently Trained,Prolonged Stagnant Manager Dyad,Promotion & Compensation Review,2,0,3.913,-0.975,2.521,Stable Long-Term Contributors
PANW-1800,28,1,Travel_Frequently,1009,Research & Development,1,3,Medical,1,Male,45,2,1,Laboratory Technician,2,Divorced,2596,7160,1,No,15,3,1,2,1,2,3,1,0,0,0,0.0,0.0,1.0,0.0,0.0,0,0.5,0.8,1.75,Early Stage (0-2 yrs),7.5,Low Risk,28.9,Already Attrited,Moderate Development Need,Recent Manager Transition,Exit Analysis & Knowledge Transfer,0,2,-3.604,-0.228,0.792,Early-Career Explorers
PANW-1801,50,1,Travel_Frequently,959,Sales,1,4,Other,4,Male,81,3,2,Sales Executive,3,Single,4728,17251,3,Yes,14,3,4,0,5,4,3,0,0,0,0,0.0,0.0,4.0,0.0,0.0,0,0.333,0.68,3.5,Early Stage (0-2 yrs),3.8,Low Risk,31.3,Already Attrited,Sufficiently Trained,Recent Manager Transition,Exit Analysis & Knowledge Transfer,0,2,-4.199,-1.218,1.917,Early-Career Explorers
PANW-1802,33,0,Travel_Frequently,970,Sales,7,3,Life Sciences,4,Female,30,3,2,Sales Executive,2,Married,4302,13401,0,No,17,3,3,1,4,3,3,3,2,0,2,0.0,0.5,0.75,0.667,0.5,2,0.4,0.62,3.0,Growth Stage (3-6 yrs),26.2,Low Risk,64.2,Watchlist,Sufficiently Trained,Moderate Manager Continuity,Regular Annual Review,1,4,-1.881,0.09,-0.192,Fast-Track Performers
PANW-1803,34,0,Non-Travel,697,Research & Development,3,4,Life Sciences,3,Male,40,2,1,Research Scientist,4,Married,2979,22478,3,No,17,3,4,3,6,2,3,0,0,0,0,0.0,0.0,2.0,0.0,0.0,0,0.143,0.92,3.5,Early Stage (0-2 yrs),0.0,Low Risk,51.2,Watchlist,Moderate Development Need,Recent Manager Transition,Regular Annual Review,0,2,-3.207,-0.677,0.179,Early-Career Explorers
PANW-1804,48,0,Non-Travel,1262,Research & Development,1,4,Medical,1,Male,35,4,4,Manager,4,Single,16885,16154,2,No,22,4,3,0,27,3,2,5,4,2,1,0.333,0.667,0.5,0.2,0.167,2,0.143,0.98,2.5,Growth Stage (3-6 yrs),36.2,Medium Risk,77.7,Immediate Action,Sufficiently Trained,Recent Manager Transition,Lateral Role Rotation / New Project,3,1,0.935,-0.521,-0.003,High-Risk Stagnation Profiles
PANW-1805,45,0,Non-Travel,1050,Sales,9,4,Life Sciences,2,Female,65,2,2,Sales Executive,3,Married,5593,17970,1,No,13,3,4,1,15,2,3,15,10,4,12,0.25,0.625,0.125,1.091,0.75,6,0.125,0.81,3.0,Veteran Stage (13+ yrs),58.4,High Risk,71.7,Immediate Action,Moderate Development Need,Prolonged Stagnant Manager Dyad,Lateral Role Rotation / New Project,3,1,2.842,0.16,-0.678,High-Risk Stagnation Profiles
PANW-1806,52,0,Travel_Rarely,994,Research & Development,7,4,Life Sciences,2,Male,87,3,3,Healthcare Representative,2,Single,10445,15322,7,No,19,3,4,0,18,4,3,8,6,4,0,0.444,0.667,0.444,0.0,0.0,2,0.158,1.39,2.75,Established Stage (7-12 yrs),56.9,High Risk,74.9,Immediate Action,Sufficiently Trained,Recent Manager Transition,Lateral Role Rotation / New Project,3,0,0.88,0.642,0.396,High-Risk Stagnation Profiles
PANW-1807,38,0,Travel_Rarely,770,Sales,10,4,Marketing,3,Male,73,2,3,Sales Executive,3,Divorced,8740,5569,0,Yes,14,3,2,2,9,2,3,8,7,2,7,0.222,0.778,0.222,0.875,0.778,5,0.3,1.26,2.75,Established Stage (7-12 yrs),52.1,Medium Risk,69.5,Watchlist,Moderate Development Need,Stable Leadership Continuity,Lateral Role Rotation / New Project,3,1,1.026,0.502,-0.321,High-Risk Stagnation Profiles
PANW-1808,29,0,Travel_Rarely,1107,Research & Development,28,4,Life Sciences,3,Female,93,3,1,Research Scientist,4,Divorced,2514,26968,4,No,22,4,1,1,11,1,3,7,5,1,7,0.125,0.625,0.125,1.167,0.875,4,0.083,0.78,2.75,Established Stage (7-12 yrs),34.8,Medium Risk,73.4,Immediate Action,Moderate Development Need,Stable Leadership Continuity,Lateral Role Rotation / New Project,3,1,0.488,0.402,-1.645,High-Risk Stagnation Profiles
PANW-1809,28,0,Travel_Rarely,950,Research & Development,3,3,Medical,4,Female,93,3,3,Manufacturing Director,2,Divorced,7655,8039,0,No,17,3,2,3,10,3,2,9,7,1,7,0.1,0.7,0.3,0.875,0.7,6,0.273,1.05,2.5,Established Stage (7-12 yrs),50.4,Medium Risk,72.6,Immediate Action,Sufficiently Trained,Stable Leadership Continuity,Lateral Role Rotation / New Project,3,1,0.88,0.055,-0.766,High-Risk Stagnation Profiles
PANW-1810,46,0,Travel_Rarely,406,Sales,3,1,Marketing,1,Male,52,3,4,Manager,3,Married,17465,15596,3,No,12,3,4,1,23,3,3,12,9,4,9,0.308,0.692,0.231,0.9,0.692,5,0.167,1.02,2.75,Established Stage (7-12 yrs),60.0,High Risk,76.0,Immediate Action,Sufficiently Trained,Prolonged Stagnant Manager Dyad,Promotion & Compensation Review,2,1,3.011,-0.553,0.038,Stable Long-Term Contributors
PANW-1811,38,0,Travel_Rarely,130,Sales,2,2,Marketing,4,Male,32,3,3,Sales Executive,2,Single,7351,20619,7,No,16,3,3,0,10,2,3,1,0,0,0,0.0,0.0,1.0,0.0,0.0,0,0.273,1.06,3.0,Early Stage (0-2 yrs),7.5,Low Risk,57.6,Watchlist,Moderate Development Need,Recent Manager Transition,Regular Annual Review,0,2,-2.296,-1.404,0.461,Early-Career Explorers
PANW-1812,43,0,Travel_Frequently,1082,Research & Development,27,3,Life Sciences,3,Female,83,3,3,Manufacturing Director,1,Married,10820,11535,8,No,11,3,3,1,18,1,3,8,7,0,1,0.0,0.778,0.111,0.125,0.111,7,0.158,1.48,2.5,Established Stage (7-12 yrs),52.6,Medium Risk,73.4,Immediate Action,High Development Need,Recent Manager Transition,Lateral Role Rotation / New Project,1,1,0.64,-0.009,-1.315,Fast-Track Performers
PANW-1813,39,1,Travel_Frequently,203,Research & Development,2,3,Life Sciences,1,Male,84,3,4,Healthcare Representative,4,Divorced,12169,13547,7,No,11,3,4,3,21,4,3,18,7,11,5,0.579,0.368,0.211,0.625,0.263,-4,0.182,1.62,3.0,Veteran Stage (13+ yrs),66.1,High Risk,53.1,Already Attrited,Sufficiently Trained,Prolonged Stagnant Manager Dyad,Exit Analysis & Knowledge Transfer,2,0,3.276,-0.461,2.343,Stable Long-Term Contributors
PANW-1814,40,0,Travel_Rarely,1308,Research & Development,14,3,Medical,3,Male,44,2,5,Research Director,3,Single,19626,17544,1,No,14,3,1,0,21,2,4,20,7,4,9,0.19,0.333,0.095,1.125,0.429,3,0.227,1.22,2.75,Veteran Stage (13+ yrs),48.0,Medium Risk,68.0,Watchlist,Moderate Development Need,Prolonged Stagnant Manager Dyad,Manager Mentorship & Skip-Level Check-in,2,1,3.055,-2.045,0.507,Stable Long-Term Contributors
PANW-1815,21,0,Travel_Rarely,984,Research & Development,1,1,Technical Degree,4,Female,70,2,1,Research Scientist,2,Single,2070,25326,1,Yes,11,3,3,0,2,6,4,2,2,2,2,0.667,0.667,2.0,0.667,0.667,0,0.333,0.64,3.25,Early Stage (0-2 yrs),37.4,Medium Risk,64.3,Watchlist,Sufficiently Trained,Moderate Manager Continuity,Regular Annual Review,1,4,-1.816,1.69,1.719,Fast-Track Performers
PANW-1816,39,0,Non-Travel,439,Research & Development,9,3,Life Sciences,3,Male,70,3,2,Laboratory Technician,2,Single,6782,8770,9,No,15,3,3,0,9,2,2,5,4,0,3,0.0,0.667,0.333,0.6,0.5,4,0.2,2.1,2.5,Growth Stage (3-6 yrs),36.7,Medium Risk,67.8,Watchlist,Moderate Development Need,Moderate Manager Continuity,Lateral Role Rotation / New Project,1,4,-0.519,0.237,-1.196,Fast-Track Performers
PANW-1817,36,0,Non-Travel,217,Research & Development,18,4,Life Sciences,1,Male,78,3,2,Manufacturing Director,4,Single,7779,23238,2,No,20,4,1,0,18,0,3,11,9,0,9,0.0,0.75,0.0,0.9,0.75,9,0.105,1.07,2.25,Established Stage (7-12 yrs),43.8,Medium Risk,76.6,Immediate Action,High Development Need,Stable Leadership Continuity,Lateral Role Rotation / New Project,3,1,1.829,-0.046,-2.169,High-Risk Stagnation Profiles
PANW-1818,31,0,Travel_Frequently,793,Sales,20,3,Life Sciences,3,Male,67,4,1,Sales Representative,4,Married,2791,21981,0,No,12,3,1,1,3,4,3,2,2,2,2,0.667,0.667,1.333,0.667,0.667,0,0.25,1.06,2.75,Early Stage (0-2 yrs),29.9,Low Risk,69.2,Watchlist,Sufficiently Trained,Moderate Manager Continuity,Regular Annual Review,1,4,-1.336,1.719,1.139,Fast-Track Performers
PANW-1819,28,0,Travel_Rarely,1451,Research & Development,2,1,Life Sciences,1,Male,67,2,1,Research Scientist,2,Married,3201,19911,0,No,17,3,1,0,6,2,1,5,3,0,4,0.0,0.5,0.333,1.0,0.667,3,0.143,0.99,1.25,Growth Stage (3-6 yrs),29.4,Low Risk,61.5,Watchlist,Moderate Development Need,Stable Leadership Continuity,Regular Annual Review,1,4,-0.887,0.157,-1.386,Fast-Track Performers
PANW-1820,35,0,Travel_Frequently,1182,Sales,11,2,Marketing,4,Male,54,3,2,Sales Executive,4,Divorced,4968,18500,1,No,11,3,4,1,5,3,3,5,2,0,2,0.0,0.333,0.5,0.667,0.333,2,0.333,0.72,3.75,Growth Stage (3-6 yrs),14.6,Low Risk,60.1,Watchlist,Sufficiently Trained,Moderate Manager Continuity,Regular Annual Review,1,4,-1.589,-0.386,-0.15,Fast-Track Performers
PANW-1821,49,0,Travel_Rarely,174,Sales,8,4,Technical Degree,4,Male,56,2,4,Sales Executive,2,Married,13120,11879,6,No,17,3,2,1,22,3,3,9,8,2,3,0.2,0.8,0.3,0.333,0.3,6,0.174,1.89,2.75,Established Stage (7-12 yrs),59.5,High Risk,72.1,Immediate Action,Sufficiently Trained,Moderate Manager Continuity,Lateral Role Rotation / New Project,3,1,1.701,-0.157,-0.532,High-Risk Stagnation Profiles
PANW-1822,34,0,Travel_Frequently,1003,Research & Development,2,2,Life Sciences,4,Male,95,3,2,Manufacturing Director,3,Single,4033,15834,2,No,11,3,4,0,5,3,2,3,2,0,2,0.0,0.5,0.75,0.667,0.5,2,0.333,0.55,3.25,Growth Stage (3-6 yrs),22.5,Low Risk,62.9,Watchlist,Sufficiently Trained,Moderate Manager Continuity,Regular Annual Review,1,4,-1.684,-0.035,-0.225,Fast-Track Performers
PANW-1823,29,0,Travel_Frequently,490,Research & Development,10,3,Life Sciences,4,Female,61,3,1,Research Scientist,2,Divorced,3291,17940,0,No,14,3,4,2,8,2,2,7,5,1,1,0.125,0.625,0.25,0.167,0.125,4,0.111,1.02,3.0,Established Stage (7-12 yrs),42.2,Medium Risk,69.8,Watchlist,Moderate Development Need,Recent Manager Transition,Lateral Role Rotation / New Project,1,4,-0.468,0.958,-1.156,Fast-Track Performers
PANW-1824,42,0,Travel_Rarely,188,Research & Development,29,3,Medical,2,Male,56,1,2,Laboratory Technician,4,Single,4272,9558,4,No,19,3,1,0,16,3,3,1,0,0,0,0.0,0.0,1.5,0.0,0.0,0,0.118,1.32,2.5,Early Stage (0-2 yrs),0.0,Low Risk,47.5,Low Urgency,Sufficiently Trained,Recent Manager Transition,Regular Annual Review,0,2,-2.22,-1.446,0.021,Early-Career Explorers
PANW-1825,29,0,Travel_Rarely,718,Research & Development,8,1,Medical,2,Male,79,2,2,Manufacturing Director,4,Married,5056,17689,1,Yes,15,3,3,1,10,2,2,10,7,1,2,0.091,0.636,0.182,0.25,0.182,6,0.182,0.69,2.75,Established Stage (7-12 yrs),41.3,Medium Risk,65.7,Watchlist,Moderate Development Need,Moderate Manager Continuity,Lateral Role Rotation / New Project,1,1,0.262,0.532,-1.021,Fast-Track Performers
PANW-1826,38,0,Travel_Rarely,433,Human Resources,1,3,Human Resources,3,Male,37,4,1,Human Resources,3,Married,2844,6004,1,No,13,3,4,1,7,2,4,7,6,5,0,0.625,0.75,0.25,0.0,0.0,1,0.125,0.67,3.5,Established Stage (7-12 yrs),58.8,High Risk,79.3,Immediate Action,Moderate Development Need,Recent Manager Transition,Lateral Role Rotation / New Project,1,0,0.333,2.316,0.442,Fast-Track Performers
PANW-1827,28,0,Travel_Frequently,773,Research & Development,6,3,Life Sciences,3,Male,39,2,1,Research Scientist,3,Divorced,2703,22088,1,Yes,14,3,4,1,3,2,3,3,1,0,2,0.0,0.25,0.5,1.0,0.5,1,0.25,0.83,3.25,Growth Stage (3-6 yrs),13.1,Low Risk,55.8,Watchlist,Moderate Development Need,Moderate Manager Continuity,Regular Annual Review,1,4,-2.043,-0.247,-0.512,Fast-Track Performers
PANW-1828,18,1,Non-Travel,247,Research & Development,8,1,Medical,3,Male,80,3,1,Laboratory Technician,3,Single,1904,13556,1,No,12,3,4,0,0,0,3,0,0,0,0,0.0,0.0,0.0,0.0,0.0,0,1.0,0.59,3.25,Early Stage (0-2 yrs),3.8,Low Risk,31.3,Already Attrited,Moderate Development Need,Recent Manager Transition,Exit Analysis & Knowledge Transfer,0,2,-4.233,0.114,1.864,Early-Career Explorers
PANW-1829,33,1,Travel_Rarely,603,Sales,9,4,Marketing,1,Female,77,3,2,Sales Executive,1,Single,8224,18385,0,Yes,17,3,1,0,6,3,3,5,2,0,3,0.0,0.333,0.5,1.0,0.5,2,0.286,1.19,1.5,Growth Stage (3-6 yrs),25.8,Low Risk,39.0,Already Attrited,Sufficiently Trained,Moderate Manager Continuity,Exit Analysis & Knowledge Transfer,1,4,-1.337,-0.537,-0.468,Fast-Track Performers
PANW-1830,41,0,Travel_Rarely,167,Research & Development,12,4,Life Sciences,2,Male,46,3,1,Laboratory Technician,4,Married,4766,9051,3,Yes,11,3,1,1,6,4,3,1,0,0,0,0.0,0.0,2.0,0.0,0.0,0,0.143,1.47,2.5,Early Stage (0-2 yrs),0.0,Low Risk,55.0,Watchlist,Sufficiently Trained,Recent Manager Transition,Regular Annual Review,0,2,-3.115,-0.759,0.339,Early-Career Explorers
PANW-1831,31,1,Travel_Frequently,874,Research & Development,15,3,Medical,3,Male,72,3,1,Laboratory Technician,3,Married,2610,6233,1,No,12,3,3,1,2,5,2,2,2,2,2,0.667,0.667,1.667,0.667,0.667,0,0.333,0.81,2.75,Early Stage (0-2 yrs),33.7,Medium Risk,41.8,Already Attrited,Sufficiently Trained,Moderate Manager Continuity,Exit Analysis & Knowledge Transfer,1,4,-1.679,1.746,1.536,Fast-Track Performers
PANW-1832,37,0,Travel_Rarely,367,Research & Development,25,2,Medical,3,Female,52,2,2,Healthcare Representative,4,Divorced,5731,17171,7,No,13,3,3,2,9,2,3,6,2,1,3,0.143,0.286,0.286,1.0,0.429,1,0.2,0.76,3.25,Growth Stage (3-6 yrs),16.9,Low Risk,57.2,Watchlist,Moderate Development Need,Moderate Manager Continuity,Regular Annual Review,1,4,-0.703,-0.581,-0.187,Fast-Track Performers
PANW-1833,27,0,Travel_Rarely,199,Research & Development,6,3,Life Sciences,4,Male,55,2,1,Research Scientist,3,Married,2539,7950,1,No,13,3,3,1,4,0,3,4,2,2,2,0.4,0.4,0.0,0.667,0.4,0,0.2,0.78,3.25,Growth Stage (3-6 yrs),27.0,Low Risk,60.7,Watchlist,Moderate Development Need,Moderate Manager Continuity,Upskilling & Training Program,1,4,-0.929,0.884,0.087,Fast-Track Performers
PANW-1834,34,0,Travel_Rarely,1400,Sales,9,1,Life Sciences,2,Female,70,3,2,Sales Executive,3,Married,5714,5829,1,No,20,4,1,0,6,3,2,6,5,1,3,0.143,0.714,0.429,0.5,0.429,4,0.286,0.83,2.0,Growth Stage (3-6 yrs),40.7,Medium Risk,75.5,Immediate Action,Sufficiently Trained,Moderate Manager Continuity,Lateral Role Rotation / New Project,1,4,-0.466,0.866,-0.675,Fast-Track Performers
PANW-1835,35,0,Travel_Rarely,528,Human Resources,8,4,Technical Degree,3,Male,100,3,1,Human Resources,3,Single,4323,7108,1,No,17,3,2,0,6,2,1,5,4,1,4,0.167,0.667,0.333,0.8,0.667,3,0.143,1.02,2.25,Growth Stage (3-6 yrs),36.4,Medium Risk,67.7,Watchlist,Moderate Development Need,Stable Leadership Continuity,Lateral Role Rotation / New Project,1,4,-0.437,0.918,-1.105,Fast-Track Performers
PANW-1836,29,1,Travel_Rarely,408,Sales,23,1,Life Sciences,4,Female,45,2,3,Sales Executive,1,Married,7336,11162,1,No,13,3,1,1,11,3,1,11,8,3,10,0.25,0.667,0.25,1.111,0.833,5,0.25,1.06,1.75,Established Stage (7-12 yrs),63.4,High Risk,48.4,Already Attrited,Sufficiently Trained,Stable Leadership Continuity,Exit Analysis & Knowledge Transfer,3,1,1.878,0.081,-0.186,High-Risk Stagnation Profiles
PANW-1837,40,0,Travel_Frequently,593,Research & Development,9,4,Medical,2,Female,88,3,3,Research Director,3,Single,13499,13782,9,No,17,3,3,0,20,3,2,18,7,2,13,0.105,0.368,0.158,1.625,0.684,5,0.143,0.84,2.5,Veteran Stage (13+ yrs),41.8,Medium Risk,69.6,Watchlist,Sufficiently Trained,Stable Leadership Continuity,Regular Annual Review,2,1,2.752,-1.693,-0.762,Stable Long-Term Contributors
PANW-1838,42,1,Travel_Frequently,481,Sales,12,3,Life Sciences,3,Male,44,3,4,Sales Executive,1,Single,13758,2447,0,Yes,12,3,2,0,22,2,2,21,9,13,14,0.591,0.409,0.091,1.4,0.636,-4,0.174,1.99,2.0,Veteran Stage (13+ yrs),81.5,High Risk,58.5,Already Attrited,Moderate Development Need,Prolonged Stagnant Manager Dyad,Exit Analysis & Knowledge Transfer,2,0,5.088,-0.71,2.24,Stable Long-Term Contributors
PANW-1839,42,0,Travel_Rarely,647,Sales,4,4,Marketing,2,Male,45,3,2,Sales Executive,1,Single,5155,2253,7,No,13,3,4,0,9,3,4,6,4,1,5,0.143,0.571,0.429,1.0,0.714,3,0.2,0.74,2.75,Growth Stage (3-6 yrs),41.5,Medium Risk,69.5,Watchlist,Sufficiently Trained,Stable Leadership Continuity,Regular Annual Review,1,4,-0.097,0.052,-0.576,Fast-Track Performers
PANW-1840,35,0,Travel_Rarely,982,Research & Development,1,4,Medical,4,Male,58,2,1,Laboratory Technician,3,Married,2258,16340,6,No,12,3,2,1,10,2,3,8,0,1,7,0.111,0.0,0.222,7.0,0.778,-1,0.091,0.7,3.0,Established Stage (7-12 yrs),7.2,Low Risk,53.8,Watchlist,Moderate Development Need,Stable Leadership Continuity,Regular Annual Review,4,3,0.132,-3.441,-0.414,Promotion-Stalled Employees
PANW-1841,24,0,Travel_Rarely,477,Research & Development,24,3,Medical,4,Male,49,3,1,Laboratory Technician,2,Single,3597,6409,8,No,22,4,4,0,6,2,3,4,3,1,2,0.2,0.6,0.4,0.5,0.4,2,0.143,1.11,3.25,Growth Stage (3-6 yrs),35.4,Medium Risk,73.6,Immediate Action,Moderate Development Need,Moderate Manager Continuity,Regular Annual Review,1,4,-0.941,0.985,-0.972,Fast-Track Performers
PANW-1842,28,1,Travel_Rarely,1485,Research & Development,12,1,Life Sciences,3,Female,79,3,1,Laboratory Technician,4,Married,2515,22955,1,Yes,11,3,4,0,1,4,2,1,1,0,0,0.0,0.5,2.0,0.0,0.0,1,0.5,0.78,3.25,Early Stage (0-2 yrs),15.6,Low Risk,35.5,Already Attrited,Sufficiently Trained,Recent Manager Transition,Exit Analysis & Knowledge Transfer,0,4,-3.482,0.654,0.761,Early-Career Explorers
PANW-1843,26,0,Travel_Rarely,1384,Research & Development,3,4,Medical,1,Male,82,4,1,Laboratory Technician,4,Married,4420,13421,1,No,22,4,2,1,8,2,3,8,7,0,7,0.0,0.778,0.222,0.875,0.778,7,0.111,1.37,2.5,Established Stage (7-12 yrs),41.3,Medium Risk,79.5,Immediate Action,Moderate Development Need,Stable Leadership Continuity,Lateral Role Rotation / New Project,3,1,0.444,0.826,-2.207,High-Risk Stagnation Profiles
PANW-1844,30,0,Travel_Rarely,852,Sales,10,3,Marketing,3,Male,72,2,2,Sales Executive,3,Married,6578,2706,1,No,18,3,1,1,10,3,3,10,3,1,4,0.091,0.273,0.273,1.0,0.364,2,0.182,0.95,2.5,Established Stage (7-12 yrs),23.4,Low Risk,59.4,Watchlist,Sufficiently Trained,Stable Leadership Continuity,Regular Annual Review,1,4,-0.219,-0.749,-0.53,Fast-Track Performers
PANW-1845,40,0,Travel_Frequently,902,Research & Development,26,2,Medical,3,Female,92,2,2,Research Scientist,4,Married,4422,21203,3,Yes,13,3,4,1,16,3,1,1,1,0,0,0.0,0.5,1.5,0.0,0.0,1,0.118,1.36,3.0,Early Stage (0-2 yrs),15.6,Low Risk,56.7,Watchlist,Sufficiently Trained,Recent Manager Transition,Regular Annual Review,1,4,-1.665,-0.442,-0.427,Fast-Track Performers
PANW-1846,35,0,Travel_Rarely,819,Research & Development,2,3,Life Sciences,3,Male,44,2,3,Manufacturing Director,2,Divorced,10274,19588,2,No,18,3,2,1,15,2,4,7,7,6,4,0.75,0.875,0.25,0.5,0.5,1,0.188,1.41,2.75,Established Stage (7-12 yrs),72.2,High Risk,76.5,Immediate Action,Moderate Development Need,Stable Leadership Continuity,Promotion & Compensation Review,3,0,1.917,1.59,0.995,High-Risk Stagnation Profiles
PANW-1847,34,0,Travel_Frequently,669,Research & Development,1,3,Medical,4,Male,97,2,2,Healthcare Representative,1,Single,5343,25755,0,No,20,4,3,0,14,3,3,13,9,4,9,0.286,0.643,0.214,0.9,0.643,5,0.133,0.71,2.75,Veteran Stage (13+ yrs),66.3,High Risk,80.7,Immediate Action,Sufficiently Trained,Prolonged Stagnant Manager Dyad,Promotion & Compensation Review,3,0,2.178,0.473,-0.634,High-Risk Stagnation Profiles
PANW-1848,35,0,Travel_Frequently,636,Research & Development,4,4,Other,4,Male,47,2,1,Laboratory Technician,4,Married,2376,26537,1,No,13,3,2,1,2,2,4,2,2,2,2,0.667,0.667,0.667,0.667,0.667,0,0.333,0.73,3.5,Early Stage (0-2 yrs),29.9,Low Risk,61.7,Watchlist,Moderate Development Need,Moderate Manager Continuity,Regular Annual Review,1,4,-1.26,1.896,1.039,Fast-Track Performers
PANW-1849,43,1,Travel_Rarely,1372,Sales,9,3,Marketing,1,Female,85,1,2,Sales Executive,3,Single,5346,9489,8,No,13,3,2,0,7,2,2,4,3,1,3,0.2,0.6,0.4,0.75,0.6,2,0.25,0.77,2.0,Growth Stage (3-6 yrs),31.6,Medium Risk,33.6,Already Attrited,Moderate Development Need,Moderate Manager Continuity,Exit Analysis & Knowledge Transfer,1,4,-0.678,0.432,-0.276,Fast-Track Performers
PANW-1850,32,0,Non-Travel,862,Sales,2,1,Life Sciences,3,Female,76,3,1,Sales Representative,1,Divorced,2827,14947,1,No,12,3,3,3,1,3,3,1,0,0,0,0.0,0.0,1.5,0.0,0.0,0,0.5,1.08,2.5,Early Stage (0-2 yrs),11.2,Low Risk,58.9,Watchlist,Sufficiently Trained,Recent Manager Transition,Regular Annual Review,0,2,-3.803,-0.327,1.107,Early-Career Explorers
PANW-1851,56,0,Travel_Rarely,718,Research & Development,4,4,Technical Degree,4,Female,92,3,5,Manager,1,Divorced,19943,18575,4,No,13,3,4,1,28,2,3,5,2,4,2,0.667,0.333,0.333,0.667,0.333,-2,0.172,1.16,3.0,Growth Stage (3-6 yrs),39.8,Medium Risk,68.9,Watchlist,Moderate Development Need,Moderate Manager Continuity,Regular Annual Review,2,1,1.401,-1.368,1.87,Stable Long-Term Contributors
PANW-1852,29,0,Travel_Rarely,1401,Research & Development,6,1,Medical,2,Female,54,3,1,Laboratory Technician,4,Married,3131,26342,1,No,13,3,1,1,10,5,3,10,8,0,8,0.0,0.727,0.455,0.889,0.727,8,0.091,0.97,2.5,Established Stage (7-12 yrs),43.2,Medium Risk,70.1,Immediate Action,Sufficiently Trained,Stable Leadership Continuity,Lateral Role Rotation / New Project,3,1,0.81,0.489,-1.915,High-Risk Stagnation Profiles
PANW-1853,19,0,Travel_Rarely,645,Research & Development,9,2,Life Sciences,3,Male,54,3,1,Research Scientist,1,Single,2552,7172,1,No,25,4,3,0,1,4,3,1,1,0,0,0.0,0.5,2.0,0.0,0.0,1,0.5,0.79,2.5,Early Stage (0-2 yrs),26.9,Low Risk,70.7,Immediate Action,Sufficiently Trained,Recent Manager Transition,Regular Annual Review,0,2,-3.544,0.785,0.389,Early-Career Explorers
PANW-1854,45,0,Travel_Rarely,1457,Research & Development,7,3,Medical,1,Female,83,3,1,Research Scientist,3,Married,4477,20100,4,Yes,19,3,3,1,7,2,2,3,2,0,2,0.0,0.5,0.5,0.667,0.5,2,0.125,1.38,2.25,Growth Stage (3-6 yrs),22.5,Low Risk,62.9,Watchlist,Moderate Development Need,Moderate Manager Continuity,Regular Annual Review,1,4,-1.379,0.253,-1.322,Fast-Track Performers
PANW-1855,37,0,Travel_Rarely,977,Research & Development,1,3,Life Sciences,4,Female,56,2,2,Manufacturing Director,4,Married,6474,9961,1,No,13,3,2,1,14,2,2,14,8,3,11,0.2,0.533,0.133,1.222,0.733,5,0.133,0.89,3.0,Veteran Stage (13+ yrs),48.8,Medium Risk,68.3,Watchlist,Moderate Development Need,Stable Leadership Continuity,Regular Annual Review,3,1,2.195,-0.225,-0.709,High-Risk Stagnation Profiles
PANW-1856,20,0,Travel_Rarely,805,Research & Development,3,3,Life Sciences,1,Male,87,2,1,Laboratory Technician,3,Single,3033,12828,1,No,12,3,1,0,2,2,2,2,2,1,2,0.333,0.667,0.667,0.667,0.667,1,0.333,0.94,1.75,Early Stage (0-2 yrs),30.2,Medium Risk,61.8,Watchlist,Moderate Development Need,Moderate Manager Continuity,Regular Annual Review,1,4,-1.604,1.357,0.203,Fast-Track Performers
PANW-1857,44,1,Travel_Rarely,1097,Research & Development,10,4,Life Sciences,3,Male,96,3,1,Research Scientist,3,Single,2936,10826,1,Yes,11,3,3,0,6,4,3,6,4,0,2,0.0,0.571,0.571,0.4,0.286,4,0.143,0.91,3.0,Growth Stage (3-6 yrs),30.5,Medium Risk,40.7,Already Attrited,Sufficiently Trained,Moderate Manager Continuity,Exit Analysis & Knowledge Transfer,1,4,-1.014,0.51,-1.186,Fast-Track Performers
PANW-1858,53,0,Travel_Rarely,1223,Research & Development,7,2,Medical,4,Female,50,3,5,Manager,3,Divorced,18606,18640,3,No,18,3,2,1,26,6,3,7,7,4,7,0.5,0.875,0.75,0.875,0.875,3,0.185,1.08,3.0,Established Stage (7-12 yrs),61.5,High Risk,76.5,Immediate Action,Sufficiently Trained,Prolonged Stagnant Manager Dyad,Promotion & Compensation Review,3,1,2.646,-0.354,0.672,High-Risk Stagnation Profiles
PANW-1859,29,0,Travel_Rarely,942,Research & Development,15,1,Life Sciences,2,Female,69,1,1,Research Scientist,4,Married,2168,26933,0,Yes,18,3,1,1,6,2,2,5,4,1,3,0.167,0.667,0.333,0.6,0.5,3,0.143,0.67,2.25,Growth Stage (3-6 yrs),32.7,Medium Risk,58.9,Watchlist,Moderate Development Need,Moderate Manager Continuity,Lateral Role Rotation / New Project,1,4,-0.572,1.022,-1.107,Fast-Track Performers
PANW-1860,22,1,Travel_Frequently,1256,Research & Development,3,4,Life Sciences,3,Male,48,2,1,Research Scientist,4,Married,2853,4223,0,Yes,11,3,2,1,1,5,3,0,0,0,0,0.0,0.0,5.0,0.0,0.0,0,0.5,0.88,3.0,Early Stage (0-2 yrs),0.0,Low Risk,26.2,Already Attrited,Sufficiently Trained,Recent Manager Transition,Exit Analysis & Knowledge Transfer,0,2,-5.347,-0.801,2.779,Early-Career Explorers
PANW-1861,46,0,Travel_Rarely,1402,Sales,2,3,Marketing,3,Female,69,3,4,Manager,1,Married,17048,24097,8,No,23,4,1,0,28,2,3,26,15,15,9,0.556,0.556,0.074,0.562,0.333,0,0.138,0.99,2.0,Veteran Stage (13+ yrs),85.2,High Risk,91.1,Immediate Action,Moderate Development Need,Prolonged Stagnant Manager Dyad,Promotion & Compensation Review,2,0,6.004,0.1,1.822,Stable Long-Term Contributors
PANW-1862,44,0,Non-Travel,111,Research & Development,17,3,Life Sciences,4,Male,74,1,1,Research Scientist,3,Single,2290,4279,2,No,13,3,4,0,6,3,3,0,0,0,0,0.0,0.0,3.0,0.0,0.0,0,0.143,0.71,3.5,Early Stage (0-2 yrs),3.8,Low Risk,48.8,Low Urgency,Sufficiently Trained,Recent Manager Transition,Regular Annual Review,0,2,-3.613,-0.855,0.755,Early-Career Explorers
PANW-1863,33,0,Travel_Rarely,147,Human Resources,2,3,Human Resources,2,Male,99,3,1,Human Resources,3,Married,3600,8429,1,No,13,3,4,1,5,2,3,5,4,1,4,0.167,0.667,0.333,0.8,0.667,3,0.167,0.85,3.0,Growth Stage (3-6 yrs),36.4,Medium Risk,67.7,Watchlist,Moderate Development Need,Stable Leadership Continuity,Lateral Role Rotation / New Project,1,4,-0.508,0.936,-0.933,Fast-Track Performers
PANW-1864,41,1,Non-Travel,906,Research & Development,5,2,Life Sciences,1,Male,95,2,1,Research Scientist,1,Divorced,2107,20293,6,No,17,3,1,1,5,2,1,1,0,0,0,0.0,0.0,1.0,0.0,0.0,0,0.167,0.65,1.0,Early Stage (0-2 yrs),11.2,Low Risk,30.2,Already Attrited,Moderate Development Need,Recent Manager Transition,Exit Analysis & Knowledge Transfer,0,2,-2.806,-0.507,-0.224,Early-Career Explorers
PANW-1865,30,0,Travel_Rarely,1329,Sales,29,4,Life Sciences,3,Male,61,3,2,Sales Executive,1,Divorced,4115,13192,8,No,19,3,3,3,8,3,3,4,3,0,3,0.0,0.6,0.6,0.75,0.6,3,0.222,0.59,2.5,Growth Stage (3-6 yrs),35.6,Medium Risk,67.5,Watchlist,Sufficiently Trained,Moderate Manager Continuity,Regular Annual Review,1,4,-0.944,0.066,-1.0,Fast-Track Performers
PANW-1866,40,0,Travel_Frequently,1184,Sales,2,4,Medical,2,Male,62,3,2,Sales Executive,2,Married,4327,25440,5,No,12,3,4,3,5,2,3,0,0,0,0,0.0,0.0,2.0,0.0,0.0,0,0.333,0.62,2.75,Early Stage (0-2 yrs),7.5,Low Risk,57.6,Watchlist,Moderate Development Need,Recent Manager Transition,Regular Annual Review,0,2,-3.342,-0.956,1.029,Early-Career Explorers
PANW-1867,50,0,Travel_Frequently,1421,Research & Development,2,3,Medical,4,Female,30,3,4,Manager,1,Married,17856,9490,2,No,22,4,3,1,32,3,3,2,2,2,2,0.667,0.667,1.0,0.667,0.667,0,0.121,1.04,2.75,Early Stage (0-2 yrs),41.2,Medium Risk,75.7,Immediate Action,Sufficiently Trained,Moderate Manager Continuity,Regular Annual Review,1,1,0.976,-0.604,0.943,Fast-Track Performers
PANW-1868,28,0,Travel_Rarely,1179,Research & Development,19,4,Medical,4,Male,78,2,1,Laboratory Technician,1,Married,3196,12449,1,No,12,3,3,3,6,2,3,6,5,3,3,0.429,0.714,0.286,0.5,0.429,2,0.143,0.99,2.75,Growth Stage (3-6 yrs),55.2,High Risk,70.6,Immediate Action,Moderate Development Need,Moderate Manager Continuity,Lateral Role Rotation / New Project,1,4,0.073,1.617,-0.192,Fast-Track Performers
PANW-1869,46,0,Travel_Rarely,1450,Research & Development,15,2,Life Sciences,4,Male,52,3,5,Research Director,2,Married,19081,10849,5,No,11,3,1,1,25,2,3,4,2,0,3,0.0,0.4,0.4,1.0,0.6,2,0.192,1.19,2.5,Growth Stage (3-6 yrs),23.8,Low Risk,63.3,Watchlist,Moderate Development Need,Moderate Manager Continuity,Regular Annual Review,1,1,0.451,-2.388,-0.144,Fast-Track Performers
PANW-1870,35,0,Travel_Rarely,1361,Sales,17,4,Life Sciences,3,Male,94,3,2,Sales Executive,1,Married,8966,21026,3,Yes,15,3,4,3,15,2,3,7,7,1,7,0.125,0.875,0.25,0.875,0.875,6,0.125,1.29,2.75,Established Stage (7-12 yrs),58.5,High Risk,75.5,Immediate Action,Moderate Development Need,Stable Leadership Continuity,Lateral Role Rotation / New Project,3,1,1.192,0.532,-1.464,High-Risk Stagnation Profiles
PANW-1871,24,1,Travel_Rarely,984,Research & Development,17,2,Life Sciences,4,Female,97,3,1,Laboratory Technician,2,Married,2210,3372,1,No,13,3,1,1,1,3,1,1,0,0,0,0.0,0.0,1.5,0.0,0.0,0,0.5,0.68,2.0,Early Stage (0-2 yrs),7.5,Low Risk,32.6,Already Attrited,Sufficiently Trained,Recent Manager Transition,Exit Analysis & Knowledge Transfer,0,2,-3.807,-0.317,1.08,Early-Career Explorers
PANW-1872,33,0,Travel_Frequently,1146,Sales,25,3,Medical,2,Female,82,3,2,Sales Executive,3,Married,4539,4905,1,No,12,3,1,1,10,3,2,10,7,0,1,0.0,0.636,0.273,0.125,0.091,7,0.182,0.66,2.0,Established Stage (7-12 yrs),41.5,Medium Risk,69.5,Watchlist,Sufficiently Trained,Recent Manager Transition,Lateral Role Rotation / New Project,1,1,-0.054,0.377,-1.226,Fast-Track Performers
PANW-1873,36,0,Travel_Rarely,917,Research & Development,6,4,Life Sciences,3,Male,60,1,1,Laboratory Technician,3,Divorced,2741,6865,1,No,14,3,3,1,7,4,3,7,7,1,7,0.125,0.875,0.5,0.875,0.875,6,0.125,0.85,3.0,Established Stage (7-12 yrs),51.0,Medium Risk,65.4,Watchlist,Sufficiently Trained,Stable Leadership Continuity,Lateral Role Rotation / New Project,3,1,0.504,1.214,-1.515,High-Risk Stagnation Profiles
PANW-1874,30,0,Travel_Rarely,853,Research & Development,7,4,Life Sciences,3,Male,49,3,2,Laboratory Technician,3,Divorced,3491,11309,1,No,13,3,1,3,10,4,2,10,7,8,9,0.727,0.636,0.364,1.125,0.818,-1,0.182,1.08,2.25,Established Stage (7-12 yrs),69.5,High Risk,79.3,Immediate Action,Sufficiently Trained,Prolonged Stagnant Manager Dyad,Promotion & Compensation Review,3,0,2.233,1.285,1.406,High-Risk Stagnation Profiles
PANW-1875,44,0,Travel_Rarely,200,Research & Development,29,4,Other,4,Male,32,3,2,Research Scientist,4,Single,4541,7744,1,No,25,4,2,0,20,3,3,20,11,13,17,0.619,0.524,0.143,1.417,0.81,-2,0.095,1.4,3.25,Veteran Stage (13+ yrs),73.1,High Risk,86.8,Immediate Action,Sufficiently Trained,Prolonged Stagnant Manager Dyad,Promotion & Compensation Review,2,0,5.164,0.511,1.122,Stable Long-Term Contributors
PANW-1876,20,0,Travel_Rarely,654,Sales,21,3,Marketing,3,Male,43,4,1,Sales Representative,4,Single,2678,5050,1,No,17,3,4,0,2,2,3,2,1,2,2,0.667,0.333,0.667,1.0,0.667,-1,0.333,1.02,3.5,Early Stage (0-2 yrs),18.5,Low Risk,65.2,Watchlist,Moderate Development Need,Moderate Manager Continuity,Regular Annual Review,1,4,-1.626,1.08,1.354,Fast-Track Performers
PANW-1877,46,0,Travel_Rarely,150,Research & Development,2,4,Technical Degree,4,Male,60,3,2,Manufacturing Director,4,Divorced,7379,17433,2,No,11,3,3,1,12,3,2,6,3,1,4,0.143,0.429,0.429,1.0,0.571,2,0.154,1.01,3.25,Growth Stage (3-6 yrs),23.6,Low Risk,63.3,Watchlist,Sufficiently Trained,Stable Leadership Continuity,Regular Annual Review,1,4,-0.207,-0.452,-0.419,Fast-Track Performers
PANW-1878,42,0,Non-Travel,179,Human Resources,2,5,Medical,4,Male,79,4,2,Human Resources,1,Married,6272,12858,7,No,16,3,1,1,10,3,4,4,3,0,3,0.0,0.6,0.6,0.75,0.6,3,0.182,1.48,2.5,Growth Stage (3-6 yrs),35.6,Medium Risk,71.2,Immediate Action,Sufficiently Trained,Moderate Manager Continuity,Regular Annual Review,1,4,-0.77,-0.071,-1.03,Fast-Track Performers
PANW-1879,60,0,Travel_Rarely,696,Sales,7,4,Marketing,2,Male,52,4,2,Sales Executive,4,Divorced,5220,10893,0,Yes,18,3,2,1,12,3,3,11,7,1,9,0.083,0.583,0.25,1.125,0.75,6,0.154,0.75,2.75,Established Stage (7-12 yrs),40.0,Medium Risk,72.8,Immediate Action,Sufficiently Trained,Stable Leadership Continuity,Regular Annual Review,3,1,1.222,-0.167,-1.271,High-Risk Stagnation Profiles
PANW-1880,32,0,Travel_Frequently,116,Research & Development,13,3,Other,3,Female,77,2,1,Laboratory Technician,2,Married,2743,7331,1,No,20,4,3,1,2,2,3,2,2,2,2,0.667,0.667,0.667,0.667,0.667,0,0.333,0.85,2.75,Early Stage (0-2 yrs),37.4,Medium Risk,70.6,Immediate Action,Moderate Development Need,Moderate Manager Continuity,Regular Annual Review,1,4,-1.291,1.962,0.853,Fast-Track Performers
PANW-1881,32,0,Travel_Frequently,1316,Research & Development,2,2,Life Sciences,4,Female,38,3,2,Research Scientist,3,Single,4998,2338,4,Yes,14,3,4,0,10,2,3,8,7,0,7,0.0,0.778,0.222,0.875,0.778,7,0.182,1.54,3.5,Established Stage (7-12 yrs),45.1,Medium Risk,70.8,Immediate Action,Moderate Development Need,Stable Leadership Continuity,Lateral Role Rotation / New Project,3,1,0.676,0.337,-1.615,High-Risk Stagnation Profiles
PANW-1882,36,0,Travel_Rarely,363,Research & Development,1,3,Technical Degree,3,Female,77,1,3,Manufacturing Director,1,Divorced,10252,4235,2,Yes,21,4,3,1,17,2,3,7,7,7,7,0.875,0.875,0.25,0.875,0.875,0,0.167,1.41,2.5,Established Stage (7-12 yrs),79.5,High Risk,81.6,Immediate Action,Moderate Development Need,Prolonged Stagnant Manager Dyad,Promotion & Compensation Review,3,0,2.588,1.543,1.211,High-Risk Stagnation Profiles
PANW-1883,33,0,Travel_Rarely,117,Research & Development,9,3,Medical,1,Male,60,3,1,Research Scientist,4,Married,2781,6311,0,No,13,3,2,1,15,5,3,14,10,4,10,0.267,0.667,0.333,0.909,0.667,6,0.062,0.86,2.5,Veteran Stage (13+ yrs),55.7,High Risk,74.5,Immediate Action,Sufficiently Trained,Prolonged Stagnant Manager Dyad,Lateral Role Rotation / New Project,3,1,2.374,0.693,-0.893,High-Risk Stagnation Profiles
PANW-1884,40,0,Travel_Rarely,107,Sales,10,3,Technical Degree,2,Female,84,2,2,Sales Executive,2,Divorced,6852,11591,7,No,12,3,2,1,7,2,4,5,1,1,3,0.167,0.167,0.333,1.5,0.5,0,0.25,0.99,2.5,Growth Stage (3-6 yrs),18.3,Low Risk,57.7,Watchlist,Moderate Development Need,Moderate Manager Continuity,Regular Annual Review,1,4,-1.093,-0.911,0.226,Fast-Track Performers
PANW-1885,25,0,Travel_Rarely,1356,Sales,10,4,Life Sciences,3,Male,57,3,2,Sales Executive,4,Single,4950,20623,0,No,14,3,2,0,5,4,3,4,3,1,1,0.2,0.6,0.8,0.25,0.2,2,0.333,0.71,3.0,Growth Stage (3-6 yrs),27.9,Low Risk,64.8,Watchlist,Sufficiently Trained,Recent Manager Transition,Regular Annual Review,1,4,-1.369,0.735,0.17,Fast-Track Performers
PANW-1886,30,0,Travel_Rarely,1465,Research & Development,1,3,Medical,4,Male,63,3,1,Research Scientist,2,Married,3579,9369,0,Yes,21,4,1,1,12,2,3,11,9,5,7,0.417,0.75,0.167,0.7,0.583,4,0.077,1.1,2.5,Established Stage (7-12 yrs),68.8,High Risk,85.3,Immediate Action,Moderate Development Need,Prolonged Stagnant Manager Dyad,Promotion & Compensation Review,3,0,1.891,1.528,-0.658,High-Risk Stagnation Profiles
PANW-1887,42,0,Travel_Frequently,458,Research & Development,26,5,Medical,1,Female,60,3,3,Research Director,1,Married,13191,23281,3,Yes,17,3,3,0,20,6,3,1,0,0,0,0.0,0.0,3.0,0.0,0.0,0,0.143,0.82,2.0,Early Stage (0-2 yrs),11.2,Low Risk,58.9,Watchlist,Sufficiently Trained,Recent Manager Transition,Regular Annual Review,0,2,-2.478,-2.201,1.033,Early-Career Explorers
PANW-1888,35,0,Non-Travel,1212,Sales,8,2,Marketing,3,Female,78,2,3,Sales Executive,4,Married,10377,13755,4,Yes,11,3,2,1,16,6,2,13,2,4,12,0.286,0.143,0.429,4.0,0.857,-2,0.176,1.5,2.75,Veteran Stage (13+ yrs),23.8,Low Risk,59.6,Watchlist,Sufficiently Trained,Prolonged Stagnant Manager Dyad,Manager Mentorship & Skip-Level Check-in,4,4,1.903,-2.722,0.792,Promotion-Stalled Employees
PANW-1889,27,0,Travel_Rarely,1103,Research & Development,14,3,Life Sciences,1,Male,42,3,1,Research Scientist,1,Married,2235,14377,1,Yes,14,3,4,2,9,3,2,9,7,6,8,0.6,0.7,0.3,1.0,0.8,1,0.1,0.69,2.0,Established Stage (7-12 yrs),71.6,High Risk,80.1,Immediate Action,Sufficiently Trained,Prolonged Stagnant Manager Dyad,Promotion & Compensation Review,3,0,1.69,1.603,0.303,High-Risk Stagnation Profiles
PANW-1890,54,0,Travel_Frequently,966,Research & Development,1,4,Life Sciences,4,Female,53,3,3,Manufacturing Director,3,Divorced,10502,9659,7,No,17,3,1,1,33,2,1,5,4,1,4,0.167,0.667,0.333,0.8,0.667,3,0.088,1.44,2.25,Growth Stage (3-6 yrs),36.4,Medium Risk,67.7,Watchlist,Moderate Development Need,Stable Leadership Continuity,Lateral Role Rotation / New Project,3,1,1.303,-1.086,-0.833,High-Risk Stagnation Profiles
PANW-1891,44,0,Travel_Rarely,1117,Research & Development,2,1,Life Sciences,1,Female,72,4,1,Research Scientist,4,Married,2011,19982,1,No,13,3,4,1,10,5,3,10,5,7,7,0.636,0.455,0.455,1.167,0.636,-2,0.091,0.62,3.0,Established Stage (7-12 yrs),51.5,Medium Risk,76.8,Immediate Action,Sufficiently Trained,Prolonged Stagnant Manager Dyad,Manager Mentorship & Skip-Level Check-in,3,0,1.376,0.94,1.003,High-Risk Stagnation Profiles
PANW-1892,19,1,Non-Travel,504,Research & Development,10,3,Medical,1,Female,96,2,1,Research Scientist,2,Single,1859,6148,1,Yes,25,4,2,0,1,2,4,1,1,0,0,0.0,0.5,1.0,0.0,0.0,1,0.5,0.57,2.25,Early Stage (0-2 yrs),23.1,Low Risk,40.6,Already Attrited,Moderate Development Need,Recent Manager Transition,Exit Analysis & Knowledge Transfer,0,2,-3.12,0.926,-0.081,Early-Career Explorers
PANW-1893,29,0,Travel_Rarely,1010,Research & Development,1,3,Life Sciences,1,Female,97,3,1,Research Scientist,4,Divorced,3760,5598,1,No,15,3,1,3,3,5,3,3,2,1,2,0.25,0.5,1.25,0.667,0.5,1,0.25,1.16,2.25,Growth Stage (3-6 yrs),22.2,Low Risk,62.8,Watchlist,Sufficiently Trained,Moderate Manager Continuity,Regular Annual Review,1,4,-1.801,0.752,0.174,Fast-Track Performers
PANW-1894,54,0,Travel_Rarely,685,Research & Development,3,3,Life Sciences,4,Male,85,3,4,Research Director,4,Married,17779,23474,3,No,14,3,1,0,36,2,3,10,9,0,9,0.0,0.818,0.182,0.9,0.818,9,0.108,1.11,3.0,Established Stage (7-12 yrs),45.4,Medium Risk,70.9,Immediate Action,Moderate Development Need,Stable Leadership Continuity,Lateral Role Rotation / New Project,2,1,3.021,-1.516,-1.596,Stable Long-Term Contributors
PANW-1895,31,0,Travel_Rarely,1332,Research & Development,11,2,Medical,3,Male,80,3,2,Healthcare Representative,1,Married,6833,17089,1,Yes,12,3,4,0,6,2,2,6,5,0,1,0.0,0.714,0.286,0.167,0.143,5,0.286,0.91,2.5,Growth Stage (3-6 yrs),44.7,Medium Risk,70.6,Immediate Action,Moderate Development Need,Recent Manager Transition,Lateral Role Rotation / New Project,1,4,-0.83,0.72,-0.942,Fast-Track Performers
PANW-1896,31,0,Travel_Rarely,1062,Research & Development,24,3,Medical,3,Female,96,2,2,Healthcare Representative,1,Single,6812,17198,1,No,19,3,2,0,10,2,3,10,9,1,8,0.091,0.818,0.182,0.8,0.727,8,0.182,0.9,2.25,Established Stage (7-12 yrs),60.2,High Risk,72.3,Immediate Action,Moderate Development Need,Stable Leadership Continuity,Promotion & Compensation Review,3,1,1.316,0.731,-1.565,High-Risk Stagnation Profiles
PANW-1897,59,0,Travel_Rarely,326,Sales,3,3,Life Sciences,3,Female,48,2,2,Sales Executive,4,Single,5171,16490,5,No,17,3,4,0,13,2,3,6,1,0,5,0.0,0.143,0.286,2.5,0.714,1,0.143,0.75,3.5,Growth Stage (3-6 yrs),6.7,Low Risk,53.6,Watchlist,Moderate Development Need,Stable Leadership Continuity,Regular Annual Review,1,4,-0.485,-1.96,-0.749,Fast-Track Performers
PANW-1898,43,0,Travel_Rarely,920,Research & Development,3,3,Life Sciences,3,Male,96,1,5,Research Director,4,Married,19740,18625,3,No,14,3,2,1,25,2,3,8,7,0,7,0.0,0.778,0.222,0.875,0.778,7,0.192,1.23,3.0,Established Stage (7-12 yrs),41.3,Medium Risk,62.0,Watchlist,Moderate Development Need,Stable Leadership Continuity,Lateral Role Rotation / New Project,3,1,2.036,-1.405,-1.036,High-Risk Stagnation Profiles
PANW-1899,49,0,Travel_Rarely,1098,Research & Development,4,2,Medical,1,Male,85,2,5,Manager,3,Married,18711,12124,2,No,13,3,3,1,23,2,4,1,0,0,0,0.0,0.0,1.0,0.0,0.0,0,0.208,1.09,2.75,Early Stage (0-2 yrs),3.8,Low Risk,52.6,Watchlist,Moderate Development Need,Recent Manager Transition,Regular Annual Review,1,2,-1.113,-2.762,0.728,Fast-Track Performers
PANW-1900,36,0,Travel_Frequently,469,Research & Development,3,3,Technical Degree,3,Male,46,3,1,Research Scientist,2,Married,3692,9256,1,No,12,3,3,0,12,2,2,11,10,0,7,0.0,0.833,0.167,0.636,0.583,10,0.077,1.14,2.5,Established Stage (7-12 yrs),53.3,Medium Risk,73.7,Immediate Action,Moderate Development Need,Stable Leadership Continuity,Lateral Role Rotation / New Project,3,1,1.278,0.845,-2.234,High-Risk Stagnation Profiles
PANW-1901,48,0,Travel_Rarely,969,Research & Development,2,2,Technical Degree,4,Male,76,4,1,Laboratory Technician,2,Single,2559,16620,5,No,11,3,3,0,7,4,2,1,0,0,0,0.0,0.0,2.0,0.0,0.0,0,0.125,0.79,2.75,Early Stage (0-2 yrs),7.5,Low Risk,61.4,Watchlist,Sufficiently Trained,Recent Manager Transition,Regular Annual Review,0,2,-3.038,-0.813,0.29,Early-Career Explorers
PANW-1902,27,0,Travel_Rarely,1167,Research & Development,4,2,Life Sciences,1,Male,76,3,1,Research Scientist,3,Divorced,2517,3208,1,No,11,3,2,3,5,2,3,5,3,0,3,0.0,0.5,0.333,0.75,0.5,3,0.167,0.78,2.25,Growth Stage (3-6 yrs),25.6,Low Risk,64.0,Watchlist,Moderate Development Need,Moderate Manager Continuity,Regular Annual Review,1,4,-1.085,0.27,-1.136,Fast-Track Performers
PANW-1903,29,0,Travel_Rarely,1329,Research & Development,7,3,Life Sciences,3,Male,82,3,2,Healthcare Representative,4,Divorced,6623,4204,1,Yes,11,3,2,2,6,2,3,6,0,1,0,0.143,0.0,0.286,0.0,0.0,-1,0.286,0.88,3.0,Growth Stage (3-6 yrs),3.5,Low Risk,56.2,Watchlist,Moderate Development Need,Recent Manager Transition,Regular Annual Review,1,2,-1.879,-0.69,0.586,Fast-Track Performers
PANW-1904,48,0,Travel_Rarely,715,Research & Development,1,3,Life Sciences,4,Male,76,2,5,Research Director,4,Single,18265,8733,6,No,12,3,3,0,25,3,4,1,0,0,0,0.0,0.0,1.5,0.0,0.0,0,0.192,1.14,3.75,Early Stage (0-2 yrs),0.0,Low Risk,51.2,Watchlist,Sufficiently Trained,Recent Manager Transition,Regular Annual Review,0,2,-1.205,-2.943,0.951,Early-Career Explorers
PANW-1905,29,0,Travel_Rarely,694,Research & Development,1,3,Life Sciences,4,Female,87,2,4,Research Director,4,Divorced,16124,3423,3,No,14,3,2,2,9,2,2,7,7,1,7,0.125,0.875,0.25,0.875,0.875,6,0.4,1.01,3.0,Established Stage (7-12 yrs),47.2,Medium Risk,67.8,Watchlist,Moderate Development Need,Stable Leadership Continuity,Lateral Role Rotation / New Project,3,1,0.914,0.219,-0.326,High-Risk Stagnation Profiles
PANW-1906,34,0,Travel_Rarely,1320,Research & Development,20,3,Technical Degree,3,Female,89,4,1,Research Scientist,3,Married,2585,21643,0,No,17,3,4,0,2,5,2,1,0,0,0,0.0,0.0,2.5,0.0,0.0,0,0.333,0.8,3.0,Early Stage (0-2 yrs),3.8,Low Risk,60.1,Watchlist,Sufficiently Trained,Recent Manager Transition,Regular Annual Review,0,2,-3.886,-0.52,0.958,Early-Career Explorers
PANW-1907,44,0,Travel_Rarely,1099,Sales,5,3,Marketing,2,Male,88,3,5,Manager,2,Married,18213,8751,7,No,11,3,3,1,26,5,3,22,9,3,10,0.13,0.391,0.217,1.0,0.435,6,0.185,1.06,2.5,Veteran Stage (13+ yrs),52.8,Medium Risk,73.5,Immediate Action,Sufficiently Trained,Stable Leadership Continuity,Regular Annual Review,2,1,3.644,-2.267,0.084,Stable Long-Term Contributors
PANW-1908,33,0,Travel_Rarely,536,Sales,10,5,Marketing,4,Male,82,4,3,Sales Executive,3,Divorced,8380,21708,0,Yes,14,3,4,2,10,3,3,9,8,0,8,0.0,0.8,0.3,0.889,0.8,8,0.273,1.21,3.5,Established Stage (7-12 yrs),48.8,Medium Risk,75.8,Immediate Action,Sufficiently Trained,Stable Leadership Continuity,Lateral Role Rotation / New Project,3,1,1.016,0.07,-1.237,High-Risk Stagnation Profiles
PANW-1909,19,0,Travel_Rarely,265,Research & Development,25,3,Life Sciences,2,Female,57,4,1,Research Scientist,4,Single,2994,21221,1,Yes,12,3,4,0,1,2,3,1,0,0,1,0.0,0.0,1.0,1.0,0.5,0,0.5,0.92,3.25,Early Stage (0-2 yrs),0.0,Low Risk,58.8,Watchlist,Moderate Development Need,Recent Manager Transition,Regular Annual Review,0,2,-3.364,-0.65,0.849,Early-Career Explorers
PANW-1910,23,0,Travel_Rarely,373,Research & Development,1,2,Life Sciences,4,Male,47,3,1,Research Scientist,3,Married,1223,16901,1,No,22,4,4,1,1,2,3,1,0,0,1,0.0,0.0,1.0,1.0,0.5,0,0.5,0.38,3.5,Early Stage (0-2 yrs),3.8,Low Risk,62.6,Watchlist,Moderate Development Need,Recent Manager Transition,Regular Annual Review,0,2,-3.408,-0.556,0.584,Early-Career Explorers
PANW-1911,25,1,Travel_Frequently,599,Sales,24,1,Life Sciences,3,Male,73,1,1,Sales Representative,4,Single,1118,8040,1,Yes,14,3,4,0,1,4,3,1,0,1,0,0.5,0.0,2.0,0.0,0.0,-1,0.5,0.43,3.5,Early Stage (0-2 yrs),3.5,Low Risk,23.7,Already Attrited,Sufficiently Trained,Recent Manager Transition,Exit Analysis & Knowledge Transfer,0,2,-3.552,0.388,2.5,Early-Career Explorers
PANW-1912,26,0,Travel_Rarely,583,Research & Development,4,2,Life Sciences,3,Male,53,3,1,Research Scientist,4,Single,2875,9973,1,Yes,20,4,2,0,8,2,2,8,5,2,2,0.222,0.556,0.222,0.333,0.222,3,0.111,0.89,2.75,Established Stage (7-12 yrs),36.5,Medium Risk,74.0,Immediate Action,Moderate Development Need,Moderate Manager Continuity,Regular Annual Review,1,4,-0.175,0.962,-0.909,Fast-Track Performers
PANW-1913,45,1,Travel_Rarely,1449,Sales,2,3,Marketing,1,Female,94,1,5,Manager,2,Single,18824,2493,2,Yes,16,3,1,0,26,2,3,24,10,1,11,0.04,0.4,0.08,1.0,0.44,9,0.185,1.1,1.75,Veteran Stage (13+ yrs),46.0,Medium Risk,38.6,Already Attrited,Moderate Development Need,Stable Leadership Continuity,Exit Analysis & Knowledge Transfer,2,1,3.759,-2.423,-0.697,Stable Long-Term Contributors
PANW-1914,55,0,Non-Travel,177,Research & Development,8,1,Medical,4,Male,37,2,4,Healthcare Representative,2,Divorced,13577,25592,1,Yes,15,3,4,1,34,3,3,33,9,15,0,0.441,0.265,0.088,0.0,0.0,-6,0.114,1.8,3.25,Veteran Stage (13+ yrs),74.1,High Risk,77.2,Immediate Action,Sufficiently Trained,Recent Manager Transition,Promotion & Compensation Review,2,0,4.794,-1.191,2.564,Stable Long-Term Contributors
PANW-1915,21,1,Travel_Frequently,251,Research & Development,10,2,Life Sciences,1,Female,45,2,1,Laboratory Technician,3,Single,2625,25308,1,No,20,4,3,0,2,2,1,2,2,2,2,0.667,0.667,0.667,0.667,0.667,0,0.333,0.81,2.0,Early Stage (0-2 yrs),33.7,Medium Risk,44.3,Already Attrited,Moderate Development Need,Moderate Manager Continuity,Exit Analysis & Knowledge Transfer,1,4,-1.291,1.962,0.853,Fast-Track Performers
PANW-1916,46,0,Travel_Rarely,168,Sales,4,2,Marketing,4,Female,33,2,5,Manager,2,Married,18789,9946,2,No,14,3,3,1,26,2,3,11,4,0,8,0.0,0.333,0.167,1.6,0.667,4,0.185,1.09,3.0,Established Stage (7-12 yrs),28.3,Low Risk,61.2,Watchlist,Moderate Development Need,Stable Leadership Continuity,Regular Annual Review,2,1,1.809,-2.895,-0.468,Stable Long-Term Contributors
PANW-1917,34,0,Travel_Rarely,131,Sales,2,3,Marketing,3,Female,86,3,2,Sales Executive,1,Single,4538,6039,0,Yes,12,3,4,0,4,3,3,3,2,0,2,0.0,0.5,0.75,0.667,0.5,2,0.4,0.66,2.75,Growth Stage (3-6 yrs),30.0,Medium Risk,65.5,Watchlist,Sufficiently Trained,Moderate Manager Continuity,Regular Annual Review,1,4,-1.859,0.043,-0.059,Fast-Track Performers
PANW-1918,51,0,Travel_Frequently,237,Sales,9,3,Life Sciences,4,Male,83,3,5,Manager,2,Divorced,19847,19196,4,Yes,24,4,1,1,31,5,2,29,10,11,10,0.367,0.333,0.167,0.909,0.333,-1,0.156,1.16,2.25,Veteran Stage (13+ yrs),75.8,High Risk,87.8,Immediate Action,Sufficiently Trained,Prolonged Stagnant Manager Dyad,Promotion & Compensation Review,2,0,5.373,-1.846,1.468,Stable Long-Term Contributors
PANW-1919,59,0,Travel_Rarely,1429,Research & Development,18,4,Medical,4,Male,67,3,3,Manufacturing Director,4,Single,10512,20002,6,No,12,3,4,0,25,6,2,9,7,5,4,0.5,0.7,0.6,0.5,0.4,2,0.115,1.44,3.5,Established Stage (7-12 yrs),56.9,High Risk,74.9,Immediate Action,Sufficiently Trained,Stable Leadership Continuity,Lateral Role Rotation / New Project,3,0,2.052,0.167,0.659,High-Risk Stagnation Profiles
PANW-1920,34,0,Travel_Frequently,135,Research & Development,19,3,Medical,3,Female,46,3,2,Laboratory Technician,2,Divorced,4444,22534,4,No,13,3,3,2,15,2,4,11,8,5,10,0.417,0.667,0.167,1.111,0.833,3,0.125,1.37,3.0,Established Stage (7-12 yrs),66.7,High Risk,78.3,Immediate Action,Moderate Development Need,Prolonged Stagnant Manager Dyad,Promotion & Compensation Review,3,1,2.401,0.54,-0.068,High-Risk Stagnation Profiles
PANW-1921,28,0,Travel_Frequently,791,Research & Development,1,4,Medical,4,Male,44,3,1,Laboratory Technician,3,Single,2154,6842,0,Yes,11,3,3,0,5,2,2,4,2,0,2,0.0,0.4,0.4,0.667,0.4,2,0.167,0.67,3.0,Growth Stage (3-6 yrs),20.0,Low Risk,62.0,Watchlist,Moderate Development Need,Moderate Manager Continuity,Regular Annual Review,1,4,-1.485,0.076,-0.926,Fast-Track Performers
PANW-1922,44,0,Travel_Rarely,1199,Research & Development,4,2,Life Sciences,3,Male,92,4,5,Manager,1,Divorced,19190,17477,1,No,14,3,4,2,26,4,2,25,9,14,13,0.538,0.346,0.154,1.3,0.5,-5,0.185,1.12,2.5,Veteran Stage (13+ yrs),79.9,High Risk,86.7,Immediate Action,Sufficiently Trained,Prolonged Stagnant Manager Dyad,Promotion & Compensation Review,2,0,5.601,-1.428,2.58,Stable Long-Term Contributors
PANW-1923,34,0,Travel_Frequently,648,Human Resources,11,3,Life Sciences,3,Male,56,2,2,Human Resources,2,Married,4490,21833,4,No,11,3,4,2,14,5,4,10,9,1,8,0.091,0.818,0.455,0.8,0.727,8,0.133,1.06,3.25,Established Stage (7-12 yrs),56.4,High Risk,71.0,Immediate Action,Sufficiently Trained,Stable Leadership Continuity,Lateral Role Rotation / New Project,3,1,1.498,0.409,-1.352,High-Risk Stagnation Profiles
PANW-1924,35,0,Travel_Rarely,735,Research & Development,6,1,Life Sciences,3,Male,66,3,1,Research Scientist,3,Married,3506,6020,0,Yes,14,3,4,0,4,3,3,3,2,2,2,0.5,0.5,0.75,0.667,0.5,0,0.2,1.08,3.25,Growth Stage (3-6 yrs),29.5,Low Risk,65.3,Watchlist,Sufficiently Trained,Moderate Manager Continuity,Regular Annual Review,1,4,-1.159,1.157,0.509,Fast-Track Performers
PANW-1925,42,0,Travel_Rarely,603,Research & Development,7,4,Medical,2,Female,78,4,2,Research Scientist,2,Married,2372,5628,6,Yes,16,3,4,0,18,2,3,1,0,0,0,0.0,0.0,1.0,0.0,0.0,0,0.105,0.73,2.75,Early Stage (0-2 yrs),7.5,Low Risk,61.4,Watchlist,Moderate Development Need,Recent Manager Transition,Regular Annual Review,1,2,-1.886,-1.505,-0.165,Fast-Track Performers
PANW-1926,43,0,Travel_Rarely,531,Sales,4,4,Marketing,4,Female,56,2,3,Sales Executive,4,Single,10231,20364,3,No,14,3,4,0,23,3,4,21,7,15,17,0.682,0.318,0.136,2.125,0.773,-8,0.125,1.48,4.0,Veteran Stage (13+ yrs),64.8,High Risk,73.9,Immediate Action,Sufficiently Trained,Prolonged Stagnant Manager Dyad,Promotion & Compensation Review,2,0,5.336,-0.829,2.53,Stable Long-Term Contributors
PANW-1927,36,0,Travel_Rarely,429,Research & Development,2,4,Life Sciences,3,Female,53,3,2,Manufacturing Director,2,Single,5410,2323,9,Yes,11,3,4,0,18,2,3,16,14,5,12,0.294,0.824,0.118,0.8,0.706,9,0.105,0.74,3.0,Veteran Stage (13+ yrs),70.6,High Risk,79.7,Immediate Action,Moderate Development Need,Prolonged Stagnant Manager Dyad,Promotion & Compensation Review,3,1,3.778,0.835,-0.812,High-Risk Stagnation Profiles
PANW-1928,44,1,Travel_Rarely,621,Research & Development,15,3,Medical,1,Female,73,3,3,Healthcare Representative,4,Married,7978,14075,1,No,11,3,4,1,10,2,3,10,7,0,5,0.0,0.636,0.182,0.625,0.455,7,0.273,1.06,3.0,Established Stage (7-12 yrs),37.8,Medium Risk,43.2,Already Attrited,Moderate Development Need,Stable Leadership Continuity,Exit Analysis & Knowledge Transfer,3,1,0.549,-0.199,-0.91,High-Risk Stagnation Profiles
PANW-1929,28,0,Travel_Frequently,193,Research & Development,2,3,Life Sciences,4,Male,52,2,1,Laboratory Technician,4,Married,3867,14222,1,Yes,12,3,2,1,2,2,3,2,2,2,2,0.667,0.667,0.667,0.667,0.667,0,0.333,1.19,3.25,Early Stage (0-2 yrs),29.9,Low Risk,61.7,Watchlist,Moderate Development Need,Moderate Manager Continuity,Regular Annual Review,1,4,-1.255,1.886,1.066,Fast-Track Performers
PANW-1930,51,0,Travel_Frequently,968,Research & Development,6,2,Medical,2,Female,40,2,1,Laboratory Technician,3,Single,2838,4257,0,No,14,3,2,0,8,6,2,7,0,7,7,0.875,0.0,0.75,7.0,0.875,-7,0.111,0.88,2.25,Established Stage (7-12 yrs),28.2,Low Risk,61.1,Watchlist,Sufficiently Trained,Prolonged Stagnant Manager Dyad,Manager Mentorship & Skip-Level Check-in,4,3,0.892,-1.968,2.4,Promotion-Stalled Employees
PANW-1931,30,0,Non-Travel,879,Research & Development,9,2,Medical,3,Female,72,3,2,Manufacturing Director,3,Single,4695,12858,7,Yes,18,3,3,0,10,3,3,8,4,1,7,0.111,0.444,0.333,1.4,0.778,3,0.182,0.64,3.0,Established Stage (7-12 yrs),30.8,Medium Risk,65.8,Watchlist,Sufficiently Trained,Stable Leadership Continuity,Regular Annual Review,1,1,0.258,-0.483,-0.771,Fast-Track Performers
PANW-1932,29,1,Travel_Rarely,806,Research & Development,7,3,Technical Degree,2,Female,39,3,1,Laboratory Technician,3,Divorced,3339,17285,3,Yes,13,3,1,2,10,2,3,7,7,7,7,0.875,0.875,0.25,0.875,0.875,0,0.091,1.03,2.25,Established Stage (7-12 yrs),72.0,High Risk,55.2,Already Attrited,Moderate Development Need,Prolonged Stagnant Manager Dyad,Exit Analysis & Knowledge Transfer,3,0,1.976,2.463,0.845,High-Risk Stagnation Profiles
PANW-1933,28,0,Travel_Rarely,640,Research & Development,1,3,Technical Degree,4,Male,84,3,1,Research Scientist,1,Single,2080,4732,2,No,11,3,2,0,5,2,2,3,2,1,2,0.25,0.5,0.5,0.667,0.5,1,0.167,0.64,2.25,Growth Stage (3-6 yrs),33.5,Medium Risk,66.7,Watchlist,Moderate Development Need,Moderate Manager Continuity,Regular Annual Review,1,4,-1.221,0.697,-0.308,Fast-Track Performers
PANW-1934,25,0,Travel_Rarely,266,Research & Development,1,3,Medical,4,Female,40,3,1,Research Scientist,2,Single,2096,18830,1,No,18,3,4,0,2,3,2,2,2,2,1,0.667,0.667,1.0,0.333,0.333,0,0.333,0.65,3.0,Early Stage (0-2 yrs),37.4,Medium Risk,68.1,Watchlist,Sufficiently Trained,Recent Manager Transition,Regular Annual Review,1,4,-1.57,2.041,1.087,Fast-Track Performers
PANW-1935,32,0,Travel_Rarely,604,Sales,8,3,Medical,3,Male,56,4,2,Sales Executive,4,Married,6209,11693,1,No,15,3,3,2,10,4,4,10,7,0,8,0.0,0.636,0.364,1.0,0.727,7,0.182,0.9,3.5,Established Stage (7-12 yrs),37.8,Medium Risk,72.0,Immediate Action,Sufficiently Trained,Stable Leadership Continuity,Lateral Role Rotation / New Project,3,1,0.744,-0.077,-1.435,High-Risk Stagnation Profiles
PANW-1936,45,0,Travel_Frequently,364,Research & Development,25,3,Medical,2,Female,83,3,5,Manager,2,Single,18061,13035,3,No,22,4,3,0,22,4,3,0,0,0,0,0.0,0.0,4.0,0.0,0.0,0,0.217,1.05,2.5,Early Stage (0-2 yrs),7.5,Low Risk,63.9,Watchlist,Sufficiently Trained,Recent Manager Transition,Regular Annual Review,0,2,-2.549,-3.021,1.922,Early-Career Explorers
PANW-1937,39,0,Travel_Rarely,412,Research & Development,13,4,Medical,3,Female,94,2,4,Manager,2,Divorced,17123,17334,6,Yes,13,3,4,2,21,4,3,19,9,15,2,0.75,0.45,0.2,0.2,0.1,-6,0.182,1.0,3.0,Veteran Stage (13+ yrs),78.8,High Risk,78.8,Immediate Action,Sufficiently Trained,Moderate Manager Continuity,Promotion & Compensation Review,2,0,3.786,0.491,3.186,Stable Long-Term Contributors
PANW-1938,58,0,Travel_Rarely,848,Research & Development,23,4,Life Sciences,1,Male,88,3,1,Research Scientist,3,Divorced,2372,26076,1,No,12,3,4,2,2,3,3,2,2,2,2,0.667,0.667,1.0,0.667,0.667,0,0.333,0.73,2.75,Early Stage (0-2 yrs),33.7,Medium Risk,66.8,Watchlist,Sufficiently Trained,Moderate Manager Continuity,Regular Annual Review,1,4,-1.396,1.84,1.222,Fast-Track Performers
PANW-1939,32,1,Travel_Rarely,1089,Research & Development,7,2,Life Sciences,4,Male,79,3,2,Laboratory Technician,3,Married,4883,22845,1,No,18,3,1,1,10,3,3,10,4,1,1,0.091,0.364,0.273,0.2,0.091,3,0.182,1.51,2.75,Established Stage (7-12 yrs),28.8,Low Risk,40.1,Already Attrited,Sufficiently Trained,Recent Manager Transition,Exit Analysis & Knowledge Transfer,1,4,-0.451,-0.145,-0.601,Fast-Track Performers
PANW-1940,39,1,Travel_Rarely,360,Research & Development,23,3,Medical,3,Male,93,3,1,Research Scientist,1,Single,3904,22154,0,No,13,3,1,0,6,2,3,5,2,0,3,0.0,0.333,0.333,1.0,0.5,2,0.143,1.2,2.0,Growth Stage (3-6 yrs),25.8,Low Risk,39.0,Already Attrited,Moderate Development Need,Moderate Manager Continuity,Exit Analysis & Knowledge Transfer,1,4,-1.223,-0.256,-1.024,Fast-Track Performers
PANW-1941,30,0,Travel_Rarely,1138,Research & Development,6,3,Technical Degree,1,Female,48,2,2,Laboratory Technician,4,Married,4627,23631,0,No,12,3,1,1,10,6,3,9,2,6,7,0.6,0.2,0.6,2.333,0.7,-4,0.182,1.43,2.25,Established Stage (7-12 yrs),32.2,Medium Risk,62.5,Watchlist,Sufficiently Trained,Prolonged Stagnant Manager Dyad,Manager Mentorship & Skip-Level Check-in,3,0,0.805,-0.61,1.707,High-Risk Stagnation Profiles
PANW-1942,36,0,Travel_Rarely,325,Research & Development,10,4,Technical Degree,4,Female,63,3,3,Healthcare Representative,3,Married,7094,5747,3,No,12,3,1,0,10,0,3,7,7,1,7,0.125,0.875,0.0,0.875,0.875,6,0.273,0.94,2.75,Established Stage (7-12 yrs),51.0,Medium Risk,72.8,Immediate Action,High Development Need,Stable Leadership Continuity,Lateral Role Rotation / New Project,3,1,1.066,0.487,-0.924,High-Risk Stagnation Profiles
PANW-1943,46,0,Travel_Rarely,991,Human Resources,1,2,Life Sciences,4,Female,44,3,1,Human Resources,1,Single,3423,22957,6,No,12,3,3,0,10,3,4,7,6,5,7,0.625,0.75,0.375,1.0,0.875,1,0.091,0.81,3.0,Established Stage (7-12 yrs),66.2,High Risk,78.2,Immediate Action,Sufficiently Trained,Prolonged Stagnant Manager Dyad,Promotion & Compensation Review,3,0,1.341,1.617,0.267,High-Risk Stagnation Profiles
PANW-1944,28,0,Non-Travel,1476,Research & Development,1,3,Life Sciences,3,Female,55,1,2,Laboratory Technician,4,Married,6674,16392,0,No,11,3,1,3,10,6,3,9,8,7,5,0.7,0.8,0.6,0.556,0.5,1,0.182,2.06,2.75,Established Stage (7-12 yrs),69.5,High Risk,71.8,Immediate Action,Sufficiently Trained,Prolonged Stagnant Manager Dyad,Promotion & Compensation Review,3,0,1.705,1.854,1.222,High-Risk Stagnation Profiles
PANW-1945,50,0,Travel_Rarely,1322,Research & Development,28,3,Life Sciences,4,Female,43,3,4,Research Director,1,Married,16880,22422,4,Yes,11,3,2,0,25,2,3,3,2,1,2,0.25,0.5,0.5,0.667,0.5,1,0.154,1.05,2.5,Growth Stage (3-6 yrs),33.5,Medium Risk,66.7,Watchlist,Moderate Development Need,Moderate Manager Continuity,Regular Annual Review,1,1,0.393,-1.295,0.223,Fast-Track Performers
PANW-1946,40,1,Travel_Rarely,299,Sales,25,4,Marketing,4,Male,57,2,3,Sales Executive,2,Single,9094,17235,2,Yes,12,3,3,0,9,2,3,5,4,1,0,0.167,0.667,0.333,0.0,0.0,3,0.3,1.31,3.0,Growth Stage (3-6 yrs),40.2,Medium Risk,40.3,Already Attrited,Moderate Development Need,Recent Manager Transition,Exit Analysis & Knowledge Transfer,1,4,-0.614,0.475,-0.074,Fast-Track Performers
PANW-1947,52,1,Travel_Rarely,1030,Sales,5,3,Life Sciences,2,Male,64,3,3,Sales Executive,2,Single,8446,21534,9,Yes,19,3,3,0,10,2,2,8,7,7,7,0.778,0.778,0.222,0.875,0.778,0,0.273,1.22,2.25,Established Stage (7-12 yrs),73.3,High Risk,55.7,Already Attrited,Moderate Development Need,Prolonged Stagnant Manager Dyad,Exit Analysis & Knowledge Transfer,3,0,2.022,1.542,1.442,High-Risk Stagnation Profiles
PANW-1948,30,0,Travel_Rarely,634,Research & Development,17,4,Medical,2,Female,95,3,3,Manager,1,Married,11916,25927,1,Yes,23,4,4,2,9,2,3,9,1,0,8,0.0,0.1,0.2,4.0,0.8,1,0.3,0.69,2.5,Established Stage (7-12 yrs),16.9,Low Risk,67.2,Watchlist,Moderate Development Need,Stable Leadership Continuity,Regular Annual Review,4,4,-0.037,-2.774,-0.357,Promotion-Stalled Employees
PANW-1949,39,0,Travel_Rarely,524,Research & Development,18,2,Life Sciences,1,Male,32,3,2,Manufacturing Director,3,Single,4534,13352,0,No,11,3,1,0,9,6,3,8,7,1,7,0.111,0.778,0.667,0.875,0.778,6,0.2,0.62,2.0,Established Stage (7-12 yrs),48.6,Medium Risk,72.0,Immediate Action,Sufficiently Trained,Stable Leadership Continuity,Lateral Role Rotation / New Project,3,1,0.609,0.51,-0.883,High-Risk Stagnation Profiles
PANW-1950,31,0,Non-Travel,587,Sales,2,4,Life Sciences,4,Female,57,3,3,Sales Executive,3,Divorced,9852,8935,1,Yes,19,3,1,1,10,5,2,10,8,9,6,0.818,0.727,0.455,0.667,0.545,-1,0.273,1.42,2.5,Established Stage (7-12 yrs),78.4,High Risk,82.4,Immediate Action,Sufficiently Trained,Prolonged Stagnant Manager Dyad,Promotion & Compensation Review,3,0,2.221,1.675,2.001,High-Risk Stagnation Profiles
PANW-1951,41,0,Non-Travel,256,Sales,10,2,Medical,3,Male,40,1,2,Sales Executive,2,Single,6151,22074,1,No,13,3,1,0,19,4,3,19,2,11,9,0.55,0.1,0.2,3.0,0.45,-9,0.1,0.89,2.25,Veteran Stage (13+ yrs),51.2,Medium Risk,65.4,Watchlist,Sufficiently Trained,Prolonged Stagnant Manager Dyad,Manager Mentorship & Skip-Level Check-in,2,0,2.844,-1.576,2.065,Stable Long-Term Contributors
PANW-1952,31,1,Travel_Frequently,1060,Sales,1,3,Life Sciences,4,Female,54,3,1,Sales Representative,2,Single,2302,8319,1,Yes,11,3,1,0,3,2,4,3,2,2,2,0.5,0.5,0.5,0.667,0.5,0,0.25,0.88,2.75,Growth Stage (3-6 yrs),33.2,Medium Risk,41.6,Already Attrited,Moderate Development Need,Moderate Manager Continuity,Exit Analysis & Knowledge Transfer,1,4,-1.178,1.228,0.614,Fast-Track Performers
PANW-1953,44,1,Travel_Rarely,935,Research & Development,3,3,Life Sciences,1,Male,89,3,1,Laboratory Technician,1,Married,2362,14669,4,No,12,3,3,0,10,4,4,3,2,1,2,0.25,0.5,1.0,0.667,0.5,1,0.091,0.73,2.25,Growth Stage (3-6 yrs),33.5,Medium Risk,41.7,Already Attrited,Sufficiently Trained,Moderate Manager Continuity,Exit Analysis & Knowledge Transfer,1,4,-1.081,0.37,-0.303,Fast-Track Performers
PANW-1954,42,0,Non-Travel,495,Research & Development,2,1,Life Sciences,3,Male,37,3,4,Manager,3,Married,17861,26582,0,Yes,13,3,4,0,21,3,2,20,8,2,10,0.095,0.381,0.143,1.111,0.476,6,0.182,1.04,3.0,Veteran Stage (13+ yrs),45.3,Medium Risk,70.9,Immediate Action,Sufficiently Trained,Stable Leadership Continuity,Regular Annual Review,2,1,2.852,-1.83,-0.381,Stable Long-Term Contributors
PANW-1955,55,0,Travel_Rarely,282,Research & Development,2,2,Medical,4,Female,58,1,5,Manager,3,Married,19187,6992,4,No,14,3,4,1,23,5,3,19,9,9,11,0.45,0.45,0.25,1.1,0.55,0,0.208,1.12,3.5,Veteran Stage (13+ yrs),71.5,High Risk,72.5,Immediate Action,Sufficiently Trained,Prolonged Stagnant Manager Dyad,Promotion & Compensation Review,2,0,4.271,-1.189,1.615,Stable Long-Term Contributors
PANW-1956,56,0,Travel_Rarely,206,Human Resources,8,4,Life Sciences,4,Male,99,3,5,Manager,2,Single,19717,4022,6,No,14,3,1,0,36,4,3,7,3,7,7,0.875,0.375,0.5,1.75,0.875,-4,0.135,1.15,2.5,Established Stage (7-12 yrs),50.8,Medium Risk,72.8,Immediate Action,Sufficiently Trained,Prolonged Stagnant Manager Dyad,Manager Mentorship & Skip-Level Check-in,2,0,3.13,-1.743,2.556,Stable Long-Term Contributors
PANW-1957,40,0,Non-Travel,458,Research & Development,16,2,Life Sciences,3,Male,74,3,1,Research Scientist,3,Divorced,3544,8532,9,No,16,3,2,1,6,0,3,4,2,0,0,0.0,0.4,0.0,0.0,0.0,2,0.143,1.09,2.75,Growth Stage (3-6 yrs),20.0,Low Risk,62.0,Watchlist,Moderate Development Need,Recent Manager Transition,Upskilling & Training Program,1,4,-1.543,0.413,-1.266,Fast-Track Performers
PANW-1958,34,0,Travel_Rarely,943,Research & Development,9,3,Life Sciences,4,Male,86,3,3,Healthcare Representative,4,Divorced,8500,5494,0,No,11,3,4,1,10,0,2,9,7,1,6,0.1,0.7,0.0,0.75,0.6,6,0.273,1.13,3.5,Established Stage (7-12 yrs),42.9,Medium Risk,70.0,Immediate Action,High Development Need,Stable Leadership Continuity,Lateral Role Rotation / New Project,3,1,0.913,0.107,-0.723,High-Risk Stagnation Profiles
PANW-1959,40,0,Travel_Rarely,523,Research & Development,2,3,Life Sciences,3,Male,98,3,2,Research Scientist,4,Single,4661,22455,1,No,13,3,3,0,9,4,3,9,8,8,8,0.8,0.8,0.4,0.889,0.8,0,0.2,1.44,3.25,Established Stage (7-12 yrs),73.0,High Risk,80.6,Immediate Action,Sufficiently Trained,Prolonged Stagnant Manager Dyad,Promotion & Compensation Review,3,0,2.24,1.963,1.421,High-Risk Stagnation Profiles
PANW-1960,41,0,Travel_Frequently,1018,Sales,1,3,Marketing,3,Female,66,3,2,Sales Executive,1,Divorced,4103,4297,0,No,17,3,4,1,10,2,3,9,3,1,7,0.1,0.3,0.2,1.75,0.7,2,0.182,0.59,2.75,Established Stage (7-12 yrs),31.6,Medium Risk,66.1,Watchlist,Moderate Development Need,Stable Leadership Continuity,Regular Annual Review,1,1,0.19,-0.996,-0.624,Fast-Track Performers
PANW-1961,35,0,Travel_Frequently,482,Research & Development,4,4,Life Sciences,3,Male,87,3,2,Research Scientist,3,Single,4249,2690,1,Yes,11,3,2,0,9,3,3,9,6,1,1,0.1,0.6,0.3,0.143,0.1,5,0.2,1.31,2.75,Established Stage (7-12 yrs),41.0,Medium Risk,69.4,Watchlist,Sufficiently Trained,Recent Manager Transition,Lateral Role Rotation / New Project,1,1,-0.161,0.496,-0.687,Fast-Track Performers
PANW-1962,51,0,Travel_Rarely,770,Human Resources,5,3,Life Sciences,3,Male,84,3,4,Manager,2,Divorced,14026,17588,1,Yes,11,3,2,1,33,2,3,33,9,0,10,0.0,0.265,0.059,1.0,0.294,9,0.118,0.82,2.5,Veteran Stage (13+ yrs),39.1,Medium Risk,68.7,Watchlist,Moderate Development Need,Stable Leadership Continuity,Regular Annual Review,2,1,4.091,-3.145,-0.918,Stable Long-Term Contributors
PANW-1963,38,0,Travel_Rarely,1009,Sales,2,2,Life Sciences,2,Female,31,3,2,Sales Executive,1,Divorced,6893,19461,3,No,15,3,4,1,11,3,3,7,7,1,7,0.125,0.875,0.375,0.875,0.875,6,0.167,1.0,2.5,Established Stage (7-12 yrs),58.5,High Risk,75.5,Immediate Action,Sufficiently Trained,Stable Leadership Continuity,Lateral Role Rotation / New Project,3,1,0.89,0.721,-1.298,High-Risk Stagnation Profiles
PANW-1964,34,0,Travel_Rarely,507,Sales,15,2,Medical,3,Female,66,3,2,Sales Executive,1,Single,6125,23553,1,No,12,3,4,0,10,6,4,10,8,9,6,0.818,0.727,0.545,0.667,0.545,-1,0.182,0.88,3.0,Established Stage (7-12 yrs),85.9,High Risk,85.1,Immediate Action,Sufficiently Trained,Prolonged Stagnant Manager Dyad,Promotion & Compensation Review,3,0,2.139,1.908,1.798,High-Risk Stagnation Profiles
PANW-1965,25,0,Travel_Rarely,882,Research & Development,19,1,Medical,4,Male,67,3,1,Laboratory Technician,4,Married,3669,9075,3,No,11,3,3,3,7,6,2,3,2,1,2,0.25,0.5,1.5,0.667,0.5,1,0.125,1.13,3.25,Growth Stage (3-6 yrs),22.2,Low Risk,62.8,Watchlist,Sufficiently Trained,Moderate Manager Continuity,Regular Annual Review,1,4,-1.48,0.446,0.047,Fast-Track Performers
PANW-1966,58,1,Travel_Rarely,601,Research & Development,7,4,Medical,3,Female,53,2,3,Manufacturing Director,1,Married,10008,12023,7,Yes,14,3,4,0,31,0,2,10,9,5,9,0.455,0.818,0.0,0.9,0.818,4,0.094,1.37,2.5,Established Stage (7-12 yrs),74.2,High Risk,52.2,Already Attrited,High Development Need,Prolonged Stagnant Manager Dyad,Exit Analysis & Knowledge Transfer,2,1,3.515,-0.008,-0.147,Stable Long-Term Contributors
PANW-1967,40,0,Travel_Rarely,329,Research & Development,1,4,Life Sciences,2,Male,88,3,1,Laboratory Technician,2,Married,2387,6762,3,No,22,4,3,1,7,3,3,4,2,0,3,0.0,0.4,0.6,1.0,0.6,2,0.125,0.74,2.5,Growth Stage (3-6 yrs),23.8,Low Risk,69.6,Watchlist,Sufficiently Trained,Moderate Manager Continuity,Regular Annual Review,1,4,-1.308,-0.103,-1.264,Fast-Track Performers
PANW-1968,36,0,Travel_Frequently,607,Sales,7,3,Marketing,1,Female,83,4,2,Sales Executive,1,Married,4639,2261,2,No,16,3,4,1,17,2,2,15,7,6,13,0.375,0.438,0.125,1.625,0.812,1,0.111,0.67,2.0,Veteran Stage (13+ yrs),65.1,High Risk,81.5,Immediate Action,Moderate Development Need,Prolonged Stagnant Manager Dyad,Promotion & Compensation Review,3,1,2.931,-0.415,0.105,High-Risk Stagnation Profiles
PANW-1969,48,0,Travel_Rarely,855,Research & Development,4,3,Life Sciences,4,Male,54,3,3,Manufacturing Director,4,Single,7898,18706,1,No,11,3,3,0,11,2,3,10,9,0,8,0.0,0.818,0.182,0.8,0.727,9,0.25,1.08,3.5,Established Stage (7-12 yrs),45.4,Medium Risk,70.9,Immediate Action,Moderate Development Need,Stable Leadership Continuity,Lateral Role Rotation / New Project,3,1,1.342,0.108,-1.337,High-Risk Stagnation Profiles
PANW-1970,27,0,Travel_Rarely,1291,Sales,11,3,Medical,3,Female,98,4,1,Sales Representative,4,Married,2534,6527,8,No,14,3,2,1,5,4,3,1,0,0,0,0.0,0.0,2.0,0.0,0.0,0,0.167,0.96,3.0,Early Stage (0-2 yrs),0.0,Low Risk,58.8,Watchlist,Sufficiently Trained,Recent Manager Transition,Regular Annual Review,0,2,-3.216,-0.675,0.326,Early-Career Explorers
PANW-1971,51,0,Travel_Rarely,1405,Research & Development,11,2,Technical Degree,4,Female,82,2,4,Manufacturing Director,2,Single,13142,24439,3,No,16,3,2,0,29,1,2,5,2,0,3,0.0,0.333,0.167,1.0,0.5,2,0.133,1.8,2.5,Growth Stage (3-6 yrs),22.1,Low Risk,59.0,Watchlist,Moderate Development Need,Moderate Manager Continuity,Upskilling & Training Program,1,1,0.569,-2.341,-0.63,Fast-Track Performers
PANW-1972,18,0,Non-Travel,1124,Research & Development,1,3,Life Sciences,4,Female,97,3,1,Laboratory Technician,4,Single,1611,19305,1,No,15,3,3,0,0,5,4,0,0,0,0,0.0,0.0,5.0,0.0,0.0,0,1.0,0.5,3.75,Early Stage (0-2 yrs),0.0,Low Risk,55.0,Watchlist,Sufficiently Trained,Recent Manager Transition,Regular Annual Review,0,2,-6.366,-0.56,4.138,Early-Career Explorers
PANW-1973,35,0,Travel_Rarely,817,Research & Development,1,3,Medical,4,Female,60,2,2,Laboratory Technician,4,Married,5363,10846,0,No,12,3,2,1,10,0,3,9,7,0,0,0.0,0.7,0.0,0.0,0.0,7,0.182,1.66,3.25,Established Stage (7-12 yrs),39.4,Medium Risk,65.0,Watchlist,Moderate Development Need,Recent Manager Transition,Lateral Role Rotation / New Project,1,1,-0.071,0.636,-1.404,Fast-Track Performers
PANW-1974,27,0,Travel_Frequently,793,Sales,2,1,Life Sciences,4,Male,43,1,2,Sales Executive,4,Single,5071,20392,3,No,20,4,2,0,8,3,3,6,2,0,0,0.0,0.286,0.429,0.0,0.0,2,0.222,0.73,3.25,Growth Stage (3-6 yrs),13.4,Low Risk,58.4,Watchlist,Sufficiently Trained,Recent Manager Transition,Regular Annual Review,1,4,-1.527,-0.301,-0.634,Fast-Track Performers
PANW-1975,55,1,Travel_Rarely,267,Sales,13,4,Marketing,1,Male,85,4,4,Sales Executive,3,Single,13695,9277,6,Yes,17,3,3,0,24,2,2,19,7,3,8,0.15,0.35,0.1,1.0,0.4,4,0.16,1.98,2.25,Veteran Stage (13+ yrs),44.9,Medium Risk,49.5,Already Attrited,Moderate Development Need,Stable Leadership Continuity,Exit Analysis & Knowledge Transfer,2,1,2.74,-1.825,-0.159,Stable Long-Term Contributors
PANW-1976,56,0,Travel_Rarely,1369,Research & Development,23,3,Life Sciences,4,Male,68,3,4,Manufacturing Director,2,Married,13402,18235,4,Yes,12,3,1,1,33,0,3,19,16,15,9,0.75,0.8,0.0,0.529,0.45,1,0.118,1.84,2.5,Veteran Stage (13+ yrs),87.5,High Risk,85.6,Immediate Action,High Development Need,Prolonged Stagnant Manager Dyad,Promotion & Compensation Review,2,0,6.328,0.782,2.118,Stable Long-Term Contributors
PANW-1977,34,0,Non-Travel,999,Research & Development,26,1,Technical Degree,1,Female,92,2,1,Research Scientist,3,Divorced,2029,15891,1,No,20,4,3,3,5,2,3,5,4,0,0,0.0,0.667,0.333,0.0,0.0,4,0.167,0.63,2.5,Growth Stage (3-6 yrs),32.9,Medium Risk,69.0,Watchlist,Moderate Development Need,Recent Manager Transition,Lateral Role Rotation / New Project,1,4,-1.287,1.092,-1.532,Fast-Track Performers
PANW-1978,40,0,Travel_Rarely,1202,Research & Development,2,1,Medical,2,Female,89,4,2,Healthcare Representative,3,Divorced,6377,13888,5,No,20,4,2,3,15,0,3,12,11,11,8,0.846,0.846,0.0,0.667,0.615,0,0.125,0.85,2.5,Established Stage (7-12 yrs),84.9,High Risk,94.7,Immediate Action,High Development Need,Prolonged Stagnant Manager Dyad,Promotion & Compensation Review,3,0,3.644,2.275,1.256,High-Risk Stagnation Profiles
PANW-1979,34,0,Travel_Rarely,285,Research & Development,29,3,Medical,2,Male,86,3,2,Laboratory Technician,3,Married,5429,17491,4,No,13,3,1,2,10,1,3,8,7,7,7,0.778,0.778,0.111,0.875,0.778,0,0.182,1.68,2.25,Established Stage (7-12 yrs),69.6,High Risk,79.4,Immediate Action,High Development Need,Prolonged Stagnant Manager Dyad,Promotion & Compensation Review,3,0,2.021,1.812,1.118,High-Risk Stagnation Profiles
PANW-1980,31,1,Travel_Frequently,703,Sales,2,3,Life Sciences,3,Female,90,2,1,Sales Representative,4,Single,2785,11882,7,No,14,3,3,0,3,3,4,1,0,0,0,0.0,0.0,1.5,0.0,0.0,0,0.25,1.06,3.5,Early Stage (0-2 yrs),0.0,Low Risk,26.2,Already Attrited,Sufficiently Trained,Recent Manager Transition,Exit Analysis & Knowledge Transfer,0,2,-3.248,-0.482,0.327,Early-Career Explorers
PANW-1981,35,1,Travel_Frequently,662,Sales,18,4,Marketing,4,Female,67,3,2,Sales Executive,3,Married,4614,23288,0,Yes,18,3,3,1,5,0,2,4,2,3,2,0.6,0.4,0.0,0.667,0.4,-1,0.333,0.67,3.0,Growth Stage (3-6 yrs),30.5,Medium Risk,40.7,Already Attrited,Moderate Development Need,Moderate Manager Continuity,Exit Analysis & Knowledge Transfer,1,4,-0.665,0.922,1.094,Fast-Track Performers
PANW-1982,38,0,Travel_Frequently,693,Research & Development,7,3,Life Sciences,4,Male,57,4,1,Research Scientist,3,Divorced,2610,15748,1,No,11,3,4,3,4,2,3,4,2,0,3,0.0,0.4,0.4,1.0,0.6,2,0.2,0.81,3.5,Growth Stage (3-6 yrs),20.0,Low Risk,65.8,Watchlist,Moderate Development Need,Moderate Manager Continuity,Regular Annual Review,1,4,-1.444,-0.01,-0.858,Fast-Track Performers
PANW-1983,34,0,Travel_Rarely,404,Research & Development,2,4,Technical Degree,3,Female,98,3,2,Healthcare Representative,4,Single,6687,6163,1,No,11,3,4,0,14,2,4,14,11,4,11,0.267,0.733,0.133,0.917,0.733,7,0.133,0.89,3.75,Veteran Stage (13+ yrs),57.3,High Risk,75.1,Immediate Action,Moderate Development Need,Prolonged Stagnant Manager Dyad,Lateral Role Rotation / New Project,3,1,2.808,0.605,-0.706,High-Risk Stagnation Profiles
PANW-1984,28,0,Travel_Rarely,736,Sales,26,3,Life Sciences,3,Male,48,2,2,Sales Executive,1,Married,4724,24232,1,No,11,3,3,1,5,0,3,5,3,0,4,0.0,0.5,0.0,1.0,0.667,3,0.333,0.68,2.5,Growth Stage (3-6 yrs),33.1,Medium Risk,62.8,Watchlist,Moderate Development Need,Stable Leadership Continuity,Upskilling & Training Program,1,4,-0.876,-0.085,-0.665,Fast-Track Performers
PANW-1985,31,1,Travel_Rarely,330,Research & Development,22,4,Medical,4,Male,98,3,2,Manufacturing Director,3,Married,6179,21057,1,Yes,15,3,4,2,10,3,2,10,2,6,7,0.545,0.182,0.273,2.333,0.636,-4,0.182,0.85,3.25,Established Stage (7-12 yrs),35.6,Medium Risk,42.5,Already Attrited,Sufficiently Trained,Prolonged Stagnant Manager Dyad,Exit Analysis & Knowledge Transfer,3,0,0.94,-0.677,1.38,High-Risk Stagnation Profiles
PANW-1986,39,0,Travel_Rarely,1498,Sales,21,4,Life Sciences,1,Male,44,2,2,Sales Executive,4,Married,6120,3567,3,Yes,12,3,4,2,8,2,4,5,4,1,4,0.167,0.667,0.333,0.8,0.667,3,0.222,0.88,3.25,Growth Stage (3-6 yrs),32.7,Medium Risk,62.7,Watchlist,Moderate Development Need,Stable Leadership Continuity,Lateral Role Rotation / New Project,1,4,-0.233,0.459,-0.569,Fast-Track Performers
PANW-1987,51,0,Travel_Frequently,541,Sales,2,3,Marketing,2,Male,52,3,3,Sales Executive,2,Married,10596,15395,2,No,11,3,2,0,14,5,3,4,2,3,2,0.6,0.4,1.0,0.667,0.4,-1,0.2,1.53,2.25,Growth Stage (3-6 yrs),34.2,Medium Risk,67.0,Watchlist,Sufficiently Trained,Moderate Manager Continuity,Regular Annual Review,1,1,-0.175,-0.102,1.558,Fast-Track Performers
PANW-1988,41,0,Travel_Frequently,1200,Research & Development,22,3,Life Sciences,4,Female,75,3,2,Research Scientist,4,Divorced,5467,13953,3,Yes,14,3,1,2,12,4,2,6,2,3,3,0.429,0.286,0.571,1.0,0.429,-1,0.154,1.69,2.75,Growth Stage (3-6 yrs),23.9,Low Risk,63.4,Watchlist,Sufficiently Trained,Moderate Manager Continuity,Regular Annual Review,1,4,-0.197,-0.26,0.719,Fast-Track Performers
PANW-1989,37,0,Travel_Rarely,1439,Research & Development,4,1,Life Sciences,3,Male,54,3,1,Research Scientist,3,Married,2996,5182,7,Yes,15,3,4,0,8,2,3,6,4,1,3,0.143,0.571,0.286,0.6,0.429,3,0.111,0.92,3.25,Growth Stage (3-6 yrs),34.0,Medium Risk,66.9,Watchlist,Moderate Development Need,Moderate Manager Continuity,Regular Annual Review,1,4,-0.427,0.642,-1.076,Fast-Track Performers
PANW-1990,33,0,Travel_Frequently,1111,Sales,5,1,Life Sciences,2,Male,61,3,2,Sales Executive,4,Married,9998,19293,6,No,13,3,1,0,8,2,4,5,4,1,2,0.167,0.667,0.333,0.4,0.333,3,0.222,1.44,2.75,Growth Stage (3-6 yrs),32.7,Medium Risk,66.4,Watchlist,Moderate Development Need,Moderate Manager Continuity,Lateral Role Rotation / New Project,1,4,-0.499,0.658,-0.547,Fast-Track Performers
PANW-1991,32,0,Travel_Rarely,499,Sales,2,1,Marketing,3,Male,36,3,2,Sales Executive,2,Married,4078,20497,0,Yes,13,3,1,3,4,3,2,3,2,1,2,0.25,0.5,0.75,0.667,0.5,1,0.4,0.59,2.0,Growth Stage (3-6 yrs),29.8,Low Risk,65.4,Watchlist,Sufficiently Trained,Moderate Manager Continuity,Regular Annual Review,1,4,-1.576,0.461,0.601,Fast-Track Performers
PANW-1992,39,0,Non-Travel,1485,Research & Development,25,2,Life Sciences,3,Male,71,3,3,Healthcare Representative,3,Married,10920,3449,3,No,21,4,2,1,13,2,3,6,4,0,5,0.0,0.571,0.286,1.0,0.714,4,0.214,1.45,2.75,Growth Stage (3-6 yrs),30.5,Medium Risk,71.9,Immediate Action,Moderate Development Need,Stable Leadership Continuity,Regular Annual Review,1,1,0.11,-0.637,-1.096,Fast-Track Performers
PANW-1993,25,0,Travel_Rarely,1372,Sales,18,1,Life Sciences,1,Male,93,4,2,Sales Executive,3,Married,6232,12477,2,No,11,3,2,0,6,3,2,3,2,1,2,0.25,0.5,0.75,0.667,0.5,1,0.286,0.9,2.0,Growth Stage (3-6 yrs),26.0,Low Risk,67.8,Watchlist,Sufficiently Trained,Moderate Manager Continuity,Regular Annual Review,1,4,-1.265,0.31,0.327,Fast-Track Performers
PANW-1994,52,0,Travel_Frequently,322,Research & Development,28,2,Medical,4,Female,59,4,4,Manufacturing Director,3,Married,13247,9731,2,Yes,11,3,2,1,24,3,2,5,3,0,2,0.0,0.5,0.5,0.5,0.333,3,0.16,1.82,2.75,Growth Stage (3-6 yrs),25.6,Low Risk,67.7,Watchlist,Sufficiently Trained,Moderate Manager Continuity,Regular Annual Review,1,1,0.268,-1.581,-0.488,Fast-Track Performers
PANW-1995,43,0,Travel_Rarely,930,Research & Development,6,3,Medical,1,Female,73,2,2,Research Scientist,3,Single,4081,20003,1,Yes,14,3,1,0,20,3,1,20,7,1,8,0.048,0.333,0.143,1.0,0.381,6,0.095,1.26,1.5,Veteran Stage (13+ yrs),37.4,Medium Risk,64.3,Watchlist,Sufficiently Trained,Stable Leadership Continuity,Regular Annual Review,3,1,1.964,-1.315,-1.108,High-Risk Stagnation Profiles
PANW-1996,27,0,Travel_Rarely,205,Sales,10,3,Marketing,4,Female,98,2,2,Sales Executive,4,Married,5769,7100,1,Yes,11,3,4,0,6,3,3,6,2,4,4,0.571,0.286,0.429,1.333,0.571,-2,0.286,0.83,3.75,Growth Stage (3-6 yrs),27.4,Low Risk,60.8,Watchlist,Sufficiently Trained,Stable Leadership Continuity,Regular Annual Review,1,4,-0.275,0.172,1.531,Fast-Track Performers
PANW-1997,27,1,Travel_Rarely,135,Research & Development,17,4,Life Sciences,4,Female,51,3,1,Research Scientist,3,Single,2394,25681,1,Yes,13,3,4,0,8,2,3,8,2,7,7,0.778,0.222,0.222,2.333,0.778,-5,0.111,0.74,3.5,Established Stage (7-12 yrs),40.0,Medium Risk,44.0,Already Attrited,Moderate Development Need,Prolonged Stagnant Manager Dyad,Exit Analysis & Knowledge Transfer,3,0,0.951,0.243,1.63,High-Risk Stagnation Profiles
PANW-1998,26,0,Travel_Rarely,683,Research & Development,2,1,Medical,1,Male,36,2,1,Research Scientist,4,Single,3904,4050,0,No,12,3,4,0,5,2,3,4,3,1,1,0.2,0.6,0.4,0.25,0.2,2,0.167,1.2,3.0,Growth Stage (3-6 yrs),27.9,Low Risk,61.0,Watchlist,Moderate Development Need,Recent Manager Transition,Regular Annual Review,1,4,-1.121,1.061,-0.616,Fast-Track Performers
PANW-1999,42,0,Travel_Rarely,1147,Human Resources,10,3,Human Resources,3,Female,31,3,4,Manager,1,Married,16799,16616,0,No,14,3,3,1,21,5,3,20,7,0,9,0.0,0.333,0.238,1.125,0.429,7,0.182,0.98,2.5,Veteran Stage (13+ yrs),41.4,Medium Risk,69.5,Watchlist,Sufficiently Trained,Stable Leadership Continuity,Regular Annual Review,2,1,2.28,-2.215,-0.763,Stable Long-Term Contributors
PANW-2000,52,0,Travel_Rarely,258,Research & Development,8,4,Other,3,Female,54,3,1,Laboratory Technician,1,Married,2950,17363,9,No,13,3,3,0,12,2,1,5,4,0,4,0.0,0.667,0.333,0.8,0.667,4,0.077,0.91,2.0,Growth Stage (3-6 yrs),40.4,Medium Risk,69.1,Watchlist,Moderate Development Need,Stable Leadership Continuity,Lateral Role Rotation / New Project,1,4,-0.266,0.279,-1.681,Fast-Track Performers
PANW-2001,37,0,Travel_Rarely,1462,Research & Development,11,3,Medical,1,Female,94,3,1,Laboratory Technician,3,Single,3629,19106,4,No,18,3,1,0,8,6,3,3,2,0,2,0.0,0.5,1.5,0.667,0.5,2,0.111,1.12,2.0,Growth Stage (3-6 yrs),22.5,Low Risk,62.9,Watchlist,Sufficiently Trained,Moderate Manager Continuity,Regular Annual Review,1,4,-1.73,0.051,-0.862,Fast-Track Performers
PANW-2002,35,0,Travel_Frequently,200,Research & Development,18,2,Life Sciences,3,Male,60,3,3,Manufacturing Director,4,Single,9362,19944,2,No,11,3,3,0,10,2,3,2,2,2,2,0.667,0.667,0.667,0.667,0.667,0,0.273,1.28,3.25,Early Stage (0-2 yrs),29.9,Low Risk,65.5,Watchlist,Moderate Development Need,Moderate Manager Continuity,Regular Annual Review,1,4,-0.301,0.792,1.275,Fast-Track Performers
PANW-2003,25,0,Travel_Rarely,949,Research & Development,1,3,Technical Degree,1,Male,81,3,1,Laboratory Technician,4,Married,3229,4910,4,No,11,3,2,1,7,2,2,3,2,0,2,0.0,0.5,0.5,0.667,0.5,2,0.125,1.0,2.25,Growth Stage (3-6 yrs),18.8,Low Risk,61.6,Watchlist,Moderate Development Need,Moderate Manager Continuity,Regular Annual Review,1,4,-1.344,0.178,-1.11,Fast-Track Performers
PANW-2004,26,0,Travel_Rarely,652,Research & Development,7,3,Other,3,Male,100,4,1,Laboratory Technician,1,Single,3578,23577,0,No,12,3,4,0,8,2,3,7,7,0,7,0.0,0.875,0.25,0.875,0.875,7,0.111,1.11,2.75,Established Stage (7-12 yrs),55.0,High Risk,78.0,Immediate Action,Moderate Development Need,Stable Leadership Continuity,Lateral Role Rotation / New Project,3,1,0.493,0.948,-2.04,High-Risk Stagnation Profiles
PANW-2005,29,0,Travel_Rarely,332,Human Resources,17,3,Other,2,Male,51,2,3,Human Resources,1,Single,7988,9769,1,No,13,3,1,0,10,3,2,10,9,0,9,0.0,0.818,0.273,0.9,0.818,9,0.273,1.89,1.5,Established Stage (7-12 yrs),56.7,High Risk,71.1,Immediate Action,Sufficiently Trained,Stable Leadership Continuity,Lateral Role Rotation / New Project,3,1,1.327,0.112,-1.308,High-Risk Stagnation Profiles
PANW-2006,49,1,Travel_Frequently,1475,Research & Development,28,2,Life Sciences,1,Male,97,2,2,Laboratory Technician,1,Single,4284,22710,3,No,20,4,1,0,20,2,3,4,3,1,3,0.2,0.6,0.4,0.75,0.6,2,0.095,1.32,1.5,Growth Stage (3-6 yrs),39.1,Medium Risk,46.2,Already Attrited,Moderate Development Need,Moderate Manager Continuity,Exit Analysis & Knowledge Transfer,1,4,0.135,-0.18,-0.866,Fast-Track Performers
PANW-2007,29,1,Travel_Frequently,337,Research & Development,14,1,Other,3,Female,84,3,3,Healthcare Representative,4,Single,7553,22930,0,Yes,12,3,1,0,9,1,3,8,7,7,7,0.778,0.778,0.111,0.875,0.778,0,0.3,1.0,2.75,Established Stage (7-12 yrs),65.8,High Risk,53.0,Already Attrited,High Development Need,Prolonged Stagnant Manager Dyad,Exit Analysis & Knowledge Transfer,3,0,2.006,1.549,1.651,High-Risk Stagnation Profiles
PANW-2008,54,0,Travel_Rarely,971,Research & Development,1,3,Medical,4,Female,54,3,4,Research Director,4,Single,17328,5652,6,No,19,3,4,0,29,3,2,20,7,12,7,0.571,0.333,0.143,0.875,0.333,-5,0.133,1.08,3.5,Veteran Stage (13+ yrs),65.2,High Risk,77.8,Immediate Action,Sufficiently Trained,Prolonged Stagnant Manager Dyad,Promotion & Compensation Review,2,0,4.14,-0.996,2.124,Stable Long-Term Contributors
PANW-2009,58,0,Travel_Rarely,1055,Research & Development,1,3,Medical,4,Female,76,3,5,Research Director,1,Married,19701,22456,3,Yes,21,4,3,1,32,3,3,9,8,1,5,0.1,0.8,0.3,0.556,0.5,7,0.152,1.23,2.75,Established Stage (7-12 yrs),59.8,High Risk,82.2,Immediate Action,Sufficiently Trained,Stable Leadership Continuity,Lateral Role Rotation / New Project,2,1,2.459,-1.268,-0.919,Stable Long-Term Contributors
PANW-2010,55,0,Travel_Rarely,1136,Research & Development,1,4,Medical,2,Male,81,4,4,Research Director,4,Divorced,14732,12414,2,No,13,3,4,2,31,4,4,7,7,0,0,0.0,0.875,0.5,0.0,0.0,7,0.125,0.92,3.5,Established Stage (7-12 yrs),43.8,Medium Risk,74.1,Immediate Action,Sufficiently Trained,Recent Manager Transition,Lateral Role Rotation / New Project,3,1,1.221,-0.737,-1.154,High-Risk Stagnation Profiles
PANW-2011,36,0,Travel_Rarely,1174,Sales,3,4,Marketing,1,Female,99,3,2,Sales Executive,2,Single,9278,20763,3,Yes,16,3,4,0,15,3,3,5,4,0,1,0.0,0.667,0.5,0.2,0.167,4,0.125,1.34,2.5,Growth Stage (3-6 yrs),36.7,Medium Risk,67.8,Watchlist,Sufficiently Trained,Recent Manager Transition,Lateral Role Rotation / New Project,1,4,-0.459,0.099,-1.292,Fast-Track Performers
PANW-2012,31,1,Travel_Frequently,667,Sales,1,4,Life Sciences,2,Female,50,1,1,Sales Representative,3,Single,1359,16154,1,No,12,3,2,0,1,3,3,1,0,0,0,0.0,0.0,1.5,0.0,0.0,0,0.5,0.52,2.5,Early Stage (0-2 yrs),3.8,Low Risk,23.8,Already Attrited,Sufficiently Trained,Recent Manager Transition,Exit Analysis & Knowledge Transfer,0,2,-3.803,-0.327,1.107,Early-Career Explorers
PANW-2013,30,0,Travel_Rarely,855,Sales,7,4,Marketing,4,Female,73,3,2,Sales Executive,1,Divorced,4779,12761,7,No,14,3,2,2,8,3,3,3,2,0,2,0.0,0.5,0.75,0.667,0.5,2,0.222,0.69,2.5,Growth Stage (3-6 yrs),30.0,Medium Risk,65.5,Watchlist,Sufficiently Trained,Moderate Manager Continuity,Regular Annual Review,1,4,-1.358,-0.187,-0.619,Fast-Track Performers
PANW-2014,31,0,Travel_Rarely,182,Research & Development,8,5,Life Sciences,1,Female,93,3,4,Research Director,2,Single,16422,8847,3,No,11,3,3,0,9,3,4,3,2,1,0,0.25,0.5,0.75,0.0,0.0,1,0.4,1.02,2.5,Growth Stage (3-6 yrs),29.8,Low Risk,65.4,Watchlist,Sufficiently Trained,Recent Manager Transition,Regular Annual Review,1,4,-1.152,-0.189,1.049,Fast-Track Performers
PANW-2015,34,0,Travel_Frequently,560,Research & Development,1,4,Other,4,Male,91,3,1,Research Scientist,1,Divorced,2996,20284,5,No,14,3,3,2,10,2,3,4,3,1,3,0.2,0.6,0.4,0.75,0.6,2,0.091,0.92,2.75,Growth Stage (3-6 yrs),39.1,Medium Risk,68.7,Watchlist,Moderate Development Need,Moderate Manager Continuity,Regular Annual Review,1,4,-0.5,0.586,-0.921,Fast-Track Performers
PANW-2016,31,1,Travel_Rarely,202,Research & Development,8,3,Life Sciences,1,Female,34,2,1,Research Scientist,2,Single,1261,22262,1,No,12,3,3,0,1,3,4,1,0,0,0,0.0,0.0,1.5,0.0,0.0,0,0.5,0.39,2.5,Early Stage (0-2 yrs),7.5,Low Risk,28.9,Already Attrited,Sufficiently Trained,Recent Manager Transition,Exit Analysis & Knowledge Transfer,0,2,-3.803,-0.327,1.107,Early-Career Explorers
PANW-2017,27,0,Travel_Rarely,1377,Research & Development,11,1,Life Sciences,2,Male,91,3,1,Laboratory Technician,1,Married,2099,7679,0,No,14,3,2,0,6,3,4,5,0,1,4,0.167,0.0,0.5,4.0,0.667,-1,0.143,0.65,2.25,Growth Stage (3-6 yrs),14.8,Low Risk,60.2,Watchlist,Sufficiently Trained,Stable Leadership Continuity,Regular Annual Review,4,4,-1.098,-1.911,-0.018,Promotion-Stalled Employees
PANW-2018,36,0,Travel_Rarely,172,Research & Development,4,4,Life Sciences,1,Male,37,2,2,Laboratory Technician,4,Single,5810,22604,1,No,16,3,3,0,10,2,2,10,4,1,8,0.091,0.364,0.182,1.6,0.727,3,0.182,1.79,2.5,Established Stage (7-12 yrs),25.1,Low Risk,60.0,Watchlist,Moderate Development Need,Stable Leadership Continuity,Regular Annual Review,3,1,0.51,-0.816,-0.762,High-Risk Stagnation Profiles
PANW-2019,36,0,Travel_Rarely,329,Sales,16,4,Marketing,3,Female,98,2,2,Sales Executive,1,Married,5647,13494,4,No,13,3,1,2,11,3,2,3,2,0,2,0.0,0.5,0.75,0.667,0.5,2,0.167,0.82,1.75,Growth Stage (3-6 yrs),30.0,Medium Risk,61.8,Watchlist,Sufficiently Trained,Moderate Manager Continuity,Regular Annual Review,1,4,-1.122,-0.359,-0.742,Fast-Track Performers
PANW-2020,47,0,Travel_Rarely,465,Research & Development,1,3,Technical Degree,1,Male,74,3,1,Research Scientist,4,Married,3420,10205,7,No,12,3,3,1,17,2,2,6,5,1,2,0.143,0.714,0.286,0.333,0.286,4,0.056,1.06,2.5,Growth Stage (3-6 yrs),37.0,Medium Risk,68.0,Watchlist,Moderate Development Need,Moderate Manager Continuity,Lateral Role Rotation / New Project,1,4,0.16,0.629,-1.302,Fast-Track Performers
PANW-2021,25,1,Travel_Rarely,383,Sales,9,2,Life Sciences,1,Male,68,2,1,Sales Representative,1,Married,4400,15182,3,No,12,3,1,0,6,2,3,3,2,2,2,0.5,0.5,0.5,0.667,0.5,0,0.143,1.68,1.5,Growth Stage (3-6 yrs),37.0,Medium Risk,39.2,Already Attrited,Moderate Development Need,Moderate Manager Continuity,Exit Analysis & Knowledge Transfer,1,4,-0.85,1.059,0.284,Fast-Track Performers
PANW-2022,37,0,Non-Travel,1413,Research & Development,5,2,Technical Degree,3,Male,84,4,1,Laboratory Technician,3,Single,3500,25470,0,No,14,3,1,0,7,2,1,6,5,1,3,0.143,0.714,0.286,0.5,0.429,4,0.125,1.08,2.0,Growth Stage (3-6 yrs),40.7,Medium Risk,73.0,Immediate Action,Moderate Development Need,Moderate Manager Continuity,Lateral Role Rotation / New Project,1,4,-0.276,1.071,-1.216,Fast-Track Performers
PANW-2023,56,0,Travel_Rarely,1255,Research & Development,1,2,Life Sciences,1,Female,90,3,1,Research Scientist,1,Married,2066,10494,2,No,22,4,4,1,5,3,4,3,2,1,0,0.25,0.5,0.75,0.0,0.0,1,0.167,0.64,2.5,Growth Stage (3-6 yrs),33.5,Medium Risk,73.0,Immediate Action,Sufficiently Trained,Recent Manager Transition,Regular Annual Review,1,4,-1.669,1.055,-0.434,Fast-Track Performers
PANW-2024,47,0,Travel_Rarely,359,Research & Development,2,4,Medical,1,Female,82,3,4,Research Director,3,Married,17169,26703,3,No,19,3,2,2,26,2,4,20,17,5,6,0.238,0.81,0.095,0.333,0.286,12,0.148,1.07,2.5,Veteran Stage (13+ yrs),66.5,High Risk,78.3,Immediate Action,Moderate Development Need,Prolonged Stagnant Manager Dyad,Promotion & Compensation Review,2,1,4.337,0.133,-0.621,Stable Long-Term Contributors
PANW-2025,24,0,Travel_Rarely,1476,Sales,4,1,Medical,4,Female,42,3,2,Sales Executive,3,Married,4162,15211,1,Yes,12,3,3,2,5,3,3,5,4,0,3,0.0,0.667,0.5,0.6,0.5,4,0.333,0.6,3.25,Growth Stage (3-6 yrs),32.9,Medium Risk,66.5,Watchlist,Sufficiently Trained,Moderate Manager Continuity,Lateral Role Rotation / New Project,1,4,-1.0,0.42,-0.663,Fast-Track Performers
PANW-2026,32,0,Travel_Rarely,601,Sales,7,5,Marketing,4,Male,97,3,2,Sales Executive,4,Married,9204,23343,4,No,12,3,3,1,7,3,2,4,3,0,3,0.0,0.6,0.6,0.75,0.6,3,0.25,1.33,3.25,Growth Stage (3-6 yrs),24.4,Low Risk,63.5,Watchlist,Sufficiently Trained,Moderate Manager Continuity,Regular Annual Review,1,4,-1.009,0.057,-0.736,Fast-Track Performers
PANW-2027,34,0,Travel_Rarely,401,Research & Development,1,3,Life Sciences,4,Female,86,2,1,Laboratory Technician,2,Married,3294,3708,5,No,17,3,1,1,7,2,2,5,4,0,2,0.0,0.667,0.333,0.4,0.333,4,0.125,1.02,2.25,Growth Stage (3-6 yrs),36.7,Medium Risk,64.1,Watchlist,Moderate Development Need,Moderate Manager Continuity,Lateral Role Rotation / New Project,1,4,-0.848,0.764,-1.617,Fast-Track Performers
PANW-2028,41,0,Travel_Rarely,1283,Research & Development,5,5,Medical,2,Male,90,4,1,Research Scientist,3,Married,2127,5561,2,Yes,12,3,1,0,7,5,2,4,2,0,3,0.0,0.4,1.0,1.0,0.6,2,0.125,0.66,2.0,Growth Stage (3-6 yrs),20.0,Low Risk,65.8,Watchlist,Sufficiently Trained,Moderate Manager Continuity,Regular Annual Review,1,4,-1.433,-0.253,-0.81,Fast-Track Performers
PANW-2029,40,0,Non-Travel,663,Research & Development,9,4,Other,3,Male,81,3,2,Laboratory Technician,3,Divorced,3975,23099,3,No,11,3,3,2,11,2,4,8,7,0,7,0.0,0.778,0.222,0.875,0.778,7,0.167,1.23,3.25,Established Stage (7-12 yrs),45.1,Medium Risk,70.8,Immediate Action,Moderate Development Need,Stable Leadership Continuity,Lateral Role Rotation / New Project,3,1,0.761,0.255,-1.576,High-Risk Stagnation Profiles
PANW-2030,31,0,Travel_Rarely,326,Sales,8,2,Life Sciences,1,Male,31,3,3,Sales Executive,4,Divorced,10793,8386,1,No,18,3,1,1,13,5,3,13,7,9,9,0.643,0.5,0.357,1.125,0.643,-2,0.214,1.56,2.25,Veteran Stage (13+ yrs),65.9,High Risk,78.1,Immediate Action,Sufficiently Trained,Prolonged Stagnant Manager Dyad,Promotion & Compensation Review,3,0,2.649,0.438,1.682,High-Risk Stagnation Profiles
PANW-2031,46,1,Travel_Rarely,377,Sales,9,3,Marketing,1,Male,52,3,3,Sales Executive,4,Divorced,10096,15986,4,No,11,3,1,1,28,1,4,7,7,4,3,0.5,0.875,0.125,0.375,0.375,3,0.103,1.46,2.5,Established Stage (7-12 yrs),57.8,High Risk,50.2,Already Attrited,High Development Need,Moderate Manager Continuity,Exit Analysis & Knowledge Transfer,3,0,2.2,0.493,0.101,High-Risk Stagnation Profiles
PANW-2032,39,1,Non-Travel,592,Research & Development,2,3,Life Sciences,1,Female,54,2,1,Laboratory Technician,1,Single,3646,17181,2,Yes,23,4,2,0,11,2,4,1,0,0,0,0.0,0.0,1.0,0.0,0.0,0,0.083,1.13,2.0,Early Stage (0-2 yrs),11.2,Low Risk,36.4,Already Attrited,Moderate Development Need,Recent Manager Transition,Exit Analysis & Knowledge Transfer,1,2,-2.419,-0.767,-0.606,Fast-Track Performers
PANW-2033,31,1,Travel_Frequently,1445,Research & Development,1,5,Life Sciences,3,Female,100,4,3,Manufacturing Director,2,Single,7446,8931,1,No,11,3,1,0,10,2,3,10,8,4,7,0.364,0.727,0.182,0.778,0.636,4,0.273,1.02,2.25,Established Stage (7-12 yrs),64.7,High Risk,56.4,Already Attrited,Moderate Development Need,Prolonged Stagnant Manager Dyad,Exit Analysis & Knowledge Transfer,3,1,1.643,0.672,0.304,High-Risk Stagnation Profiles
PANW-2034,45,0,Travel_Rarely,1038,Research & Development,20,3,Medical,2,Male,95,1,3,Healthcare Representative,1,Divorced,10851,19863,2,Yes,18,3,2,1,24,2,3,7,7,0,7,0.0,0.875,0.25,0.875,0.875,7,0.12,1.44,2.0,Established Stage (7-12 yrs),55.0,High Risk,66.8,Watchlist,Moderate Development Need,Stable Leadership Continuity,Lateral Role Rotation / New Project,3,1,1.621,-0.447,-1.783,High-Risk Stagnation Profiles
PANW-2035,31,0,Travel_Rarely,1398,Human Resources,8,2,Medical,4,Female,96,4,1,Human Resources,2,Single,2109,24609,9,No,18,3,4,0,8,3,3,3,2,0,2,0.0,0.5,0.75,0.667,0.5,2,0.111,0.5,3.25,Growth Stage (3-6 yrs),26.2,Low Risk,67.9,Watchlist,Sufficiently Trained,Moderate Manager Continuity,Regular Annual Review,1,4,-1.412,0.156,-1.215,Fast-Track Performers
PANW-2036,31,1,Travel_Frequently,523,Research & Development,2,3,Life Sciences,2,Male,94,3,1,Laboratory Technician,4,Married,3722,21081,6,Yes,13,3,3,1,7,2,1,2,2,2,2,0.667,0.667,0.667,0.667,0.667,0,0.125,1.15,2.5,Early Stage (0-2 yrs),29.9,Low Risk,40.5,Already Attrited,Moderate Development Need,Moderate Manager Continuity,Exit Analysis & Knowledge Transfer,1,4,-0.65,1.589,0.448,Fast-Track Performers
PANW-2037,45,0,Travel_Rarely,1448,Research & Development,29,3,Technical Degree,2,Male,55,3,3,Manufacturing Director,4,Married,9380,14720,4,Yes,18,3,4,2,10,4,4,3,1,1,2,0.25,0.25,1.0,1.0,0.5,0,0.273,1.29,3.5,Growth Stage (3-6 yrs),12.9,Low Risk,59.5,Watchlist,Sufficiently Trained,Moderate Manager Continuity,Regular Annual Review,1,4,-1.237,-0.882,0.725,Fast-Track Performers
PANW-2038,48,0,Travel_Rarely,1221,Sales,7,3,Marketing,3,Male,96,3,2,Sales Executive,1,Divorced,5486,24795,4,No,11,3,1,3,15,3,3,2,2,2,2,0.667,0.667,1.0,0.667,0.667,0,0.125,0.79,2.0,Early Stage (0-2 yrs),41.2,Medium Risk,69.4,Watchlist,Sufficiently Trained,Moderate Manager Continuity,Regular Annual Review,1,1,-0.196,0.796,0.853,Fast-Track Performers
PANW-2039,34,1,Travel_Rarely,1107,Human Resources,9,4,Technical Degree,1,Female,52,3,1,Human Resources,3,Married,2742,3072,1,No,15,3,4,0,2,0,3,2,2,2,2,0.667,0.667,0.0,0.667,0.667,0,0.333,0.65,2.75,Early Stage (0-2 yrs),33.7,Medium Risk,41.8,Already Attrited,Moderate Development Need,Moderate Manager Continuity,Exit Analysis & Knowledge Transfer,1,4,-0.986,2.008,0.672,Fast-Track Performers
PANW-2040,40,0,Non-Travel,218,Research & Development,8,1,Medical,4,Male,55,2,3,Research Director,2,Divorced,13757,25178,2,No,11,3,3,1,16,5,3,9,8,4,8,0.4,0.8,0.5,0.889,0.8,4,0.176,0.86,3.0,Established Stage (7-12 yrs),66.5,High Risk,74.5,Immediate Action,Sufficiently Trained,Prolonged Stagnant Manager Dyad,Promotion & Compensation Review,3,1,2.09,0.468,0.158,High-Risk Stagnation Profiles
PANW-2041,28,0,Travel_Rarely,866,Sales,5,3,Medical,4,Male,84,3,2,Sales Executive,1,Single,8463,23490,0,No,18,3,4,0,6,4,3,5,4,1,3,0.167,0.667,0.667,0.6,0.5,3,0.286,1.22,3.0,Growth Stage (3-6 yrs),43.9,Medium Risk,70.4,Immediate Action,Sufficiently Trained,Moderate Manager Continuity,Lateral Role Rotation / New Project,1,4,-0.739,0.68,-0.366,Fast-Track Performers
PANW-2042,44,0,Non-Travel,981,Research & Development,5,3,Life Sciences,3,Male,90,2,1,Laboratory Technician,3,Single,3162,7973,3,No,14,3,4,0,7,5,3,5,2,0,3,0.0,0.333,0.833,1.0,0.5,2,0.125,0.98,3.25,Growth Stage (3-6 yrs),18.3,Low Risk,57.7,Watchlist,Sufficiently Trained,Moderate Manager Continuity,Regular Annual Review,1,4,-1.362,-0.371,-0.864,Fast-Track Performers
PANW-2043,53,0,Travel_Rarely,447,Research & Development,2,3,Medical,4,Male,39,4,4,Research Director,2,Single,16598,19764,4,No,12,3,2,0,35,2,2,9,8,8,8,0.8,0.8,0.2,0.889,0.8,0,0.111,1.04,2.5,Established Stage (7-12 yrs),80.5,High Risk,86.9,Immediate Action,Moderate Development Need,Prolonged Stagnant Manager Dyad,Promotion & Compensation Review,2,0,4.092,0.015,1.521,Stable Long-Term Contributors
PANW-2044,49,0,Travel_Rarely,1495,Research & Development,5,4,Technical Degree,1,Male,96,3,2,Healthcare Representative,3,Married,6651,21534,2,No,14,3,2,1,20,0,2,3,2,1,2,0.25,0.5,0.0,0.667,0.5,1,0.095,0.88,2.0,Growth Stage (3-6 yrs),26.0,Low Risk,64.1,Watchlist,Moderate Development Need,Moderate Manager Continuity,Upskilling & Training Program,1,4,-0.004,-0.294,-0.612,Fast-Track Performers
PANW-2045,40,0,Travel_Rarely,896,Research & Development,2,3,Medical,3,Male,68,3,1,Research Scientist,3,Divorced,2345,8045,2,No,14,3,3,1,8,3,4,3,1,1,2,0.25,0.25,0.75,1.0,0.5,0,0.111,0.72,3.25,Growth Stage (3-6 yrs),16.6,Low Risk,60.8,Watchlist,Sufficiently Trained,Moderate Manager Continuity,Regular Annual Review,1,4,-1.384,-0.159,-0.098,Fast-Track Performers
PANW-2046,44,0,Travel_Rarely,1467,Research & Development,20,3,Life Sciences,4,Male,49,3,1,Research Scientist,2,Single,3420,21158,1,No,13,3,3,0,6,3,2,5,2,1,3,0.167,0.333,0.5,1.0,0.5,1,0.143,1.06,2.75,Growth Stage (3-6 yrs),25.6,Low Risk,64.0,Watchlist,Sufficiently Trained,Moderate Manager Continuity,Regular Annual Review,1,4,-1.067,0.01,-0.434,Fast-Track Performers
PANW-2047,33,0,Travel_Frequently,430,Sales,7,3,Medical,4,Male,54,3,2,Sales Executive,1,Married,4373,17456,0,No,14,3,1,2,5,2,3,4,3,0,3,0.0,0.6,0.4,0.75,0.6,3,0.333,0.63,2.25,Growth Stage (3-6 yrs),35.6,Medium Risk,67.5,Watchlist,Moderate Development Need,Moderate Manager Continuity,Regular Annual Review,1,4,-1.177,0.227,-0.647,Fast-Track Performers
PANW-2048,34,0,Travel_Rarely,1326,Sales,3,3,Other,4,Male,81,1,2,Sales Executive,1,Single,4759,15891,3,No,18,3,4,0,15,2,3,13,9,3,12,0.214,0.643,0.143,1.2,0.857,6,0.125,0.69,3.0,Veteran Stage (13+ yrs),62.8,High Risk,69.5,Watchlist,Moderate Development Need,Stable Leadership Continuity,Promotion & Compensation Review,3,1,2.474,0.087,-1.02,High-Risk Stagnation Profiles
PANW-2049,30,0,Travel_Rarely,1358,Sales,16,1,Life Sciences,4,Male,96,3,2,Sales Executive,3,Married,5301,2939,8,No,15,3,3,2,4,2,2,2,1,2,2,0.667,0.333,0.667,1.0,0.667,-1,0.4,0.77,3.0,Early Stage (0-2 yrs),22.2,Low Risk,62.8,Watchlist,Moderate Development Need,Moderate Manager Continuity,Regular Annual Review,1,4,-1.412,0.646,1.775,Fast-Track Performers
PANW-2050,42,0,Travel_Frequently,748,Research & Development,9,2,Medical,1,Female,74,3,1,Laboratory Technician,4,Single,3673,16458,1,No,13,3,3,0,12,3,3,12,9,5,8,0.385,0.692,0.231,0.8,0.615,4,0.077,1.13,2.75,Established Stage (7-12 yrs),59.8,High Risk,75.9,Immediate Action,Sufficiently Trained,Prolonged Stagnant Manager Dyad,Lateral Role Rotation / New Project,3,1,2.01,1.198,-0.44,High-Risk Stagnation Profiles
PANW-2051,44,0,Travel_Frequently,383,Sales,1,5,Marketing,1,Female,79,3,2,Sales Executive,3,Married,4768,9282,7,No,12,3,3,1,11,4,2,1,0,0,0,0.0,0.0,2.0,0.0,0.0,0,0.167,0.69,2.25,Early Stage (0-2 yrs),3.8,Low Risk,56.3,Watchlist,Sufficiently Trained,Recent Manager Transition,Regular Annual Review,0,2,-2.706,-1.324,0.567,Early-Career Explorers
PANW-2052,30,0,Non-Travel,990,Research & Development,7,3,Technical Degree,3,Male,64,3,1,Research Scientist,3,Divorced,1274,7152,1,No,13,3,2,2,1,2,2,1,0,0,0,0.0,0.0,1.0,0.0,0.0,0,0.5,0.39,2.5,Early Stage (0-2 yrs),3.8,Low Risk,56.3,Watchlist,Moderate Development Need,Recent Manager Transition,Regular Annual Review,0,2,-3.595,-0.247,0.845,Early-Career Explorers
PANW-2053,57,0,Travel_Rarely,405,Research & Development,1,2,Life Sciences,2,Male,93,4,2,Research Scientist,3,Married,4900,2721,0,No,24,4,1,1,13,2,2,12,9,2,8,0.154,0.692,0.154,0.8,0.615,7,0.143,1.51,2.0,Established Stage (7-12 yrs),53.0,Medium Risk,83.6,Immediate Action,Moderate Development Need,Stable Leadership Continuity,Lateral Role Rotation / New Project,3,0,1.679,0.462,-1.374,High-Risk Stagnation Profiles
PANW-2054,49,0,Travel_Rarely,1490,Research & Development,7,4,Life Sciences,3,Male,35,3,3,Healthcare Representative,2,Divorced,10466,20948,3,No,14,3,2,2,29,3,3,8,7,0,7,0.0,0.778,0.333,0.875,0.778,7,0.1,1.39,2.5,Established Stage (7-12 yrs),48.8,Medium Risk,72.1,Immediate Action,Sufficiently Trained,Stable Leadership Continuity,Lateral Role Rotation / New Project,3,1,1.836,-0.965,-1.565,High-Risk Stagnation Profiles
PANW-2055,34,0,Travel_Frequently,829,Research & Development,15,3,Medical,2,Male,71,3,4,Research Director,1,Divorced,17007,11929,7,No,14,3,4,2,16,3,2,14,8,6,9,0.4,0.533,0.2,1.0,0.6,2,0.235,1.06,2.25,Veteran Stage (13+ yrs),70.6,High Risk,79.7,Immediate Action,Sufficiently Trained,Prolonged Stagnant Manager Dyad,Promotion & Compensation Review,2,1,2.765,-0.407,0.882,Stable Long-Term Contributors
PANW-2056,28,1,Travel_Frequently,1496,Sales,1,3,Technical Degree,1,Male,92,3,1,Sales Representative,3,Married,2909,15747,3,No,15,3,4,1,5,3,4,3,2,1,2,0.25,0.5,0.75,0.667,0.5,1,0.167,1.11,3.0,Growth Stage (3-6 yrs),26.0,Low Risk,39.1,Already Attrited,Sufficiently Trained,Moderate Manager Continuity,Exit Analysis & Knowledge Transfer,1,4,-1.345,0.699,-0.297,Fast-Track Performers
PANW-2057,29,1,Travel_Frequently,115,Sales,13,3,Technical Degree,1,Female,51,3,2,Sales Executive,2,Single,5765,17485,5,No,11,3,1,0,7,4,1,5,3,0,0,0.0,0.5,0.667,0.0,0.0,3,0.25,0.83,1.25,Growth Stage (3-6 yrs),29.4,Low Risk,40.3,Already Attrited,Sufficiently Trained,Recent Manager Transition,Exit Analysis & Knowledge Transfer,1,4,-1.462,0.154,-0.49,Fast-Track Performers
PANW-2058,34,1,Travel_Rarely,790,Sales,24,4,Medical,1,Female,40,2,2,Sales Executive,2,Single,4599,7815,0,Yes,23,4,3,0,16,2,4,15,9,10,10,0.625,0.562,0.125,1.0,0.625,-1,0.118,0.66,2.5,Veteran Stage (13+ yrs),81.6,High Risk,61.1,Already Attrited,Moderate Development Need,Prolonged Stagnant Manager Dyad,Exit Analysis & Knowledge Transfer,2,0,3.363,0.931,0.954,Stable Long-Term Contributors
PANW-2059,35,0,Travel_Rarely,660,Sales,7,1,Life Sciences,4,Male,76,3,1,Sales Representative,3,Married,2404,16192,1,No,13,3,1,1,1,3,3,1,0,0,0,0.0,0.0,1.5,0.0,0.0,0,0.5,0.92,2.75,Early Stage (0-2 yrs),3.8,Low Risk,56.3,Watchlist,Sufficiently Trained,Recent Manager Transition,Regular Annual Review,0,2,-3.807,-0.317,1.08,Early-Career Explorers
PANW-2060,24,1,Travel_Frequently,381,Research & Development,9,3,Medical,2,Male,89,3,1,Laboratory Technician,1,Single,3172,16998,2,Yes,11,3,3,0,4,2,2,0,0,0,0,0.0,0.0,2.0,0.0,0.0,0,0.2,0.98,2.0,Early Stage (0-2 yrs),11.2,Low Risk,33.9,Already Attrited,Moderate Development Need,Recent Manager Transition,Exit Analysis & Knowledge Transfer,0,2,-3.373,-0.618,0.497,Early-Career Explorers
PANW-2061,24,0,Non-Travel,830,Sales,13,2,Life Sciences,4,Female,78,3,1,Sales Representative,2,Married,2033,7103,1,No,13,3,3,1,1,2,3,1,0,0,0,0.0,0.0,1.0,0.0,0.0,0,0.5,0.77,3.0,Early Stage (0-2 yrs),7.5,Low Risk,57.6,Watchlist,Moderate Development Need,Recent Manager Transition,Regular Annual Review,0,2,-3.595,-0.247,0.845,Early-Career Explorers
PANW-2062,44,0,Travel_Frequently,1193,Research & Development,2,1,Medical,2,Male,86,3,3,Manufacturing Director,3,Single,10209,19719,5,Yes,18,3,2,0,16,2,2,2,2,2,2,0.667,0.667,0.667,0.667,0.667,0,0.176,1.4,2.25,Early Stage (0-2 yrs),33.7,Medium Risk,66.8,Watchlist,Moderate Development Need,Moderate Manager Continuity,Regular Annual Review,1,1,0.107,0.537,0.828,Fast-Track Performers
PANW-2063,29,0,Travel_Rarely,1246,Sales,19,3,Life Sciences,3,Male,77,2,2,Sales Executive,3,Divorced,8620,23757,1,No,14,3,3,2,10,3,3,10,7,0,4,0.0,0.636,0.273,0.5,0.364,7,0.182,1.24,3.0,Established Stage (7-12 yrs),41.5,Medium Risk,65.8,Watchlist,Sufficiently Trained,Stable Leadership Continuity,Lateral Role Rotation / New Project,3,1,0.301,0.195,-1.353,High-Risk Stagnation Profiles
PANW-2064,30,0,Travel_Rarely,330,Human Resources,1,3,Life Sciences,3,Male,46,3,1,Human Resources,3,Divorced,2064,15428,0,No,21,4,1,1,6,3,4,5,3,1,3,0.167,0.5,0.5,0.75,0.5,2,0.143,0.49,2.75,Growth Stage (3-6 yrs),29.1,Low Risk,71.4,Immediate Action,Sufficiently Trained,Moderate Manager Continuity,Regular Annual Review,1,4,-0.886,0.575,-0.877,Fast-Track Performers
PANW-2065,55,0,Travel_Rarely,1229,Research & Development,4,4,Life Sciences,4,Male,30,3,2,Healthcare Representative,3,Married,4035,16143,0,Yes,16,3,2,0,4,2,3,3,2,1,2,0.25,0.5,0.5,0.667,0.5,1,0.4,0.54,3.0,Growth Stage (3-6 yrs),26.0,Low Risk,64.1,Watchlist,Moderate Development Need,Moderate Manager Continuity,Regular Annual Review,1,4,-1.484,0.525,0.403,Fast-Track Performers
PANW-2066,33,0,Travel_Rarely,1099,Research & Development,4,4,Medical,1,Female,82,2,1,Laboratory Technician,2,Married,3838,8192,8,No,11,3,4,0,8,5,3,5,4,0,2,0.0,0.667,0.833,0.4,0.333,4,0.111,1.19,2.5,Growth Stage (3-6 yrs),36.7,Medium Risk,64.1,Watchlist,Sufficiently Trained,Moderate Manager Continuity,Lateral Role Rotation / New Project,1,4,-0.964,0.584,-1.26,Fast-Track Performers
PANW-2067,47,0,Travel_Rarely,571,Sales,14,3,Medical,3,Female,78,3,2,Sales Executive,3,Married,4591,24200,3,Yes,17,3,3,1,11,4,2,5,4,1,2,0.167,0.667,0.667,0.4,0.333,3,0.167,0.66,2.75,Growth Stage (3-6 yrs),36.4,Medium Risk,67.7,Watchlist,Sufficiently Trained,Moderate Manager Continuity,Lateral Role Rotation / New Project,1,4,-0.426,0.487,-0.645,Fast-Track Performers
PANW-2068,28,1,Travel_Frequently,289,Research & Development,2,2,Medical,3,Male,38,2,1,Laboratory Technician,1,Single,2561,5355,7,No,11,3,3,0,8,2,2,0,0,0,0,0.0,0.0,2.0,0.0,0.0,0,0.111,0.79,2.25,Early Stage (0-2 yrs),11.2,Low Risk,30.2,Already Attrited,Moderate Development Need,Recent Manager Transition,Exit Analysis & Knowledge Transfer,0,2,-3.034,-0.84,0.252,Early-Career Explorers
PANW-2069,28,0,Travel_Rarely,1423,Research & Development,1,3,Life Sciences,1,Male,72,2,1,Research Scientist,3,Divorced,1563,12530,1,No,14,3,4,1,1,2,1,1,0,0,0,0.0,0.0,1.0,0.0,0.0,0,0.5,0.48,2.25,Early Stage (0-2 yrs),3.8,Low Risk,52.6,Watchlist,Moderate Development Need,Recent Manager Transition,Regular Annual Review,0,2,-3.6,-0.238,0.818,Early-Career Explorers
PANW-2070,28,0,Travel_Frequently,467,Sales,7,3,Life Sciences,3,Male,55,3,2,Sales Executive,1,Single,4898,11827,0,No,14,3,4,0,5,5,3,4,2,1,3,0.2,0.4,1.0,1.0,0.6,1,0.333,0.71,2.75,Growth Stage (3-6 yrs),31.0,Medium Risk,65.8,Watchlist,Sufficiently Trained,Moderate Manager Continuity,Regular Annual Review,1,4,-1.426,-0.075,0.484,Fast-Track Performers
PANW-2071,49,0,Travel_Rarely,271,Research & Development,3,2,Medical,3,Female,43,2,2,Laboratory Technician,1,Married,4789,23070,4,No,25,4,1,1,10,3,3,3,2,1,2,0.25,0.5,0.75,0.667,0.5,1,0.182,1.48,2.0,Growth Stage (3-6 yrs),33.5,Medium Risk,69.2,Watchlist,Sufficiently Trained,Moderate Manager Continuity,Regular Annual Review,1,4,-0.959,0.216,-0.335,Fast-Track Performers
PANW-2072,29,0,Travel_Frequently,410,Research & Development,2,1,Life Sciences,4,Female,97,3,1,Laboratory Technician,2,Married,3180,4668,0,No,13,3,3,3,4,3,3,3,2,0,2,0.0,0.5,0.75,0.667,0.5,2,0.2,0.98,3.0,Growth Stage (3-6 yrs),26.2,Low Risk,64.2,Watchlist,Sufficiently Trained,Moderate Manager Continuity,Regular Annual Review,1,4,-1.729,0.33,-0.837,Fast-Track Performers
PANW-2073,28,0,Travel_Rarely,1083,Research & Development,29,1,Life Sciences,3,Male,96,1,2,Manufacturing Director,2,Married,6549,3173,1,No,14,3,2,2,8,2,2,8,6,1,7,0.111,0.667,0.222,1.0,0.778,5,0.222,0.9,2.25,Established Stage (7-12 yrs),46.4,Medium Risk,63.7,Watchlist,Moderate Development Need,Stable Leadership Continuity,Lateral Role Rotation / New Project,3,1,0.515,0.325,-0.944,High-Risk Stagnation Profiles
PANW-2074,33,0,Travel_Rarely,516,Research & Development,8,5,Life Sciences,4,Male,69,3,2,Healthcare Representative,3,Single,6388,22049,2,Yes,17,3,1,0,14,6,3,0,0,0,0,0.0,0.0,6.0,0.0,0.0,0,0.133,0.85,2.75,Early Stage (0-2 yrs),3.8,Low Risk,56.3,Watchlist,Sufficiently Trained,Recent Manager Transition,Regular Annual Review,0,2,-4.297,-1.969,2.227,Early-Career Explorers
PANW-2075,32,0,Travel_Rarely,495,Research & Development,10,3,Medical,3,Male,64,3,3,Manager,4,Single,11244,21072,2,No,25,4,2,0,10,5,4,5,2,0,0,0.0,0.333,0.833,0.0,0.0,2,0.273,0.65,3.25,Growth Stage (3-6 yrs),14.6,Low Risk,66.4,Watchlist,Sufficiently Trained,Recent Manager Transition,Regular Annual Review,1,4,-1.511,-0.611,-0.31,Fast-Track Performers
PANW-2076,54,0,Travel_Frequently,1050,Research & Development,11,4,Medical,2,Female,87,3,4,Manager,4,Divorced,16032,24456,3,No,20,4,1,1,26,2,3,14,9,1,12,0.067,0.6,0.133,1.2,0.8,8,0.148,0.93,2.5,Veteran Stage (13+ yrs),43.5,Medium Risk,76.5,Immediate Action,Moderate Development Need,Stable Leadership Continuity,Lateral Role Rotation / New Project,2,1,3.101,-1.522,-1.219,Stable Long-Term Contributors
PANW-2077,29,1,Travel_Rarely,224,Research & Development,1,4,Technical Degree,1,Male,100,2,1,Research Scientist,1,Single,2362,7568,6,No,13,3,3,0,11,2,1,9,7,0,7,0.0,0.7,0.2,0.875,0.7,7,0.083,0.73,1.5,Established Stage (7-12 yrs),50.6,Medium Risk,44.0,Already Attrited,Moderate Development Need,Stable Leadership Continuity,Exit Analysis & Knowledge Transfer,3,1,0.673,0.409,-1.959,High-Risk Stagnation Profiles
PANW-2078,44,0,Travel_Rarely,136,Research & Development,28,3,Life Sciences,4,Male,32,3,4,Research Director,1,Married,16328,22074,3,No,13,3,3,1,24,1,4,20,6,14,17,0.667,0.286,0.048,2.429,0.81,-8,0.16,1.02,3.0,Veteran Stage (13+ yrs),72.2,High Risk,80.3,Immediate Action,High Development Need,Prolonged Stagnant Manager Dyad,Promotion & Compensation Review,2,0,5.326,-1.49,2.67,Stable Long-Term Contributors
PANW-2079,39,0,Travel_Rarely,1089,Research & Development,6,3,Life Sciences,2,Female,32,3,3,Manufacturing Director,2,Single,8376,9150,4,No,18,3,4,0,9,3,3,2,0,2,2,0.667,0.0,1.0,2.0,0.667,-2,0.3,1.15,2.75,Early Stage (0-2 yrs),14.5,Low Risk,60.1,Watchlist,Sufficiently Trained,Moderate Manager Continuity,Regular Annual Review,1,4,-1.182,-1.086,2.163,Fast-Track Performers
PANW-2080,46,0,Travel_Rarely,228,Sales,3,3,Life Sciences,3,Female,51,3,4,Manager,2,Married,16606,11380,8,No,12,3,4,1,23,2,4,13,12,5,1,0.357,0.857,0.143,0.077,0.071,7,0.167,0.97,3.25,Veteran Stage (13+ yrs),71.4,High Risk,80.0,Immediate Action,Moderate Development Need,Recent Manager Transition,Promotion & Compensation Review,3,0,2.761,0.542,0.148,High-Risk Stagnation Profiles
PANW-2081,35,0,Travel_Rarely,1029,Research & Development,16,3,Life Sciences,4,Female,91,2,3,Healthcare Representative,2,Single,8606,21195,1,No,19,3,4,0,11,3,1,11,8,3,3,0.25,0.667,0.25,0.333,0.25,5,0.25,1.14,2.75,Established Stage (7-12 yrs),59.7,High Risk,72.1,Immediate Action,Sufficiently Trained,Moderate Manager Continuity,Lateral Role Rotation / New Project,3,0,1.013,0.57,-0.172,High-Risk Stagnation Profiles
PANW-2082,23,0,Travel_Rarely,507,Research & Development,20,1,Life Sciences,1,Male,97,3,2,Laboratory Technician,3,Single,2272,24812,0,No,14,3,2,0,5,2,3,4,3,1,2,0.2,0.6,0.4,0.5,0.4,2,0.333,0.7,2.25,Growth Stage (3-6 yrs),31.6,Medium Risk,66.1,Watchlist,Moderate Development Need,Moderate Manager Continuity,Regular Annual Review,1,4,-1.063,0.678,-0.042,Fast-Track Performers
PANW-2083,40,1,Travel_Rarely,676,Research & Development,9,4,Life Sciences,4,Male,86,3,1,Laboratory Technician,1,Single,2018,21831,3,No,14,3,2,0,15,3,1,5,4,1,0,0.167,0.667,0.5,0.0,0.0,3,0.062,0.62,2.0,Growth Stage (3-6 yrs),43.9,Medium Risk,45.4,Already Attrited,Sufficiently Trained,Recent Manager Transition,Exit Analysis & Knowledge Transfer,1,4,-0.482,0.785,-1.052,Fast-Track Performers
PANW-2084,34,0,Travel_Rarely,971,Sales,1,3,Technical Degree,4,Male,64,2,3,Sales Executive,3,Married,7083,12288,1,Yes,14,3,4,0,10,3,3,10,9,8,6,0.727,0.818,0.273,0.6,0.545,1,0.273,1.02,3.5,Established Stage (7-12 yrs),77.2,High Risk,78.3,Immediate Action,Sufficiently Trained,Prolonged Stagnant Manager Dyad,Promotion & Compensation Review,3,0,2.325,1.742,1.552,High-Risk Stagnation Profiles
PANW-2085,31,1,Travel_Frequently,561,Research & Development,3,3,Life Sciences,4,Female,33,3,1,Research Scientist,3,Single,4084,4156,1,No,12,3,1,0,7,2,1,7,2,7,7,0.875,0.25,0.25,2.333,0.875,-5,0.125,1.26,2.25,Established Stage (7-12 yrs),40.8,Medium Risk,44.3,Already Attrited,Moderate Development Need,Prolonged Stagnant Manager Dyad,Exit Analysis & Knowledge Transfer,3,0,0.905,0.503,1.878,High-Risk Stagnation Profiles
PANW-2086,50,0,Travel_Frequently,333,Research & Development,22,5,Medical,3,Male,88,1,4,Research Director,4,Single,14411,24450,1,Yes,13,3,4,0,32,2,3,32,6,13,9,0.394,0.182,0.061,1.286,0.273,-7,0.121,0.9,3.5,Veteran Stage (13+ yrs),58.3,High Risk,67.9,Watchlist,Moderate Development Need,Prolonged Stagnant Manager Dyad,Manager Mentorship & Skip-Level Check-in,2,0,5.134,-2.267,2.192,Stable Long-Term Contributors
PANW-2087,34,0,Travel_Rarely,1440,Sales,7,2,Technical Degree,2,Male,55,3,1,Sales Representative,3,Married,2308,4944,0,Yes,25,4,2,1,12,4,3,11,10,5,7,0.417,0.833,0.333,0.636,0.583,5,0.077,0.88,2.5,Established Stage (7-12 yrs),67.1,High Risk,84.7,Immediate Action,Sufficiently Trained,Prolonged Stagnant Manager Dyad,Promotion & Compensation Review,3,0,1.971,1.795,-0.822,High-Risk Stagnation Profiles
PANW-2088,42,0,Travel_Rarely,1210,Research & Development,2,3,Medical,3,Male,68,2,1,Laboratory Technician,2,Married,4841,24052,4,No,14,3,2,1,4,3,3,1,0,0,0,0.0,0.0,1.5,0.0,0.0,0,0.2,1.5,2.5,Early Stage (0-2 yrs),7.5,Low Risk,53.9,Watchlist,Sufficiently Trained,Recent Manager Transition,Regular Annual Review,0,2,-3.11,-0.546,0.184,Early-Career Explorers
PANW-2089,37,0,Travel_Rarely,674,Research & Development,13,3,Medical,1,Male,47,3,2,Research Scientist,4,Married,4285,3031,1,No,17,3,1,0,10,2,3,10,8,3,7,0.273,0.727,0.182,0.778,0.636,5,0.182,1.32,2.25,Established Stage (7-12 yrs),53.7,Medium Risk,73.8,Immediate Action,Moderate Development Need,Stable Leadership Continuity,Lateral Role Rotation / New Project,3,0,1.372,0.859,-0.639,High-Risk Stagnation Profiles
PANW-2090,29,0,Travel_Rarely,441,Research & Development,8,1,Other,3,Female,39,1,2,Healthcare Representative,1,Married,9715,7288,3,No,13,3,3,1,9,3,3,7,7,0,7,0.0,0.875,0.375,0.875,0.875,7,0.2,1.29,2.5,Established Stage (7-12 yrs),55.0,High Risk,66.8,Watchlist,Sufficiently Trained,Stable Leadership Continuity,Lateral Role Rotation / New Project,3,1,0.556,0.58,-1.579,High-Risk Stagnation Profiles
PANW-2091,33,0,Travel_Rarely,575,Research & Development,25,3,Life Sciences,4,Male,44,2,2,Manufacturing Director,2,Single,4320,24152,1,No,13,3,4,0,5,2,3,5,3,0,2,0.0,0.5,0.333,0.5,0.333,3,0.333,0.59,3.25,Growth Stage (3-6 yrs),29.4,Low Risk,61.5,Watchlist,Moderate Development Need,Moderate Manager Continuity,Regular Annual Review,1,4,-1.299,0.115,-0.513,Fast-Track Performers
PANW-2092,45,0,Travel_Rarely,950,Research & Development,28,3,Technical Degree,4,Male,97,3,1,Research Scientist,4,Married,2132,4585,4,No,20,4,4,1,8,3,3,5,4,0,3,0.0,0.667,0.5,0.6,0.5,4,0.111,0.66,3.75,Growth Stage (3-6 yrs),29.2,Low Risk,71.5,Immediate Action,Sufficiently Trained,Moderate Manager Continuity,Lateral Role Rotation / New Project,1,4,-0.732,0.621,-1.68,Fast-Track Performers
PANW-2093,42,0,Travel_Frequently,288,Research & Development,2,3,Life Sciences,4,Male,40,3,3,Healthcare Representative,4,Married,10124,18611,2,Yes,14,3,3,1,24,3,1,20,8,13,9,0.619,0.381,0.143,1.0,0.429,-5,0.12,1.34,3.0,Veteran Stage (13+ yrs),69.5,High Risk,79.3,Immediate Action,Sufficiently Trained,Prolonged Stagnant Manager Dyad,Promotion & Compensation Review,2,0,4.241,-0.274,2.151,Stable Long-Term Contributors
PANW-2094,40,0,Travel_Rarely,1342,Sales,9,2,Medical,1,Male,47,3,2,Sales Executive,1,Married,5473,19345,0,No,12,3,4,0,9,5,4,8,4,7,1,0.778,0.444,0.556,0.2,0.111,-3,0.2,0.79,2.5,Established Stage (7-12 yrs),59.4,High Risk,75.8,Immediate Action,Sufficiently Trained,Recent Manager Transition,Regular Annual Review,1,0,0.44,1.313,2.053,Fast-Track Performers
PANW-2095,33,0,Travel_Rarely,589,Research & Development,28,4,Life Sciences,2,Male,79,3,2,Laboratory Technician,3,Married,5207,22949,1,Yes,12,3,2,1,15,3,3,15,14,5,7,0.312,0.875,0.188,0.467,0.438,9,0.125,1.61,2.5,Veteran Stage (13+ yrs),68.1,High Risk,78.8,Immediate Action,Sufficiently Trained,Prolonged Stagnant Manager Dyad,Promotion & Compensation Review,3,1,2.998,1.366,-0.656,High-Risk Stagnation Profiles
PANW-2096,40,0,Travel_Rarely,898,Human Resources,6,2,Medical,3,Male,38,3,4,Manager,4,Single,16437,17381,1,Yes,21,4,4,0,21,2,3,21,7,7,7,0.318,0.318,0.091,0.875,0.318,0,0.182,0.96,3.5,Veteran Stage (13+ yrs),54.3,Medium Risk,80.3,Immediate Action,Moderate Development Need,Prolonged Stagnant Manager Dyad,Manager Mentorship & Skip-Level Check-in,2,0,3.075,-1.24,0.843,Stable Long-Term Contributors
PANW-2097,24,0,Travel_Rarely,350,Research & Development,21,2,Technical Degree,3,Male,57,2,1,Laboratory Technician,1,Divorced,2296,10036,0,No,14,3,2,3,2,3,3,1,1,0,0,0.0,0.5,1.5,0.0,0.0,1,0.333,0.71,2.25,Early Stage (0-2 yrs),26.9,Low Risk,60.7,Watchlist,Sufficiently Trained,Recent Manager Transition,Regular Annual Review,0,4,-2.921,0.652,-0.041,Early-Career Explorers
PANW-2098,40,0,Non-Travel,1142,Research & Development,8,2,Life Sciences,4,Male,72,3,2,Healthcare Representative,4,Divorced,4069,8841,3,Yes,18,3,3,0,8,2,3,2,2,2,2,0.667,0.667,0.667,0.667,0.667,0,0.222,0.54,3.5,Early Stage (0-2 yrs),29.9,Low Risk,65.5,Watchlist,Moderate Development Need,Moderate Manager Continuity,Regular Annual Review,1,4,-0.567,1.278,0.768,Fast-Track Performers
PANW-2099,45,0,Travel_Rarely,538,Research & Development,1,4,Technical Degree,1,Male,66,3,3,Healthcare Representative,2,Divorced,7441,20933,1,No,12,3,1,3,10,4,3,10,8,7,7,0.636,0.727,0.364,0.778,0.636,1,0.273,0.99,1.75,Established Stage (7-12 yrs),75.2,High Risk,81.3,Immediate Action,Sufficiently Trained,Prolonged Stagnant Manager Dyad,Promotion & Compensation Review,3,0,2.07,1.198,1.416,High-Risk Stagnation Profiles
PANW-2100,35,0,Travel_Rarely,1402,Sales,28,4,Life Sciences,2,Female,98,2,1,Sales Representative,3,Married,2430,26204,0,No,23,4,1,2,6,5,3,5,3,4,2,0.667,0.5,0.833,0.5,0.333,-1,0.143,0.93,2.25,Growth Stage (3-6 yrs),39.6,Medium Risk,71.4,Immediate Action,Sufficiently Trained,Moderate Manager Continuity,Regular Annual Review,1,4,-0.495,1.529,0.783,Fast-Track Performers
PANW-2101,32,0,Travel_Rarely,824,Research & Development,5,2,Life Sciences,4,Female,67,2,2,Research Scientist,2,Married,5878,15624,3,No,12,3,1,1,12,2,3,7,1,2,5,0.25,0.125,0.25,2.5,0.625,-1,0.154,1.81,2.5,Established Stage (7-12 yrs),20.8,Low Risk,58.5,Watchlist,Moderate Development Need,Stable Leadership Continuity,Regular Annual Review,1,4,-0.071,-1.552,0.263,Fast-Track Performers
PANW-2102,36,0,Travel_Rarely,1157,Sales,2,4,Life Sciences,3,Male,70,3,1,Sales Representative,4,Single,2644,17001,3,Yes,21,4,4,0,7,3,2,3,2,1,2,0.25,0.5,0.75,0.667,0.5,1,0.125,1.01,3.25,Growth Stage (3-6 yrs),22.2,Low Risk,69.0,Watchlist,Sufficiently Trained,Moderate Manager Continuity,Regular Annual Review,1,4,-1.207,0.646,-0.572,Fast-Track Performers
PANW-2103,48,0,Travel_Rarely,492,Sales,16,4,Life Sciences,3,Female,96,3,2,Sales Executive,3,Divorced,6439,13693,8,No,14,3,3,1,18,2,3,8,7,7,7,0.778,0.778,0.222,0.875,0.778,0,0.105,0.93,3.0,Established Stage (7-12 yrs),69.6,High Risk,79.4,Immediate Action,Moderate Development Need,Prolonged Stagnant Manager Dyad,Promotion & Compensation Review,3,0,2.454,1.395,0.949,High-Risk Stagnation Profiles
PANW-2104,29,0,Travel_Rarely,598,Research & Development,9,3,Life Sciences,3,Male,91,4,1,Research Scientist,3,Married,2451,22376,6,No,18,3,1,2,5,2,2,1,0,0,0,0.0,0.0,1.0,0.0,0.0,0,0.167,0.76,2.25,Early Stage (0-2 yrs),3.8,Low Risk,60.1,Watchlist,Moderate Development Need,Recent Manager Transition,Regular Annual Review,0,2,-2.81,-0.497,-0.25,Early-Career Explorers
PANW-2105,33,0,Travel_Rarely,1242,Sales,8,4,Life Sciences,1,Male,46,3,2,Sales Executive,1,Married,6392,10589,2,No,13,3,4,1,8,6,1,2,2,2,2,0.667,0.667,2.0,0.667,0.667,0,0.222,0.92,1.75,Early Stage (0-2 yrs),41.2,Medium Risk,69.4,Watchlist,Sufficiently Trained,Moderate Manager Continuity,Regular Annual Review,1,4,-1.11,1.044,1.527,Fast-Track Performers
PANW-2106,30,1,Travel_Rarely,740,Sales,1,3,Life Sciences,2,Male,64,2,2,Sales Executive,1,Married,9714,5323,1,No,11,3,4,1,10,4,3,10,8,6,7,0.545,0.727,0.364,0.778,0.636,2,0.182,1.4,2.5,Established Stage (7-12 yrs),75.4,High Risk,52.6,Already Attrited,Sufficiently Trained,Prolonged Stagnant Manager Dyad,Exit Analysis & Knowledge Transfer,3,1,1.83,1.319,0.66,High-Risk Stagnation Profiles
PANW-2107,38,0,Travel_Frequently,888,Human Resources,10,4,Human Resources,3,Male,71,3,2,Human Resources,3,Married,6077,14814,3,No,11,3,3,0,10,2,3,6,3,1,2,0.143,0.429,0.286,0.5,0.286,2,0.182,1.43,3.0,Growth Stage (3-6 yrs),27.4,Low Risk,64.6,Watchlist,Moderate Development Need,Moderate Manager Continuity,Regular Annual Review,1,4,-0.557,-0.099,-0.363,Fast-Track Performers
PANW-2108,35,0,Travel_Rarely,992,Research & Development,1,3,Medical,4,Male,68,2,1,Laboratory Technician,1,Single,2450,21731,1,No,19,3,2,0,3,3,3,3,0,1,2,0.25,0.0,0.75,2.0,0.5,-1,0.25,0.76,2.5,Growth Stage (3-6 yrs),14.8,Low Risk,56.4,Watchlist,Sufficiently Trained,Moderate Manager Continuity,Regular Annual Review,1,4,-2.081,-0.761,0.485,Fast-Track Performers
PANW-2109,30,0,Travel_Rarely,1288,Sales,29,4,Technical Degree,3,Male,33,3,3,Sales Executive,2,Married,9250,17799,3,No,12,3,2,1,9,3,3,4,2,1,3,0.2,0.4,0.6,1.0,0.6,1,0.3,1.34,2.5,Growth Stage (3-6 yrs),27.2,Low Risk,64.5,Watchlist,Sufficiently Trained,Moderate Manager Continuity,Regular Annual Review,1,4,-0.767,-0.582,0.432,Fast-Track Performers
PANW-2110,35,1,Travel_Rarely,104,Research & Development,2,3,Life Sciences,1,Female,69,3,1,Laboratory Technician,1,Divorced,2074,26619,1,Yes,12,3,4,1,1,2,3,1,0,0,0,0.0,0.0,1.0,0.0,0.0,0,0.5,0.64,2.25,Early Stage (0-2 yrs),11.2,Low Risk,33.9,Already Attrited,Moderate Development Need,Recent Manager Transition,Exit Analysis & Knowledge Transfer,0,2,-3.591,-0.257,0.871,Early-Career Explorers
PANW-2111,53,1,Travel_Rarely,607,Research & Development,2,5,Technical Degree,3,Female,78,2,3,Manufacturing Director,4,Married,10169,14618,0,No,16,3,2,1,34,4,3,33,7,1,9,0.029,0.206,0.118,1.125,0.265,6,0.086,1.39,3.0,Veteran Stage (13+ yrs),30.5,Medium Risk,36.9,Already Attrited,Sufficiently Trained,Stable Leadership Continuity,Exit Analysis & Knowledge Transfer,2,1,3.669,-3.003,-0.881,Stable Long-Term Contributors
PANW-2112,38,1,Travel_Rarely,903,Research & Development,2,3,Medical,3,Male,81,3,2,Manufacturing Director,2,Married,4855,7653,4,No,11,3,1,2,7,2,3,5,2,1,4,0.167,0.333,0.333,1.333,0.667,1,0.25,0.67,2.25,Growth Stage (3-6 yrs),25.6,Low Risk,39.0,Already Attrited,Moderate Development Need,Stable Leadership Continuity,Exit Analysis & Knowledge Transfer,1,4,-0.755,-0.484,-0.002,Fast-Track Performers
PANW-2113,32,0,Non-Travel,1200,Research & Development,1,4,Technical Degree,4,Male,62,3,2,Research Scientist,1,Married,4087,25174,4,No,14,3,2,1,9,3,2,6,5,1,2,0.143,0.714,0.429,0.333,0.286,4,0.2,1.26,2.25,Growth Stage (3-6 yrs),48.2,Medium Risk,71.9,Immediate Action,Sufficiently Trained,Moderate Manager Continuity,Lateral Role Rotation / New Project,1,4,-0.274,0.72,-0.732,Fast-Track Performers
PANW-2114,48,0,Travel_Rarely,1108,Research & Development,15,4,Other,3,Female,65,3,1,Research Scientist,1,Married,2367,16530,8,No,12,3,4,1,10,3,2,8,2,7,6,0.778,0.222,0.333,2.0,0.667,-5,0.091,0.73,2.5,Established Stage (7-12 yrs),47.6,Medium Risk,71.7,Immediate Action,Sufficiently Trained,Prolonged Stagnant Manager Dyad,Manager Mentorship & Skip-Level Check-in,3,0,0.885,0.259,1.682,High-Risk Stagnation Profiles
PANW-2115,34,0,Travel_Rarely,479,Research & Development,7,4,Medical,1,Male,35,3,1,Research Scientist,4,Single,2972,22061,1,No,13,3,3,0,1,4,1,1,0,0,0,0.0,0.0,2.0,0.0,0.0,0,0.5,0.92,2.25,Early Stage (0-2 yrs),0.0,Low Risk,55.0,Watchlist,Sufficiently Trained,Recent Manager Transition,Regular Annual Review,0,2,-4.019,-0.388,1.315,Early-Career Explorers
PANW-2116,55,0,Travel_Rarely,685,Sales,26,5,Marketing,3,Male,60,2,5,Manager,4,Married,19586,23037,1,No,21,4,3,1,36,3,3,36,6,2,13,0.054,0.162,0.081,1.857,0.351,4,0.135,1.14,3.25,Veteran Stage (13+ yrs),29.8,Low Risk,67.9,Watchlist,Sufficiently Trained,Stable Leadership Continuity,Regular Annual Review,2,1,4.837,-4.209,-0.341,Stable Long-Term Contributors
PANW-2117,34,0,Travel_Rarely,1351,Research & Development,1,4,Life Sciences,2,Male,45,3,2,Research Scientist,4,Married,5484,13008,9,No,17,3,2,1,9,3,2,2,2,2,1,0.667,0.667,1.0,0.333,0.333,0,0.2,1.69,2.5,Early Stage (0-2 yrs),29.9,Low Risk,65.5,Watchlist,Sufficiently Trained,Recent Manager Transition,Regular Annual Review,1,4,-0.766,1.312,0.914,Fast-Track Performers
PANW-2118,26,0,Travel_Rarely,474,Research & Development,3,3,Life Sciences,1,Female,89,3,1,Research Scientist,4,Married,2061,11133,1,No,21,4,1,0,1,5,3,1,0,0,0,0.0,0.0,2.5,0.0,0.0,0,0.5,0.64,2.25,Early Stage (0-2 yrs),0.0,Low Risk,61.2,Watchlist,Sufficiently Trained,Recent Manager Transition,Regular Annual Review,0,2,-4.267,-0.383,1.338,Early-Career Explorers
PANW-2119,38,0,Travel_Rarely,1245,Sales,14,3,Life Sciences,3,Male,80,3,2,Sales Executive,2,Married,9924,12355,0,No,11,3,4,1,10,3,3,9,8,7,7,0.7,0.8,0.3,0.778,0.7,1,0.182,1.43,3.0,Established Stage (7-12 yrs),77.0,High Risk,82.0,Immediate Action,Sufficiently Trained,Prolonged Stagnant Manager Dyad,Promotion & Compensation Review,3,0,2.071,1.772,1.031,High-Risk Stagnation Profiles
PANW-2120,38,0,Travel_Rarely,437,Sales,16,3,Life Sciences,2,Female,90,3,2,Sales Executive,2,Single,4198,16379,2,No,12,3,2,0,8,5,4,3,2,1,2,0.25,0.5,1.25,0.667,0.5,1,0.222,0.61,2.5,Growth Stage (3-6 yrs),29.8,Low Risk,65.4,Watchlist,Sufficiently Trained,Moderate Manager Continuity,Regular Annual Review,1,4,-1.274,0.133,0.355,Fast-Track Performers
PANW-2121,36,0,Travel_Rarely,884,Sales,1,4,Life Sciences,2,Female,73,3,2,Sales Executive,3,Single,6815,21447,6,No,13,3,1,0,15,5,3,1,0,0,0,0.0,0.0,2.5,0.0,0.0,0,0.125,0.98,2.25,Early Stage (0-2 yrs),3.8,Low Risk,56.3,Watchlist,Sufficiently Trained,Recent Manager Transition,Regular Annual Review,0,2,-2.673,-1.592,0.668,Early-Career Explorers
PANW-2122,29,0,Travel_Rarely,1370,Research & Development,3,1,Medical,2,Male,87,3,1,Laboratory Technician,1,Single,4723,16213,1,Yes,18,3,4,0,10,3,3,10,9,1,5,0.091,0.818,0.273,0.5,0.455,8,0.091,1.46,2.5,Established Stage (7-12 yrs),60.2,High Risk,76.1,Immediate Action,Sufficiently Trained,Stable Leadership Continuity,Promotion & Compensation Review,3,1,0.852,1.193,-1.852,High-Risk Stagnation Profiles
PANW-2123,35,0,Travel_Rarely,670,Research & Development,10,4,Medical,1,Female,51,3,2,Healthcare Representative,3,Single,6142,4223,3,Yes,16,3,3,0,10,4,3,5,2,0,4,0.0,0.333,0.667,1.333,0.667,2,0.182,0.82,2.5,Growth Stage (3-6 yrs),18.3,Low Risk,61.4,Watchlist,Sufficiently Trained,Stable Leadership Continuity,Regular Annual Review,1,4,-0.889,-0.941,-0.677,Fast-Track Performers
PANW-2124,39,0,Travel_Rarely,1462,Sales,6,3,Medical,4,Male,38,4,3,Sales Executive,3,Married,8237,4658,2,No,11,3,1,1,11,3,3,7,6,7,6,0.875,0.75,0.375,0.857,0.75,-1,0.25,1.19,2.75,Established Stage (7-12 yrs),65.8,High Risk,81.8,Immediate Action,Sufficiently Trained,Prolonged Stagnant Manager Dyad,Promotion & Compensation Review,3,0,1.847,1.463,1.963,High-Risk Stagnation Profiles
PANW-2125,29,0,Travel_Frequently,995,Research & Development,2,1,Life Sciences,1,Male,87,3,2,Healthcare Representative,4,Divorced,8853,24483,1,No,19,3,4,1,6,0,4,6,4,1,3,0.143,0.571,0.0,0.6,0.429,3,0.286,1.18,3.25,Growth Stage (3-6 yrs),30.3,Medium Risk,65.6,Watchlist,Moderate Development Need,Moderate Manager Continuity,Upskilling & Training Program,1,4,-0.494,0.531,-0.647,Fast-Track Performers
PANW-2126,50,0,Travel_Rarely,264,Sales,9,3,Marketing,3,Male,59,3,5,Manager,3,Married,19331,19519,4,Yes,16,3,3,1,27,2,3,1,0,0,0,0.0,0.0,1.0,0.0,0.0,0,0.179,1.13,3.0,Early Stage (0-2 yrs),3.8,Low Risk,56.3,Watchlist,Moderate Development Need,Recent Manager Transition,Regular Annual Review,1,2,-0.902,-2.936,0.579,Fast-Track Performers
PANW-2127,23,0,Travel_Rarely,977,Research & Development,10,3,Technical Degree,4,Male,45,4,1,Research Scientist,3,Married,2073,12826,2,No,16,3,4,1,4,2,3,2,2,2,2,0.667,0.667,0.667,0.667,0.667,0,0.2,0.64,3.5,Early Stage (0-2 yrs),33.7,Medium Risk,70.5,Immediate Action,Moderate Development Need,Moderate Manager Continuity,Regular Annual Review,1,4,-0.934,1.786,0.577,Fast-Track Performers
PANW-2128,36,0,Travel_Frequently,1302,Research & Development,6,4,Life Sciences,1,Male,80,4,2,Laboratory Technician,1,Married,5562,19711,3,Yes,13,3,4,1,9,3,3,3,2,0,2,0.0,0.5,0.75,0.667,0.5,2,0.2,1.72,2.25,Growth Stage (3-6 yrs),30.0,Medium Risk,69.2,Watchlist,Sufficiently Trained,Moderate Manager Continuity,Regular Annual Review,1,4,-1.269,-0.252,-0.653,Fast-Track Performers
PANW-2129,42,0,Travel_Rarely,1059,Research & Development,9,2,Other,4,Male,93,2,5,Manager,4,Single,19613,26362,8,No,22,4,4,0,24,2,3,1,0,0,1,0.0,0.0,1.0,1.0,0.5,0,0.2,1.14,3.75,Early Stage (0-2 yrs),0.0,Low Risk,57.5,Watchlist,Moderate Development Need,Recent Manager Transition,Regular Annual Review,1,1,-0.868,-3.122,0.447,Fast-Track Performers
PANW-2130,35,0,Travel_Rarely,750,Research & Development,28,3,Life Sciences,2,Male,46,4,2,Laboratory Technician,3,Married,3407,25348,1,No,17,3,4,2,10,3,2,10,9,6,8,0.545,0.818,0.273,0.8,0.727,3,0.182,1.05,2.75,Established Stage (7-12 yrs),70.2,High Risk,83.3,Immediate Action,Sufficiently Trained,Prolonged Stagnant Manager Dyad,Promotion & Compensation Review,3,1,2.135,1.604,0.288,High-Risk Stagnation Profiles
PANW-2131,34,0,Travel_Frequently,653,Research & Development,10,4,Technical Degree,4,Male,92,2,2,Healthcare Representative,3,Married,5063,15332,1,No,14,3,2,1,8,3,2,8,2,7,7,0.778,0.222,0.333,2.333,0.778,-5,0.222,0.67,2.75,Established Stage (7-12 yrs),40.0,Medium Risk,65.2,Watchlist,Sufficiently Trained,Prolonged Stagnant Manager Dyad,Manager Mentorship & Skip-Level Check-in,3,0,0.936,-0.068,2.146,High-Risk Stagnation Profiles
PANW-2132,40,0,Travel_Rarely,118,Sales,14,2,Life Sciences,4,Female,84,3,2,Sales Executive,1,Married,4639,11262,1,No,15,3,3,1,5,2,3,5,4,1,2,0.167,0.667,0.333,0.4,0.333,3,0.333,0.67,2.75,Growth Stage (3-6 yrs),43.9,Medium Risk,70.4,Immediate Action,Moderate Development Need,Moderate Manager Continuity,Lateral Role Rotation / New Project,1,4,-0.847,0.857,-0.285,Fast-Track Performers
PANW-2133,43,0,Travel_Rarely,990,Research & Development,27,3,Technical Degree,4,Male,87,4,1,Laboratory Technician,2,Divorced,4876,5855,5,No,12,3,3,1,8,0,3,6,4,0,2,0.0,0.571,0.0,0.4,0.286,4,0.111,1.51,3.0,Growth Stage (3-6 yrs),34.3,Medium Risk,70.8,Immediate Action,Moderate Development Need,Moderate Manager Continuity,Upskilling & Training Program,1,4,-0.631,0.493,-1.568,Fast-Track Performers
PANW-2134,35,0,Travel_Rarely,1349,Research & Development,7,2,Life Sciences,3,Male,63,2,1,Laboratory Technician,4,Married,2690,7713,1,No,18,3,4,1,1,5,2,1,0,0,1,0.0,0.0,2.5,1.0,0.5,0,0.5,0.83,3.25,Early Stage (0-2 yrs),0.0,Low Risk,51.2,Watchlist,Sufficiently Trained,Recent Manager Transition,Regular Annual Review,0,2,-4.026,-0.805,1.396,Early-Career Explorers
PANW-2135,46,0,Travel_Rarely,563,Sales,1,4,Life Sciences,4,Male,56,4,4,Manager,1,Single,17567,3156,1,No,15,3,2,0,27,5,1,26,0,0,12,0.0,0.0,0.185,12.0,0.444,0,0.143,1.02,2.0,Veteran Stage (13+ yrs),11.2,Low Risk,62.7,Watchlist,Sufficiently Trained,Stable Leadership Continuity,Regular Annual Review,4,3,3.621,-7.887,-0.278,Promotion-Stalled Employees
PANW-2136,28,1,Travel_Rarely,329,Research & Development,24,3,Medical,3,Male,51,3,1,Laboratory Technician,2,Married,2408,7324,1,Yes,17,3,3,3,1,3,3,1,1,0,0,0.0,0.5,1.5,0.0,0.0,1,0.5,0.74,2.75,Early Stage (0-2 yrs),23.1,Low Risk,38.1,Already Attrited,Sufficiently Trained,Recent Manager Transition,Exit Analysis & Knowledge Transfer,0,2,-3.297,0.78,0.366,Early-Career Explorers
PANW-2137,22,0,Non-Travel,457,Research & Development,26,2,Other,2,Female,85,2,1,Research Scientist,3,Married,2814,10293,1,Yes,14,3,2,0,4,2,2,4,2,1,3,0.2,0.4,0.4,1.0,0.6,1,0.2,0.87,2.25,Growth Stage (3-6 yrs),23.5,Low Risk,59.5,Watchlist,Moderate Development Need,Moderate Manager Continuity,Regular Annual Review,1,4,-1.207,0.356,-0.356,Fast-Track Performers
PANW-2138,50,0,Travel_Frequently,1234,Research & Development,20,5,Medical,2,Male,41,3,4,Healthcare Representative,3,Married,11245,20689,2,Yes,15,3,3,1,32,3,3,30,8,12,13,0.387,0.258,0.097,1.444,0.419,-4,0.121,1.49,2.75,Veteran Stage (13+ yrs),70.2,High Risk,79.6,Immediate Action,Sufficiently Trained,Prolonged Stagnant Manager Dyad,Promotion & Compensation Review,2,0,5.593,-2.124,1.709,Stable Long-Term Contributors
PANW-2139,32,0,Travel_Rarely,634,Research & Development,5,4,Other,2,Female,35,4,1,Research Scientist,4,Married,3312,18783,3,No,17,3,4,2,6,3,3,3,2,0,2,0.0,0.5,0.75,0.667,0.5,2,0.143,1.02,3.25,Growth Stage (3-6 yrs),18.8,Low Risk,65.3,Watchlist,Sufficiently Trained,Moderate Manager Continuity,Regular Annual Review,1,4,-1.553,0.253,-1.102,Fast-Track Performers
PANW-2140,44,0,Travel_Rarely,1313,Research & Development,7,3,Medical,2,Female,31,3,5,Research Director,4,Divorced,19049,3549,0,Yes,14,3,4,1,23,4,2,22,7,1,10,0.043,0.304,0.174,1.25,0.435,6,0.208,1.19,3.0,Veteran Stage (13+ yrs),33.0,Medium Risk,66.6,Watchlist,Sufficiently Trained,Stable Leadership Continuity,Regular Annual Review,2,1,2.952,-2.699,-0.283,Stable Long-Term Contributors
PANW-2141,30,0,Travel_Rarely,241,Research & Development,7,3,Medical,2,Male,48,2,1,Research Scientist,2,Married,2141,5348,1,No,12,3,2,1,6,3,2,6,4,1,1,0.143,0.571,0.429,0.2,0.143,3,0.143,0.66,2.0,Growth Stage (3-6 yrs),37.8,Medium Risk,64.5,Watchlist,Sufficiently Trained,Recent Manager Transition,Regular Annual Review,1,4,-0.881,0.89,-0.794,Fast-Track Performers
PANW-2142,45,0,Travel_Rarely,1015,Research & Development,5,5,Medical,3,Female,50,1,2,Laboratory Technician,1,Single,5769,23447,1,Yes,14,3,1,0,10,3,3,10,7,1,4,0.091,0.636,0.273,0.5,0.364,6,0.182,1.78,2.0,Established Stage (7-12 yrs),52.5,Medium Risk,65.9,Watchlist,Sufficiently Trained,Stable Leadership Continuity,Lateral Role Rotation / New Project,3,1,0.471,0.376,-1.001,High-Risk Stagnation Profiles
PANW-2143,45,0,Non-Travel,336,Sales,26,3,Marketing,1,Male,52,2,2,Sales Executive,1,Married,4385,24162,1,No,15,3,1,1,10,2,3,10,7,4,5,0.364,0.636,0.182,0.625,0.455,3,0.182,0.63,1.5,Established Stage (7-12 yrs),63.0,High Risk,73.3,Immediate Action,Moderate Development Need,Prolonged Stagnant Manager Dyad,Promotion & Compensation Review,3,1,1.136,0.874,-0.04,High-Risk Stagnation Profiles
PANW-2144,31,0,Travel_Frequently,715,Sales,2,4,Other,4,Male,54,3,2,Sales Executive,1,Single,5332,21602,7,No,13,3,4,0,10,3,3,5,2,0,3,0.0,0.333,0.5,1.0,0.5,2,0.182,0.77,3.0,Growth Stage (3-6 yrs),25.8,Low Risk,64.0,Watchlist,Sufficiently Trained,Moderate Manager Continuity,Regular Annual Review,1,4,-0.951,-0.801,-0.652,Fast-Track Performers
PANW-2145,36,0,Travel_Rarely,559,Research & Development,12,4,Life Sciences,3,Female,76,3,2,Manufacturing Director,3,Married,4663,12421,9,Yes,12,3,2,2,7,2,3,3,2,1,1,0.25,0.5,0.5,0.333,0.25,1,0.25,0.64,2.75,Growth Stage (3-6 yrs),26.0,Low Risk,64.1,Watchlist,Moderate Development Need,Recent Manager Transition,Regular Annual Review,1,4,-1.198,0.44,0.105,Fast-Track Performers
PANW-2146,34,0,Travel_Frequently,426,Research & Development,10,4,Life Sciences,3,Male,42,4,2,Manufacturing Director,4,Divorced,4724,17000,1,No,13,3,1,1,9,3,3,9,7,7,2,0.7,0.7,0.3,0.25,0.2,0,0.2,0.65,2.75,Established Stage (7-12 yrs),63.9,High Risk,81.1,Immediate Action,Sufficiently Trained,Moderate Manager Continuity,Promotion & Compensation Review,3,0,1.199,1.881,1.305,High-Risk Stagnation Profiles
PANW-2147,49,0,Travel_Rarely,722,Research & Development,25,4,Life Sciences,3,Female,84,3,1,Laboratory Technician,1,Married,3211,22102,1,No,14,3,4,1,10,3,2,9,6,1,4,0.1,0.6,0.3,0.571,0.4,5,0.091,0.99,2.5,Established Stage (7-12 yrs),48.5,Medium Risk,72.0,Immediate Action,Sufficiently Trained,Stable Leadership Continuity,Lateral Role Rotation / New Project,1,4,0.198,0.561,-1.32,Fast-Track Performers
PANW-2148,39,0,Travel_Rarely,1387,Research & Development,10,5,Medical,2,Male,76,3,2,Manufacturing Director,1,Married,5377,3835,2,No,13,3,4,3,10,3,3,7,7,7,7,0.875,0.875,0.375,0.875,0.875,0,0.182,0.74,2.5,Established Stage (7-12 yrs),79.5,High Risk,82.8,Immediate Action,Sufficiently Trained,Prolonged Stagnant Manager Dyad,Promotion & Compensation Review,3,0,1.998,2.134,1.335,High-Risk Stagnation Profiles
PANW-2149,27,0,Travel_Rarely,1302,Research & Development,19,3,Other,4,Male,67,2,1,Laboratory Technician,1,Divorced,4066,16290,1,No,11,3,1,2,7,3,3,7,7,0,7,0.0,0.875,0.375,0.875,0.875,7,0.125,1.26,2.25,Established Stage (7-12 yrs),55.0,High Risk,70.5,Immediate Action,Sufficiently Trained,Stable Leadership Continuity,Lateral Role Rotation / New Project,3,1,0.376,0.974,-1.918,High-Risk Stagnation Profiles
PANW-2150,35,0,Travel_Rarely,819,Research & Development,18,5,Life Sciences,2,Male,48,4,2,Research Scientist,1,Married,5208,26312,1,No,11,3,4,0,16,2,3,16,15,1,10,0.059,0.882,0.118,0.625,0.588,14,0.118,1.61,2.5,Veteran Stage (13+ yrs),61.8,High Risk,80.4,Immediate Action,Moderate Development Need,Stable Leadership Continuity,Promotion & Compensation Review,3,1,3.006,0.681,-1.975,High-Risk Stagnation Profiles
PANW-2151,28,0,Travel_Rarely,580,Research & Development,27,3,Medical,2,Female,39,1,2,Manufacturing Director,1,Divorced,4877,20460,0,No,21,4,2,1,6,5,2,5,3,0,0,0.0,0.5,0.833,0.0,0.0,3,0.286,0.67,1.75,Growth Stage (3-6 yrs),33.1,Medium Risk,65.3,Watchlist,Sufficiently Trained,Recent Manager Transition,Regular Annual Review,1,4,-1.688,0.284,-0.576,Fast-Track Performers
PANW-2152,21,0,Travel_Rarely,546,Research & Development,5,1,Medical,3,Male,97,3,1,Research Scientist,4,Single,3117,26009,1,No,18,3,3,0,3,2,3,2,2,2,2,0.667,0.667,0.667,0.667,0.667,0,0.25,0.96,3.25,Early Stage (0-2 yrs),29.9,Low Risk,65.5,Watchlist,Moderate Development Need,Moderate Manager Continuity,Regular Annual Review,1,4,-1.081,1.869,0.666,Fast-Track Performers
PANW-2153,18,1,Travel_Frequently,544,Sales,3,2,Medical,2,Female,70,3,1,Sales Representative,4,Single,1569,18420,1,Yes,12,3,3,0,0,2,4,0,0,0,0,0.0,0.0,2.0,0.0,0.0,0,1.0,0.6,3.25,Early Stage (0-2 yrs),0.0,Low Risk,30.0,Already Attrited,Moderate Development Need,Recent Manager Transition,Exit Analysis & Knowledge Transfer,0,2,-5.081,-0.167,2.805,Early-Career Explorers
PANW-2154,47,0,Travel_Rarely,1176,Human Resources,26,4,Life Sciences,4,Female,98,3,5,Manager,3,Married,19658,5220,3,No,11,3,3,1,27,2,3,5,2,1,0,0.167,0.333,0.333,0.0,0.0,1,0.179,1.14,3.25,Growth Stage (3-6 yrs),21.8,Low Risk,62.6,Watchlist,Moderate Development Need,Recent Manager Transition,Regular Annual Review,1,1,0.384,-1.915,0.456,Fast-Track Performers
PANW-2155,39,0,Travel_Rarely,170,Research & Development,3,2,Medical,3,Male,76,2,2,Laboratory Technician,3,Divorced,3069,10302,0,No,15,3,4,1,11,3,3,10,8,0,7,0.0,0.727,0.273,0.778,0.636,8,0.167,0.95,3.25,Established Stage (7-12 yrs),46.9,Medium Risk,67.7,Watchlist,Sufficiently Trained,Stable Leadership Continuity,Lateral Role Rotation / New Project,3,1,0.903,0.231,-1.638,High-Risk Stagnation Profiles
PANW-2156,40,0,Travel_Rarely,884,Research & Development,15,3,Life Sciences,1,Female,80,2,3,Manufacturing Director,3,Married,10435,25800,1,No,13,3,4,2,18,2,3,18,15,14,12,0.737,0.789,0.105,0.75,0.632,1,0.158,1.43,2.75,Veteran Stage (13+ yrs),83.5,High Risk,80.5,Immediate Action,Moderate Development Need,Prolonged Stagnant Manager Dyad,Promotion & Compensation Review,2,0,5.375,1.584,1.826,Stable Long-Term Contributors
PANW-2157,35,0,Non-Travel,208,Research & Development,8,4,Life Sciences,3,Female,52,3,2,Healthcare Representative,3,Married,4148,12250,1,No,12,3,4,1,15,5,3,14,11,2,9,0.133,0.733,0.333,0.75,0.6,9,0.125,0.55,3.25,Veteran Stage (13+ yrs),54.1,Medium Risk,73.9,Immediate Action,Sufficiently Trained,Stable Leadership Continuity,Lateral Role Rotation / New Project,3,1,2.239,0.345,-1.212,High-Risk Stagnation Profiles
PANW-2158,37,0,Travel_Rarely,671,Research & Development,19,3,Life Sciences,3,Male,85,3,2,Manufacturing Director,3,Married,5768,26493,3,No,17,3,1,3,9,2,2,4,3,0,2,0.0,0.6,0.4,0.5,0.4,3,0.2,0.79,2.25,Growth Stage (3-6 yrs),28.1,Low Risk,64.8,Watchlist,Moderate Development Need,Moderate Manager Continuity,Regular Annual Review,1,4,-0.903,0.134,-1.078,Fast-Track Performers
PANW-2159,39,0,Travel_Frequently,711,Research & Development,4,3,Medical,1,Female,81,3,2,Manufacturing Director,3,Single,5042,3140,0,No,13,3,4,0,10,2,1,9,2,3,8,0.3,0.2,0.2,2.667,0.8,-1,0.182,0.69,2.25,Established Stage (7-12 yrs),25.5,Low Risk,63.9,Watchlist,Moderate Development Need,Stable Leadership Continuity,Regular Annual Review,1,4,0.587,-1.271,0.356,Fast-Track Performers
PANW-2160,45,0,Travel_Rarely,1329,Research & Development,2,2,Other,4,Female,59,2,2,Manufacturing Director,4,Divorced,5770,5388,1,No,19,3,1,2,10,3,3,10,7,3,9,0.273,0.636,0.273,1.125,0.818,4,0.182,0.79,3.0,Established Stage (7-12 yrs),48.3,Medium Risk,68.2,Watchlist,Sufficiently Trained,Stable Leadership Continuity,Lateral Role Rotation / New Project,3,0,1.396,0.45,-0.553,High-Risk Stagnation Profiles
PANW-2161,38,0,Travel_Rarely,397,Research & Development,2,2,Medical,4,Female,54,2,3,Manufacturing Director,3,Married,7756,14199,3,Yes,19,3,4,1,10,6,4,5,4,0,2,0.0,0.667,1.0,0.4,0.333,4,0.273,1.06,3.75,Growth Stage (3-6 yrs),32.9,Medium Risk,62.8,Watchlist,Sufficiently Trained,Moderate Manager Continuity,Lateral Role Rotation / New Project,1,4,-0.799,-0.089,-0.582,Fast-Track Performers
PANW-2162,35,1,Travel_Rarely,737,Sales,10,3,Medical,4,Male,55,2,3,Sales Executive,1,Married,10306,21530,9,No,17,3,3,0,15,3,3,13,12,6,0,0.429,0.857,0.214,0.0,0.0,6,0.188,1.49,2.75,Veteran Stage (13+ yrs),78.7,High Risk,53.8,Already Attrited,Sufficiently Trained,Recent Manager Transition,Exit Analysis & Knowledge Transfer,3,0,2.123,1.515,0.252,High-Risk Stagnation Profiles
PANW-2163,37,0,Travel_Rarely,1470,Research & Development,10,3,Medical,2,Female,71,3,1,Research Scientist,2,Married,3936,9953,1,No,11,3,1,1,8,2,1,8,4,7,7,0.778,0.444,0.222,1.4,0.778,-3,0.111,1.21,1.5,Established Stage (7-12 yrs),55.6,High Risk,74.5,Immediate Action,Moderate Development Need,Prolonged Stagnant Manager Dyad,Manager Mentorship & Skip-Level Check-in,3,0,1.248,1.141,1.347,High-Risk Stagnation Profiles
PANW-2164,40,0,Travel_Rarely,448,Research & Development,16,3,Life Sciences,3,Female,84,3,3,Manufacturing Director,4,Single,7945,19948,6,Yes,15,3,4,0,18,2,2,4,2,3,3,0.6,0.4,0.4,1.0,0.6,-1,0.158,1.09,3.25,Growth Stage (3-6 yrs),26.8,Low Risk,64.4,Watchlist,Moderate Development Need,Moderate Manager Continuity,Regular Annual Review,1,1,0.457,-0.331,1.038,Fast-Track Performers
PANW-2165,44,0,Travel_Frequently,602,Human Resources,1,5,Human Resources,1,Male,37,3,2,Human Resources,4,Married,5743,10503,4,Yes,11,3,3,0,14,3,3,10,7,0,2,0.0,0.636,0.273,0.25,0.182,7,0.133,1.36,2.75,Established Stage (7-12 yrs),37.8,Medium Risk,68.2,Watchlist,Sufficiently Trained,Moderate Manager Continuity,Lateral Role Rotation / New Project,1,1,0.334,0.091,-1.352,Fast-Track Performers
PANW-2166,48,0,Travel_Frequently,365,Research & Development,4,5,Medical,3,Male,89,2,4,Manager,4,Married,15202,5602,2,No,25,4,2,1,23,3,3,2,2,2,2,0.667,0.667,1.0,0.667,0.667,0,0.167,0.88,3.0,Early Stage (0-2 yrs),29.9,Low Risk,68.0,Watchlist,Sufficiently Trained,Moderate Manager Continuity,Regular Annual Review,1,1,0.495,-0.125,0.963,Fast-Track Performers
PANW-2167,35,1,Travel_Rarely,763,Sales,15,2,Medical,1,Male,59,1,2,Sales Executive,4,Divorced,5440,22098,6,Yes,14,3,4,2,7,2,2,2,2,2,2,0.667,0.667,0.667,0.667,0.667,0,0.25,0.79,2.75,Early Stage (0-2 yrs),29.9,Low Risk,33.0,Already Attrited,Moderate Development Need,Moderate Manager Continuity,Exit Analysis & Knowledge Transfer,1,4,-0.645,1.298,0.952,Fast-Track Performers
PANW-2168,24,0,Travel_Frequently,567,Research & Development,2,1,Technical Degree,1,Female,32,3,1,Research Scientist,4,Single,3760,17218,1,Yes,13,3,3,0,6,2,3,6,3,1,3,0.143,0.429,0.286,0.75,0.429,2,0.143,1.16,2.75,Growth Stage (3-6 yrs),23.6,Low Risk,63.3,Watchlist,Moderate Development Need,Moderate Manager Continuity,Regular Annual Review,1,4,-0.772,0.328,-0.734,Fast-Track Performers
PANW-2169,27,0,Travel_Rarely,486,Research & Development,8,3,Medical,2,Female,86,4,1,Research Scientist,3,Married,3517,22490,7,No,17,3,1,0,5,0,3,3,2,0,2,0.0,0.5,0.0,0.667,0.5,2,0.167,1.09,2.25,Growth Stage (3-6 yrs),22.5,Low Risk,66.6,Watchlist,Moderate Development Need,Moderate Manager Continuity,Upskilling & Training Program,1,4,-1.323,0.415,-1.389,Fast-Track Performers
PANW-2170,27,0,Travel_Frequently,591,Research & Development,2,3,Medical,4,Male,87,3,1,Research Scientist,4,Single,2580,6297,2,No,13,3,3,0,6,0,2,4,2,1,2,0.2,0.4,0.0,0.667,0.4,1,0.143,0.8,3.25,Growth Stage (3-6 yrs),19.8,Low Risk,61.9,Watchlist,Moderate Development Need,Moderate Manager Continuity,Upskilling & Training Program,1,4,-0.986,0.432,-0.653,Fast-Track Performers
PANW-2171,40,1,Travel_Rarely,1329,Research & Development,7,3,Life Sciences,1,Male,73,3,1,Laboratory Technician,1,Single,2166,3339,3,Yes,14,3,2,0,10,3,1,4,2,0,3,0.0,0.4,0.6,1.0,0.6,2,0.091,0.67,1.25,Growth Stage (3-6 yrs),27.5,Low Risk,39.6,Already Attrited,Sufficiently Trained,Moderate Manager Continuity,Exit Analysis & Knowledge Transfer,1,4,-1.081,-0.334,-1.14,Fast-Track Performers
PANW-2172,29,0,Travel_Rarely,469,Sales,10,3,Medical,3,Male,42,2,2,Sales Executive,3,Single,5869,23413,9,No,11,3,3,0,8,2,3,5,2,1,4,0.167,0.333,0.333,1.333,0.667,1,0.222,0.85,3.0,Growth Stage (3-6 yrs),21.8,Low Risk,58.9,Watchlist,Moderate Development Need,Stable Leadership Continuity,Regular Annual Review,1,4,-0.66,-0.542,-0.08,Fast-Track Performers
PANW-2173,36,0,Travel_Rarely,711,Research & Development,5,4,Life Sciences,2,Female,42,3,3,Healthcare Representative,1,Married,8008,22792,4,No,12,3,3,2,9,6,3,3,2,0,2,0.0,0.5,1.5,0.667,0.5,2,0.3,1.06,2.25,Growth Stage (3-6 yrs),30.0,Medium Risk,65.5,Watchlist,Sufficiently Trained,Moderate Manager Continuity,Regular Annual Review,1,4,-1.526,-0.675,0.184,Fast-Track Performers
PANW-2174,25,0,Travel_Frequently,772,Research & Development,2,1,Life Sciences,4,Male,77,4,2,Manufacturing Director,3,Divorced,5206,4973,1,No,17,3,3,2,7,6,3,7,7,0,7,0.0,0.875,0.75,0.875,0.875,7,0.25,0.71,3.25,Established Stage (7-12 yrs),47.5,Medium Risk,75.4,Immediate Action,Sufficiently Trained,Stable Leadership Continuity,Lateral Role Rotation / New Project,3,1,0.199,0.677,-1.37,High-Risk Stagnation Profiles
PANW-2175,39,0,Travel_Rarely,492,Research & Development,12,3,Medical,4,Male,66,3,2,Manufacturing Director,2,Married,5295,7693,4,No,21,4,3,0,7,3,3,5,4,1,0,0.167,0.667,0.5,0.0,0.0,3,0.25,0.73,3.0,Growth Stage (3-6 yrs),40.2,Medium Risk,75.3,Immediate Action,Sufficiently Trained,Recent Manager Transition,Lateral Role Rotation / New Project,1,4,-0.962,0.957,-0.553,Fast-Track Performers
PANW-2176,49,0,Travel_Rarely,301,Research & Development,22,4,Other,1,Female,72,3,4,Research Director,2,Married,16413,3498,3,No,16,3,2,2,27,2,3,4,2,1,2,0.2,0.4,0.4,0.667,0.4,1,0.143,1.02,2.0,Growth Stage (3-6 yrs),27.2,Low Risk,64.5,Watchlist,Moderate Development Need,Moderate Manager Continuity,Regular Annual Review,1,1,0.462,-1.632,0.029,Fast-Track Performers
PANW-2177,50,0,Travel_Rarely,813,Research & Development,17,5,Life Sciences,4,Female,50,2,3,Research Director,1,Divorced,13269,21981,5,No,15,3,3,3,19,3,3,14,11,1,11,0.067,0.733,0.2,0.917,0.733,10,0.15,0.83,2.75,Veteran Stage (13+ yrs),58.1,High Risk,71.6,Immediate Action,Sufficiently Trained,Stable Leadership Continuity,Lateral Role Rotation / New Project,3,1,2.732,-0.382,-1.45,High-Risk Stagnation Profiles
PANW-2178,20,0,Travel_Rarely,1141,Sales,2,3,Medical,3,Female,31,3,1,Sales Representative,3,Single,2783,13251,1,No,19,3,1,0,2,3,3,2,2,2,2,0.667,0.667,1.0,0.667,0.667,0,0.333,1.06,2.5,Early Stage (0-2 yrs),33.7,Medium Risk,66.8,Watchlist,Sufficiently Trained,Moderate Manager Continuity,Regular Annual Review,1,4,-1.428,1.906,1.037,Fast-Track Performers
PANW-2179,34,0,Travel_Rarely,1130,Research & Development,3,3,Life Sciences,4,Female,66,3,2,Research Scientist,2,Divorced,5433,19332,1,No,12,3,3,1,11,2,3,11,8,7,9,0.583,0.667,0.167,1.0,0.75,1,0.167,1.68,3.0,Established Stage (7-12 yrs),73.7,High Risk,80.8,Immediate Action,Moderate Development Need,Prolonged Stagnant Manager Dyad,Promotion & Compensation Review,3,1,2.365,1.138,0.761,High-Risk Stagnation Profiles
PANW-2180,36,0,Travel_Rarely,311,Research & Development,7,3,Life Sciences,1,Male,77,3,1,Laboratory Technician,2,Single,2013,10950,2,No,11,3,3,0,15,4,3,4,3,1,3,0.2,0.6,0.8,0.75,0.6,2,0.062,0.62,2.25,Growth Stage (3-6 yrs),35.4,Medium Risk,67.4,Watchlist,Sufficiently Trained,Moderate Manager Continuity,Regular Annual Review,1,4,-0.39,0.25,-0.719,Fast-Track Performers
PANW-2181,49,0,Travel_Rarely,465,Research & Development,6,1,Life Sciences,3,Female,41,2,4,Healthcare Representative,3,Married,13966,11652,2,Yes,19,3,2,1,30,3,3,15,11,2,12,0.125,0.688,0.188,1.0,0.75,9,0.129,1.86,2.75,Veteran Stage (13+ yrs),53.0,Medium Risk,69.8,Watchlist,Sufficiently Trained,Stable Leadership Continuity,Lateral Role Rotation / New Project,2,1,3.761,-1.255,-1.106,Stable Long-Term Contributors
PANW-2182,36,0,Non-Travel,894,Research & Development,1,4,Medical,4,Female,33,2,2,Manufacturing Director,3,Married,4374,15411,0,No,15,3,3,0,4,6,3,3,2,1,2,0.25,0.5,1.5,0.667,0.5,1,0.4,0.6,3.25,Growth Stage (3-6 yrs),26.0,Low Risk,60.4,Watchlist,Sufficiently Trained,Moderate Manager Continuity,Regular Annual Review,1,4,-1.903,0.375,0.9,Fast-Track Performers
PANW-2183,36,0,Travel_Rarely,1040,Research & Development,3,2,Life Sciences,4,Male,79,4,2,Healthcare Representative,1,Divorced,6842,26308,6,No,20,4,1,1,13,3,3,5,4,0,4,0.0,0.667,0.5,0.8,0.667,4,0.143,0.91,2.25,Growth Stage (3-6 yrs),40.4,Medium Risk,79.1,Immediate Action,Sufficiently Trained,Stable Leadership Continuity,Lateral Role Rotation / New Project,1,4,-0.204,-0.046,-1.427,Fast-Track Performers
PANW-2184,54,0,Travel_Rarely,584,Research & Development,22,5,Medical,2,Female,91,3,4,Manager,3,Married,17426,18685,3,No,25,4,3,1,36,6,3,10,8,4,7,0.364,0.727,0.545,0.778,0.636,4,0.108,1.01,2.75,Established Stage (7-12 yrs),60.9,High Risk,82.6,Immediate Action,Sufficiently Trained,Prolonged Stagnant Manager Dyad,Promotion & Compensation Review,2,1,3.087,-0.898,-0.116,Stable Long-Term Contributors
PANW-2185,43,0,Travel_Rarely,1291,Research & Development,15,2,Life Sciences,3,Male,65,2,4,Research Director,3,Married,17603,3525,1,No,24,4,1,1,14,3,3,14,10,6,11,0.4,0.667,0.2,1.0,0.733,4,0.267,1.1,2.5,Veteran Stage (13+ yrs),66.4,High Risk,80.7,Immediate Action,Sufficiently Trained,Prolonged Stagnant Manager Dyad,Promotion & Compensation Review,2,1,3.114,0.147,0.418,Stable Long-Term Contributors
PANW-2186,35,1,Travel_Frequently,880,Sales,12,4,Other,4,Male,36,3,2,Sales Executive,4,Single,4581,10414,3,Yes,24,4,1,0,13,2,4,11,9,6,7,0.5,0.75,0.167,0.7,0.583,3,0.143,0.66,3.25,Established Stage (7-12 yrs),64.8,High Risk,58.9,Already Attrited,Moderate Development Need,Prolonged Stagnant Manager Dyad,Exit Analysis & Knowledge Transfer,3,0,2.206,1.359,-0.041,High-Risk Stagnation Profiles
PANW-2187,38,0,Travel_Frequently,1189,Research & Development,1,3,Life Sciences,4,Male,90,3,2,Research Scientist,4,Married,4735,9867,7,No,15,3,4,2,19,4,4,13,11,2,9,0.143,0.786,0.286,0.75,0.643,9,0.1,1.46,4.0,Veteran Stage (13+ yrs),51.6,Medium Risk,73.1,Immediate Action,Sufficiently Trained,Stable Leadership Continuity,Lateral Role Rotation / New Project,3,1,2.449,0.324,-1.412,High-Risk Stagnation Profiles
PANW-2188,29,0,Travel_Rarely,991,Sales,5,3,Medical,1,Male,43,2,2,Sales Executive,2,Divorced,4187,3356,1,Yes,13,3,2,1,10,3,2,10,0,0,9,0.0,0.0,0.273,9.0,0.818,0,0.182,0.6,1.75,Established Stage (7-12 yrs),7.5,Low Risk,53.9,Watchlist,Sufficiently Trained,Stable Leadership Continuity,Regular Annual Review,4,3,0.58,-4.8,-0.421,Promotion-Stalled Employees
PANW-2189,33,0,Travel_Rarely,392,Sales,2,4,Medical,4,Male,93,3,2,Sales Executive,4,Divorced,5505,3921,1,No,14,3,3,2,6,5,3,6,2,0,4,0.0,0.286,0.714,1.333,0.571,2,0.286,0.8,3.5,Growth Stage (3-6 yrs),13.4,Low Risk,59.7,Watchlist,Sufficiently Trained,Stable Leadership Continuity,Regular Annual Review,1,4,-1.242,-0.86,-0.257,Fast-Track Performers
PANW-2190,32,0,Travel_Rarely,977,Research & Development,2,3,Medical,4,Male,45,3,2,Research Scientist,2,Divorced,5470,25518,0,No,13,3,3,2,10,4,2,9,5,1,6,0.1,0.5,0.4,1.0,0.6,4,0.182,1.69,2.75,Established Stage (7-12 yrs),39.1,Medium Risk,68.7,Watchlist,Sufficiently Trained,Stable Leadership Continuity,Regular Annual Review,1,4,0.308,-0.237,-0.71,Fast-Track Performers
PANW-2191,31,0,Travel_Rarely,1112,Sales,5,4,Life Sciences,1,Female,67,3,2,Sales Executive,4,Married,5476,22589,1,No,11,3,1,2,10,2,3,10,0,0,2,0.0,0.0,0.182,2.0,0.182,0,0.182,0.79,2.25,Established Stage (7-12 yrs),0.0,Low Risk,55.0,Watchlist,Moderate Development Need,Moderate Manager Continuity,Regular Annual Review,1,4,-0.961,-2.05,-0.253,Fast-Track Performers
PANW-2192,49,0,Travel_Rarely,464,Research & Development,16,3,Medical,4,Female,74,3,1,Laboratory Technician,1,Divorced,2587,24941,4,Yes,16,3,2,1,17,2,2,2,2,2,2,0.667,0.667,0.667,0.667,0.667,0,0.056,0.8,2.25,Early Stage (0-2 yrs),41.2,Medium Risk,69.4,Watchlist,Moderate Development Need,Moderate Manager Continuity,Regular Annual Review,1,4,-0.11,1.111,0.205,Fast-Track Performers
PANW-2193,38,0,Travel_Frequently,148,Research & Development,2,3,Medical,4,Female,42,2,1,Laboratory Technician,2,Single,2440,23826,1,No,22,4,2,0,4,3,3,4,3,3,3,0.6,0.6,0.6,0.75,0.6,0,0.2,0.75,2.75,Growth Stage (3-6 yrs),42.4,Medium Risk,72.3,Immediate Action,Sufficiently Trained,Moderate Manager Continuity,Regular Annual Review,1,4,-0.582,1.632,0.419,Fast-Track Performers
PANW-2194,47,0,Travel_Rarely,1225,Sales,2,4,Life Sciences,2,Female,47,4,4,Manager,2,Divorced,15972,21086,6,No,14,3,3,3,29,2,3,3,2,1,2,0.25,0.5,0.5,0.667,0.5,1,0.133,0.93,2.5,Growth Stage (3-6 yrs),29.8,Low Risk,69.2,Watchlist,Moderate Development Need,Moderate Manager Continuity,Regular Annual Review,1,1,0.588,-1.467,0.098,Fast-Track Performers
PANW-2195,49,0,Travel_Rarely,809,Research & Development,1,3,Life Sciences,3,Male,36,3,4,Manager,3,Single,15379,22384,4,No,14,3,1,0,23,2,3,8,7,0,0,0.0,0.778,0.222,0.0,0.0,7,0.167,0.9,2.5,Established Stage (7-12 yrs),45.1,Medium Risk,70.8,Immediate Action,Moderate Development Need,Recent Manager Transition,Lateral Role Rotation / New Project,3,1,0.901,-0.508,-1.108,High-Risk Stagnation Profiles
PANW-2196,41,0,Travel_Rarely,1206,Sales,23,2,Life Sciences,4,Male,80,3,3,Sales Executive,3,Single,7082,11591,3,Yes,16,3,4,0,21,2,3,2,0,0,2,0.0,0.0,0.667,2.0,0.667,0,0.136,1.02,3.5,Early Stage (0-2 yrs),3.8,Low Risk,56.3,Watchlist,Moderate Development Need,Moderate Manager Continuity,Regular Annual Review,1,2,-0.91,-2.747,-0.098,Fast-Track Performers
PANW-2197,20,0,Travel_Rarely,727,Sales,9,1,Life Sciences,4,Male,54,3,1,Sales Representative,1,Single,2728,21082,1,No,11,3,1,0,2,3,3,2,2,0,2,0.0,0.667,1.0,0.667,0.667,2,0.333,1.04,2.25,Early Stage (0-2 yrs),34.2,Medium Risk,67.0,Watchlist,Sufficiently Trained,Moderate Manager Continuity,Regular Annual Review,1,4,-2.09,0.774,-0.474,Fast-Track Performers
PANW-2198,33,0,Non-Travel,530,Sales,16,3,Life Sciences,3,Female,36,3,2,Sales Executive,4,Divorced,5368,16130,1,Yes,25,4,3,1,7,2,3,6,5,1,2,0.143,0.714,0.286,0.333,0.286,4,0.25,0.78,3.25,Growth Stage (3-6 yrs),37.0,Medium Risk,74.2,Immediate Action,Moderate Development Need,Moderate Manager Continuity,Lateral Role Rotation / New Project,1,4,-0.443,0.956,-0.952,Fast-Track Performers
PANW-2199,36,0,Travel_Rarely,1351,Research & Development,26,4,Life Sciences,1,Male,80,3,2,Healthcare Representative,3,Married,5347,7419,6,No,14,3,2,2,10,2,2,3,2,0,2,0.0,0.5,0.5,0.667,0.5,2,0.182,0.71,2.0,Growth Stage (3-6 yrs),22.5,Low Risk,62.9,Watchlist,Moderate Development Need,Moderate Manager Continuity,Regular Annual Review,1,4,-1.091,-0.261,-0.846,Fast-Track Performers
PANW-2200,44,0,Travel_Rarely,528,Human Resources,1,3,Life Sciences,3,Female,44,3,1,Human Resources,4,Divorced,3195,4167,4,Yes,18,3,1,3,8,2,3,2,2,2,2,0.667,0.667,0.667,0.667,0.667,0,0.111,0.75,2.75,Early Stage (0-2 yrs),29.9,Low Risk,65.5,Watchlist,Moderate Development Need,Moderate Manager Continuity,Regular Annual Review,1,4,-0.603,1.583,0.278,Fast-Track Performers
PANW-2201,23,1,Travel_Rarely,1320,Research & Development,8,1,Medical,4,Male,93,2,1,Laboratory Technician,3,Single,3989,20586,1,Yes,11,3,1,0,5,2,3,5,4,1,2,0.167,0.667,0.333,0.4,0.333,3,0.167,1.23,2.75,Growth Stage (3-6 yrs),36.4,Medium Risk,39.0,Already Attrited,Moderate Development Need,Moderate Manager Continuity,Exit Analysis & Knowledge Transfer,1,4,-0.76,1.107,-0.831,Fast-Track Performers
PANW-2202,38,0,Travel_Rarely,1495,Research & Development,4,2,Medical,4,Female,87,3,1,Laboratory Technician,3,Married,3306,26176,7,No,19,3,4,1,7,5,2,0,0,0,0,0.0,0.0,5.0,0.0,0.0,0,0.125,1.02,3.25,Early Stage (0-2 yrs),3.8,Low Risk,56.3,Watchlist,Sufficiently Trained,Recent Manager Transition,Regular Annual Review,0,2,-4.411,-1.133,1.488,Early-Career Explorers
PANW-2203,53,0,Travel_Rarely,1395,Research & Development,24,4,Medical,2,Male,48,4,3,Healthcare Representative,4,Married,7005,3458,3,No,15,3,3,0,11,2,3,4,3,1,2,0.2,0.6,0.4,0.5,0.4,2,0.25,0.93,3.0,Growth Stage (3-6 yrs),27.9,Low Risk,68.5,Watchlist,Moderate Development Need,Moderate Manager Continuity,Regular Annual Review,1,4,-0.406,0.031,-0.125,Fast-Track Performers
PANW-2204,48,1,Travel_Frequently,708,Sales,7,2,Medical,4,Female,95,3,1,Sales Representative,3,Married,2655,11740,2,Yes,11,3,3,2,19,3,3,9,7,7,7,0.7,0.7,0.3,0.875,0.7,0,0.05,1.01,3.25,Established Stage (7-12 yrs),67.6,High Risk,53.7,Already Attrited,Sufficiently Trained,Prolonged Stagnant Manager Dyad,Exit Analysis & Knowledge Transfer,3,0,2.275,1.336,0.67,High-Risk Stagnation Profiles
PANW-2205,32,1,Travel_Rarely,1259,Research & Development,2,4,Life Sciences,4,Male,95,3,1,Laboratory Technician,2,Single,1393,24852,1,No,12,3,1,0,1,2,3,1,0,0,0,0.0,0.0,1.0,0.0,0.0,0,0.5,0.43,2.5,Early Stage (0-2 yrs),7.5,Low Risk,32.6,Already Attrited,Moderate Development Need,Recent Manager Transition,Exit Analysis & Knowledge Transfer,0,2,-3.591,-0.257,0.871,Early-Career Explorers
PANW-2206,26,0,Non-Travel,786,Research & Development,7,3,Medical,4,Male,76,3,1,Laboratory Technician,4,Single,2570,11925,1,No,20,4,3,0,7,5,3,7,7,5,7,0.625,0.875,0.625,0.875,0.875,2,0.125,0.79,3.5,Established Stage (7-12 yrs),61.2,High Risk,82.7,Immediate Action,Sufficiently Trained,Prolonged Stagnant Manager Dyad,Promotion & Compensation Review,3,0,1.205,2.172,0.077,High-Risk Stagnation Profiles
PANW-2207,55,0,Travel_Rarely,1441,Research & Development,22,3,Technical Degree,1,Male,94,2,1,Research Scientist,2,Divorced,3537,23737,5,No,12,3,4,1,8,1,3,4,2,1,2,0.2,0.4,0.2,0.667,0.4,1,0.111,1.09,2.5,Growth Stage (3-6 yrs),27.2,Low Risk,60.8,Watchlist,Moderate Development Need,Moderate Manager Continuity,Upskilling & Training Program,1,4,-0.921,0.288,-0.619,Fast-Track Performers
PANW-2208,34,0,Travel_Rarely,1157,Research & Development,5,2,Medical,2,Male,57,2,2,Laboratory Technician,4,Married,3986,11912,1,No,14,3,3,1,15,3,4,15,10,4,13,0.25,0.625,0.188,1.182,0.812,6,0.125,1.23,3.25,Veteran Stage (13+ yrs),54.6,Medium Risk,70.4,Immediate Action,Sufficiently Trained,Prolonged Stagnant Manager Dyad,Lateral Role Rotation / New Project,3,1,2.928,0.106,-0.699,High-Risk Stagnation Profiles
PANW-2209,60,0,Travel_Rarely,370,Research & Development,1,4,Medical,3,Male,92,1,3,Healthcare Representative,4,Divorced,10883,20467,3,No,20,4,3,1,19,2,4,1,0,0,0,0.0,0.0,1.0,0.0,0.0,0,0.15,1.45,3.5,Early Stage (0-2 yrs),0.0,Low Risk,53.8,Watchlist,Moderate Development Need,Recent Manager Transition,Regular Annual Review,1,2,-1.699,-1.841,0.029,Fast-Track Performers
PANW-2210,33,0,Travel_Rarely,267,Research & Development,21,3,Medical,2,Male,79,4,1,Laboratory Technician,2,Married,2028,13637,1,No,18,3,4,3,14,6,3,14,11,2,13,0.133,0.733,0.4,1.083,0.867,9,0.067,0.63,2.75,Veteran Stage (13+ yrs),57.8,High Risk,79.0,Immediate Action,Sufficiently Trained,Stable Leadership Continuity,Lateral Role Rotation / New Project,3,1,2.469,0.556,-1.776,High-Risk Stagnation Profiles
PANW-2211,37,0,Travel_Frequently,1278,Sales,1,4,Medical,3,Male,31,1,2,Sales Executive,4,Divorced,9525,7677,1,No,14,3,3,2,6,2,2,6,3,1,3,0.143,0.429,0.286,0.75,0.429,2,0.286,1.38,3.0,Growth Stage (3-6 yrs),23.6,Low Risk,55.8,Watchlist,Moderate Development Need,Moderate Manager Continuity,Regular Annual Review,1,4,-0.802,0.042,-0.177,Fast-Track Performers
PANW-2212,34,0,Travel_Rarely,678,Research & Development,19,3,Life Sciences,2,Female,35,2,1,Research Scientist,4,Married,2929,20338,1,No,12,3,2,0,10,3,3,10,9,8,7,0.727,0.818,0.273,0.7,0.636,1,0.091,0.9,2.75,Established Stage (7-12 yrs),73.4,High Risk,76.9,Immediate Action,Sufficiently Trained,Prolonged Stagnant Manager Dyad,Promotion & Compensation Review,3,0,2.304,2.288,0.718,High-Risk Stagnation Profiles
PANW-2213,23,1,Travel_Rarely,427,Sales,7,3,Life Sciences,3,Male,99,3,1,Sales Representative,4,Divorced,2275,25103,1,Yes,21,4,2,1,3,2,3,3,2,0,2,0.0,0.5,0.5,0.667,0.5,2,0.25,0.87,3.0,Growth Stage (3-6 yrs),18.8,Low Risk,42.8,Already Attrited,Moderate Development Need,Moderate Manager Continuity,Exit Analysis & Knowledge Transfer,1,4,-1.797,0.505,-1.024,Fast-Track Performers
PANW-2214,44,0,Travel_Rarely,921,Research & Development,2,3,Life Sciences,3,Female,96,4,3,Healthcare Representative,4,Married,7879,14810,1,Yes,19,3,2,1,9,2,3,8,7,6,7,0.667,0.778,0.222,0.875,0.778,1,0.3,1.05,3.0,Established Stage (7-12 yrs),62.3,High Risk,80.6,Immediate Action,Moderate Development Need,Prolonged Stagnant Manager Dyad,Promotion & Compensation Review,3,0,1.743,1.389,1.124,High-Risk Stagnation Profiles
PANW-2215,35,0,Travel_Frequently,146,Research & Development,2,4,Medical,1,Male,79,2,1,Research Scientist,4,Single,4930,13970,0,Yes,14,3,3,0,6,2,4,5,4,1,4,0.167,0.667,0.333,0.8,0.667,3,0.143,1.52,3.0,Growth Stage (3-6 yrs),32.7,Medium Risk,62.7,Watchlist,Moderate Development Need,Stable Leadership Continuity,Lateral Role Rotation / New Project,1,4,-0.424,0.89,-1.026,Fast-Track Performers
PANW-2216,43,0,Travel_Rarely,1179,Sales,2,3,Medical,4,Male,73,3,2,Sales Executive,4,Married,7847,6069,1,Yes,17,3,1,1,10,3,3,10,9,8,8,0.727,0.818,0.273,0.8,0.727,1,0.182,1.13,3.0,Established Stage (7-12 yrs),73.4,High Risk,80.7,Immediate Action,Sufficiently Trained,Prolonged Stagnant Manager Dyad,Promotion & Compensation Review,3,0,2.474,1.966,0.992,High-Risk Stagnation Profiles
PANW-2217,24,0,Travel_Rarely,581,Research & Development,9,3,Medical,3,Male,62,4,1,Research Scientist,3,Married,4401,17616,1,No,16,3,4,1,5,1,3,5,3,0,4,0.0,0.5,0.167,1.0,0.667,3,0.167,1.36,3.25,Growth Stage (3-6 yrs),25.6,Low Risk,67.7,Watchlist,Moderate Development Need,Stable Leadership Continuity,Upskilling & Training Program,1,4,-0.9,0.227,-1.371,Fast-Track Performers
PANW-2218,41,0,Travel_Rarely,918,Sales,6,3,Marketing,4,Male,35,3,3,Sales Executive,3,Single,9241,15869,1,No,12,3,2,0,10,3,3,10,8,8,7,0.727,0.727,0.273,0.778,0.636,0,0.273,1.33,3.0,Established Stage (7-12 yrs),74.9,High Risk,81.2,Immediate Action,Sufficiently Trained,Prolonged Stagnant Manager Dyad,Promotion & Compensation Review,3,0,2.279,1.392,1.725,High-Risk Stagnation Profiles
PANW-2219,29,0,Travel_Rarely,1082,Research & Development,9,4,Medical,4,Female,43,3,1,Laboratory Technician,3,Married,2974,25412,9,No,17,3,3,1,9,2,3,5,3,1,2,0.167,0.5,0.333,0.5,0.333,2,0.1,0.92,3.25,Growth Stage (3-6 yrs),29.1,Low Risk,65.2,Watchlist,Moderate Development Need,Moderate Manager Continuity,Regular Annual Review,1,4,-0.725,0.516,-0.94,Fast-Track Performers
PANW-2220,36,0,Travel_Rarely,530,Sales,2,4,Life Sciences,3,Female,51,3,2,Sales Representative,4,Single,4502,7439,3,No,15,3,3,0,17,2,2,13,7,6,7,0.429,0.5,0.143,0.875,0.5,1,0.111,1.71,3.0,Veteran Stage (13+ yrs),55.4,High Risk,74.4,Immediate Action,Moderate Development Need,Prolonged Stagnant Manager Dyad,Manager Mentorship & Skip-Level Check-in,3,1,2.161,0.229,0.328,High-Risk Stagnation Profiles
PANW-2221,45,0,Non-Travel,1238,Research & Development,1,1,Life Sciences,3,Male,74,2,3,Healthcare Representative,3,Married,10748,3395,3,No,23,4,4,1,25,3,2,23,15,14,4,0.583,0.625,0.125,0.25,0.167,1,0.115,1.43,3.0,Veteran Stage (13+ yrs),79.4,High Risk,85.3,Immediate Action,Sufficiently Trained,Stable Leadership Continuity,Promotion & Compensation Review,2,0,4.862,0.993,1.54,Stable Long-Term Contributors
PANW-2222,24,1,Travel_Rarely,240,Human Resources,22,1,Human Resources,4,Male,58,1,1,Human Resources,3,Married,1555,11585,1,No,11,3,3,1,1,2,3,1,0,0,0,0.0,0.0,1.0,0.0,0.0,0,0.5,0.37,3.25,Early Stage (0-2 yrs),3.8,Low Risk,23.8,Already Attrited,Moderate Development Need,Recent Manager Transition,Exit Analysis & Knowledge Transfer,0,2,-3.586,-0.266,0.898,Early-Career Explorers
PANW-2223,47,1,Travel_Frequently,1093,Sales,9,3,Life Sciences,3,Male,82,1,4,Sales Executive,3,Married,12936,24164,7,No,11,3,3,0,25,3,1,23,5,14,10,0.583,0.208,0.125,1.667,0.417,-9,0.154,1.87,2.5,Veteran Stage (13+ yrs),59.6,High Risk,43.4,Already Attrited,Sufficiently Trained,Prolonged Stagnant Manager Dyad,Exit Analysis & Knowledge Transfer,2,0,4.481,-1.561,2.876,Stable Long-Term Contributors
PANW-2224,26,0,Travel_Rarely,390,Research & Development,17,4,Medical,4,Male,62,1,1,Laboratory Technician,3,Married,2305,6217,1,No,15,3,3,3,3,3,4,3,2,0,2,0.0,0.5,0.75,0.667,0.5,2,0.25,0.71,3.5,Growth Stage (3-6 yrs),22.5,Low Risk,55.4,Watchlist,Sufficiently Trained,Moderate Manager Continuity,Regular Annual Review,1,4,-1.876,0.413,-0.747,Fast-Track Performers
PANW-2225,45,0,Travel_Rarely,1005,Research & Development,28,2,Technical Degree,4,Female,48,2,4,Research Director,2,Single,16704,17119,1,No,11,3,3,0,21,2,3,21,6,8,6,0.364,0.273,0.091,0.857,0.273,-2,0.182,1.04,3.0,Veteran Stage (13+ yrs),61.1,High Risk,72.6,Immediate Action,Moderate Development Need,Prolonged Stagnant Manager Dyad,Promotion & Compensation Review,2,0,3.003,-1.343,1.482,Stable Long-Term Contributors
PANW-2226,32,0,Travel_Frequently,585,Research & Development,10,3,Life Sciences,1,Male,56,3,1,Research Scientist,3,Married,3433,17360,6,No,13,3,1,1,10,3,2,5,2,1,3,0.167,0.333,0.5,1.0,0.5,1,0.091,1.06,1.75,Growth Stage (3-6 yrs),21.8,Low Risk,62.6,Watchlist,Sufficiently Trained,Moderate Manager Continuity,Regular Annual Review,1,4,-0.799,-0.2,-0.571,Fast-Track Performers
PANW-2227,31,0,Travel_Rarely,741,Research & Development,2,4,Life Sciences,2,Male,69,3,1,Laboratory Technician,3,Married,3477,18103,1,No,14,3,4,1,6,2,4,5,2,0,3,0.0,0.333,0.333,1.0,0.5,2,0.143,1.07,3.25,Growth Stage (3-6 yrs),18.3,Low Risk,61.4,Watchlist,Moderate Development Need,Moderate Manager Continuity,Regular Annual Review,1,4,-1.227,-0.247,-1.051,Fast-Track Performers
PANW-2228,41,0,Non-Travel,552,Human Resources,4,3,Human Resources,3,Male,60,1,2,Human Resources,2,Married,6430,20794,6,No,19,3,2,1,10,4,3,3,2,1,2,0.25,0.5,1.0,0.667,0.5,1,0.182,1.52,2.5,Growth Stage (3-6 yrs),29.8,Low Risk,57.9,Watchlist,Sufficiently Trained,Moderate Manager Continuity,Regular Annual Review,1,4,-1.038,0.125,-0.058,Fast-Track Performers
PANW-2229,40,0,Travel_Rarely,369,Research & Development,8,2,Life Sciences,2,Female,92,3,2,Manufacturing Director,1,Married,6516,5041,2,Yes,16,3,2,1,18,3,3,1,0,0,0,0.0,0.0,1.5,0.0,0.0,0,0.105,0.89,2.0,Early Stage (0-2 yrs),11.2,Low Risk,58.9,Watchlist,Sufficiently Trained,Recent Manager Transition,Regular Annual Review,0,2,-2.098,-1.575,0.071,Early-Career Explorers
PANW-2230,24,0,Travel_Rarely,506,Research & Development,29,1,Medical,2,Male,91,3,1,Laboratory Technician,1,Divorced,3907,3622,1,No,13,3,2,3,6,2,4,6,2,1,2,0.143,0.286,0.286,0.667,0.286,1,0.143,1.21,2.25,Growth Stage (3-6 yrs),28.2,Low Risk,64.9,Watchlist,Moderate Development Need,Moderate Manager Continuity,Regular Annual Review,1,4,-1.115,0.031,-0.506,Fast-Track Performers
PANW-2231,46,0,Travel_Rarely,717,Research & Development,13,4,Life Sciences,3,Male,34,3,2,Healthcare Representative,2,Single,5562,9697,6,No,14,3,4,0,19,3,3,10,7,0,9,0.0,0.636,0.273,1.125,0.818,7,0.1,0.74,3.0,Established Stage (7-12 yrs),45.3,Medium Risk,70.9,Immediate Action,Sufficiently Trained,Stable Leadership Continuity,Lateral Role Rotation / New Project,3,1,1.444,-0.602,-1.682,High-Risk Stagnation Profiles
PANW-2232,35,0,Travel_Rarely,1370,Research & Development,27,4,Life Sciences,4,Male,49,3,2,Manufacturing Director,3,Married,6883,5151,2,No,16,3,2,1,17,3,3,7,7,0,7,0.0,0.875,0.375,0.875,0.875,7,0.111,0.94,3.0,Established Stage (7-12 yrs),47.5,Medium Risk,71.6,Immediate Action,Sufficiently Trained,Stable Leadership Continuity,Lateral Role Rotation / New Project,3,1,1.05,0.193,-1.889,High-Risk Stagnation Profiles
PANW-2233,30,0,Travel_Rarely,793,Research & Development,16,1,Life Sciences,2,Male,33,3,1,Research Scientist,4,Married,2862,3811,1,No,12,3,2,1,10,2,2,10,0,0,8,0.0,0.0,0.182,8.0,0.727,0,0.091,0.88,2.5,Established Stage (7-12 yrs),0.0,Low Risk,55.0,Watchlist,Moderate Development Need,Stable Leadership Continuity,Regular Annual Review,4,3,0.322,-4.092,-0.846,Promotion-Stalled Employees
PANW-2234,47,0,Non-Travel,543,Sales,2,4,Marketing,3,Male,87,3,2,Sales Executive,2,Married,4978,3536,7,No,11,3,4,1,4,3,1,1,0,0,0,0.0,0.0,1.5,0.0,0.0,0,0.4,0.72,2.5,Early Stage (0-2 yrs),7.5,Low Risk,57.6,Watchlist,Sufficiently Trained,Recent Manager Transition,Regular Annual Review,0,2,-3.231,-0.852,1.015,Early-Career Explorers
PANW-2235,46,0,Travel_Rarely,1277,Sales,2,3,Life Sciences,3,Male,74,3,3,Sales Executive,4,Divorced,10368,5596,4,Yes,12,3,2,1,13,5,2,10,6,0,3,0.0,0.545,0.455,0.429,0.273,6,0.214,1.5,2.75,Established Stage (7-12 yrs),32.4,Medium Risk,66.3,Watchlist,Sufficiently Trained,Moderate Manager Continuity,Regular Annual Review,1,1,0.249,-0.522,-0.776,Fast-Track Performers
PANW-2236,36,1,Travel_Rarely,1456,Sales,13,5,Marketing,2,Male,96,2,2,Sales Executive,1,Divorced,6134,8658,5,Yes,13,3,2,3,16,3,3,2,2,2,2,0.667,0.667,1.0,0.667,0.667,0,0.118,0.89,2.0,Early Stage (0-2 yrs),41.2,Medium Risk,40.7,Already Attrited,Sufficiently Trained,Moderate Manager Continuity,Exit Analysis & Knowledge Transfer,1,1,-0.15,0.765,0.783,Fast-Track Performers
PANW-2237,32,1,Travel_Rarely,964,Sales,1,2,Life Sciences,1,Male,34,1,2,Sales Executive,2,Single,6735,12147,6,No,15,3,2,0,10,2,3,0,0,0,0,0.0,0.0,2.0,0.0,0.0,0,0.182,0.97,2.0,Early Stage (0-2 yrs),7.5,Low Risk,25.1,Already Attrited,Moderate Development Need,Recent Manager Transition,Exit Analysis & Knowledge Transfer,0,2,-2.855,-1.217,0.526,Early-Career Explorers
PANW-2238,23,0,Travel_Rarely,160,Research & Development,4,1,Medical,3,Female,51,3,1,Laboratory Technician,2,Single,3295,12862,1,No,13,3,3,0,3,3,1,3,2,1,2,0.25,0.5,0.75,0.667,0.5,1,0.25,1.02,2.25,Growth Stage (3-6 yrs),29.8,Low Risk,65.4,Watchlist,Sufficiently Trained,Moderate Manager Continuity,Regular Annual Review,1,4,-1.58,0.803,-0.008,Fast-Track Performers
PANW-2239,31,0,Travel_Frequently,163,Research & Development,24,1,Technical Degree,4,Female,30,3,2,Manufacturing Director,4,Single,5238,6670,2,No,20,4,4,0,9,3,2,5,4,1,4,0.167,0.667,0.5,0.8,0.667,3,0.2,0.72,3.5,Growth Stage (3-6 yrs),32.7,Medium Risk,72.7,Immediate Action,Sufficiently Trained,Stable Leadership Continuity,Lateral Role Rotation / New Project,1,4,-0.256,0.456,-0.763,Fast-Track Performers
PANW-2240,39,0,Non-Travel,792,Research & Development,1,3,Life Sciences,4,Male,77,3,2,Laboratory Technician,4,Married,6472,8989,1,Yes,15,3,4,1,9,2,3,9,8,5,8,0.5,0.8,0.2,0.889,0.8,3,0.2,2.0,3.75,Established Stage (7-12 yrs),62.5,High Risk,76.9,Immediate Action,Moderate Development Need,Prolonged Stagnant Manager Dyad,Promotion & Compensation Review,3,1,1.786,1.428,0.161,High-Risk Stagnation Profiles
PANW-2241,32,0,Travel_Rarely,371,Sales,19,3,Life Sciences,4,Male,80,1,3,Sales Executive,3,Married,9610,3840,3,No,13,3,3,1,10,2,1,4,3,0,2,0.0,0.6,0.4,0.5,0.4,3,0.273,1.39,2.75,Growth Stage (3-6 yrs),28.1,Low Risk,57.3,Watchlist,Moderate Development Need,Moderate Manager Continuity,Regular Annual Review,1,4,-0.734,-0.269,-0.589,Fast-Track Performers
PANW-2242,40,0,Travel_Rarely,611,Sales,7,4,Medical,2,Male,88,3,5,Manager,2,Single,19833,4349,1,No,14,3,2,0,21,3,2,21,8,12,8,0.545,0.364,0.136,0.889,0.364,-4,0.227,1.15,2.0,Veteran Stage (13+ yrs),76.6,High Risk,81.8,Immediate Action,Sufficiently Trained,Prolonged Stagnant Manager Dyad,Promotion & Compensation Review,2,0,4.184,-0.929,2.507,Stable Long-Term Contributors
PANW-2243,45,0,Travel_Rarely,176,Human Resources,4,3,Life Sciences,3,Female,56,1,3,Human Resources,3,Married,9756,6595,4,No,21,4,3,2,9,2,4,5,0,0,3,0.0,0.0,0.333,3.0,0.5,0,0.3,2.3,3.25,Growth Stage (3-6 yrs),3.8,Low Risk,55.1,Watchlist,Moderate Development Need,Moderate Manager Continuity,Regular Annual Review,1,4,-1.188,-2.493,0.029,Fast-Track Performers
PANW-2244,30,0,Travel_Frequently,1312,Research & Development,2,4,Technical Degree,4,Female,78,2,1,Research Scientist,1,Single,4968,26427,0,No,16,3,4,0,10,2,3,9,7,0,7,0.0,0.7,0.2,0.875,0.7,7,0.091,1.53,3.0,Established Stage (7-12 yrs),50.6,Medium Risk,69.0,Watchlist,Moderate Development Need,Stable Leadership Continuity,Lateral Role Rotation / New Project,3,1,0.602,0.488,-2.019,High-Risk Stagnation Profiles
PANW-2245,24,0,Travel_Frequently,897,Human Resources,10,3,Medical,1,Male,59,3,1,Human Resources,4,Married,2145,2097,0,No,14,3,4,1,3,2,3,2,2,2,1,0.667,0.667,0.667,0.333,0.333,0,0.25,0.51,3.0,Early Stage (0-2 yrs),29.9,Low Risk,65.5,Watchlist,Moderate Development Need,Recent Manager Transition,Regular Annual Review,1,4,-1.209,1.976,0.797,Fast-Track Performers
PANW-2246,30,1,Travel_Frequently,600,Human Resources,8,3,Human Resources,3,Female,66,2,1,Human Resources,4,Divorced,2180,9732,6,No,11,3,3,1,6,0,2,4,2,1,2,0.2,0.4,0.0,0.667,0.4,1,0.143,0.51,3.0,Growth Stage (3-6 yrs),19.8,Low Risk,33.2,Already Attrited,Moderate Development Need,Moderate Manager Continuity,Exit Analysis & Knowledge Transfer,1,4,-0.977,0.414,-0.6,Fast-Track Performers
PANW-2247,31,0,Travel_Rarely,1003,Sales,5,3,Technical Degree,1,Male,51,3,2,Sales Executive,3,Married,8346,20943,1,No,19,3,3,1,6,3,3,5,2,0,2,0.0,0.333,0.5,0.667,0.333,2,0.286,1.21,2.5,Growth Stage (3-6 yrs),18.3,Low Risk,61.4,Watchlist,Sufficiently Trained,Moderate Manager Continuity,Regular Annual Review,1,4,-1.492,-0.374,-0.497,Fast-Track Performers
PANW-2248,27,0,Travel_Rarely,1054,Research & Development,8,3,Medical,3,Female,67,3,1,Research Scientist,4,Single,3445,6152,1,No,11,3,3,0,6,5,2,6,2,1,4,0.143,0.286,0.714,1.333,0.571,1,0.143,1.06,3.0,Growth Stage (3-6 yrs),16.9,Low Risk,60.9,Watchlist,Sufficiently Trained,Stable Leadership Continuity,Regular Annual Review,1,4,-0.995,-0.338,-0.3,Fast-Track Performers
PANW-2249,29,1,Travel_Rarely,428,Sales,9,3,Marketing,2,Female,52,1,1,Sales Representative,2,Single,2760,14630,1,No,13,3,3,0,2,3,3,2,2,2,2,0.667,0.667,1.0,0.667,0.667,0,0.333,1.05,2.5,Early Stage (0-2 yrs),37.4,Medium Risk,35.6,Already Attrited,Sufficiently Trained,Moderate Manager Continuity,Exit Analysis & Knowledge Transfer,1,4,-1.401,1.849,1.196,Fast-Track Performers
PANW-2250,29,0,Travel_Frequently,461,Research & Development,1,3,Life Sciences,4,Male,70,4,2,Healthcare Representative,3,Single,6294,23060,8,Yes,12,3,4,0,10,5,4,3,2,0,2,0.0,0.5,1.25,0.667,0.5,2,0.182,0.84,3.75,Growth Stage (3-6 yrs),22.5,Low Risk,66.6,Watchlist,Sufficiently Trained,Moderate Manager Continuity,Regular Annual Review,1,4,-1.4,-0.385,-0.44,Fast-Track Performers
PANW-2251,30,0,Travel_Rarely,979,Sales,15,2,Marketing,3,Male,94,2,3,Sales Executive,1,Divorced,7140,3088,2,No,11,3,1,1,12,2,3,7,7,1,7,0.125,0.875,0.25,0.875,0.875,6,0.231,1.03,2.0,Established Stage (7-12 yrs),58.5,High Risk,71.7,Immediate Action,Moderate Development Need,Stable Leadership Continuity,Lateral Role Rotation / New Project,3,1,1.129,0.333,-0.895,High-Risk Stagnation Profiles
PANW-2252,34,0,Travel_Rarely,181,Research & Development,2,4,Medical,4,Male,97,4,1,Research Scientist,4,Married,2932,5586,0,Yes,14,3,1,3,6,3,3,5,0,1,2,0.167,0.0,0.5,2.0,0.333,-1,0.143,0.9,3.0,Growth Stage (3-6 yrs),3.5,Low Risk,60.0,Watchlist,Sufficiently Trained,Moderate Manager Continuity,Regular Annual Review,1,4,-1.552,-1.123,0.027,Fast-Track Performers
PANW-2253,33,0,Non-Travel,1283,Sales,2,3,Marketing,4,Female,62,3,2,Sales Executive,2,Single,5147,10697,8,No,15,3,4,0,13,2,2,11,7,1,7,0.083,0.583,0.167,0.875,0.583,6,0.143,0.74,3.0,Established Stage (7-12 yrs),47.4,Medium Risk,71.6,Immediate Action,Moderate Development Need,Stable Leadership Continuity,Regular Annual Review,3,1,1.091,-0.102,-1.209,High-Risk Stagnation Profiles
PANW-2254,49,0,Travel_Rarely,1313,Sales,11,4,Marketing,4,Female,80,3,2,Sales Executive,4,Single,4507,8191,3,No,12,3,3,0,8,1,4,5,1,0,4,0.0,0.167,0.167,2.0,0.667,1,0.222,0.65,3.75,Growth Stage (3-6 yrs),7.3,Low Risk,57.6,Watchlist,Moderate Development Need,Stable Leadership Continuity,Upskilling & Training Program,1,4,-0.986,-1.442,-0.465,Fast-Track Performers
PANW-2255,33,1,Travel_Rarely,211,Sales,16,3,Life Sciences,1,Female,74,3,3,Sales Executive,1,Single,8564,10092,2,Yes,20,4,3,0,11,2,2,0,0,0,0,0.0,0.0,2.0,0.0,0.0,0,0.25,1.24,1.75,Early Stage (0-2 yrs),11.2,Low Risk,40.2,Already Attrited,Moderate Development Need,Recent Manager Transition,Exit Analysis & Knowledge Transfer,0,2,-2.717,-1.536,0.76,Early-Career Explorers
PANW-2256,38,0,Travel_Frequently,594,Research & Development,2,2,Medical,3,Female,75,2,1,Laboratory Technician,2,Married,2468,15963,4,No,14,3,2,1,9,4,2,6,1,0,5,0.0,0.143,0.571,2.5,0.714,1,0.1,0.76,2.25,Growth Stage (3-6 yrs),14.2,Low Risk,56.2,Watchlist,Sufficiently Trained,Stable Leadership Continuity,Regular Annual Review,1,4,-0.927,-1.508,-0.841,Fast-Track Performers
PANW-2257,31,1,Travel_Rarely,1079,Sales,16,4,Marketing,1,Male,70,3,3,Sales Executive,3,Married,8161,19002,2,No,13,3,1,3,10,2,3,1,0,0,0,0.0,0.0,1.0,0.0,0.0,0,0.273,1.18,2.0,Early Stage (0-2 yrs),3.8,Low Risk,31.3,Already Attrited,Moderate Development Need,Recent Manager Transition,Exit Analysis & Knowledge Transfer,0,2,-2.283,-1.433,0.541,Early-Career Explorers
PANW-2258,29,0,Travel_Rarely,590,Research & Development,4,3,Technical Degree,4,Female,91,2,1,Research Scientist,1,Divorced,2109,10007,1,No,13,3,3,1,1,2,3,1,0,0,0,0.0,0.0,1.0,0.0,0.0,0,0.5,0.65,2.75,Early Stage (0-2 yrs),11.2,Low Risk,55.2,Watchlist,Moderate Development Need,Recent Manager Transition,Regular Annual Review,0,2,-3.595,-0.247,0.845,Early-Career Explorers
PANW-2259,30,0,Travel_Rarely,305,Research & Development,16,3,Life Sciences,3,Male,58,4,2,Healthcare Representative,3,Married,5294,9128,3,No,16,3,3,1,10,3,3,7,0,1,7,0.125,0.0,0.375,7.0,0.875,-1,0.182,0.7,3.0,Established Stage (7-12 yrs),7.2,Low Risk,61.3,Watchlist,Sufficiently Trained,Stable Leadership Continuity,Regular Annual Review,4,3,0.069,-3.69,0.011,Promotion-Stalled Employees
PANW-2260,32,0,Non-Travel,953,Research & Development,5,4,Technical Degree,2,Male,65,3,1,Research Scientist,2,Single,2718,17674,2,No,14,3,2,0,12,3,3,7,7,0,7,0.0,0.875,0.375,0.875,0.875,7,0.077,0.84,2.25,Established Stage (7-12 yrs),51.2,Medium Risk,72.9,Immediate Action,Sufficiently Trained,Stable Leadership Continuity,Lateral Role Rotation / New Project,3,1,0.665,0.745,-2.119,High-Risk Stagnation Profiles
PANW-2261,38,0,Travel_Rarely,833,Research & Development,18,3,Medical,2,Male,60,1,2,Healthcare Representative,4,Married,5811,24539,3,Yes,16,3,3,1,15,2,3,1,0,1,0,0.5,0.0,1.0,0.0,0.0,-1,0.125,0.77,3.0,Early Stage (0-2 yrs),3.5,Low Risk,48.7,Low Urgency,Moderate Development Need,Recent Manager Transition,Regular Annual Review,1,4,-1.579,-0.586,1.094,Fast-Track Performers
PANW-2262,43,1,Travel_Frequently,807,Research & Development,17,3,Technical Degree,3,Male,38,2,1,Research Scientist,3,Married,2437,15587,9,Yes,16,3,4,1,6,4,3,1,0,0,0,0.0,0.0,2.0,0.0,0.0,0,0.143,0.75,3.25,Early Stage (0-2 yrs),3.8,Low Risk,27.6,Already Attrited,Sufficiently Trained,Recent Manager Transition,Exit Analysis & Knowledge Transfer,0,2,-3.137,-0.712,0.207,Early-Career Explorers
PANW-2263,42,0,Travel_Rarely,855,Research & Development,12,3,Medical,2,Male,57,3,1,Laboratory Technician,2,Divorced,2766,8952,8,No,22,4,2,3,7,6,2,5,3,0,4,0.0,0.5,1.0,1.0,0.667,3,0.125,0.85,2.0,Growth Stage (3-6 yrs),29.4,Low Risk,71.5,Immediate Action,Sufficiently Trained,Stable Leadership Continuity,Regular Annual Review,1,4,-1.115,0.057,-1.254,Fast-Track Performers
PANW-2264,55,0,Travel_Rarely,478,Research & Development,2,3,Medical,3,Male,60,2,5,Research Director,1,Married,19038,19805,8,No,12,3,2,3,34,2,3,1,0,0,0,0.0,0.0,1.0,0.0,0.0,0,0.143,1.19,2.25,Early Stage (0-2 yrs),11.2,Low Risk,55.2,Watchlist,Moderate Development Need,Recent Manager Transition,Regular Annual Review,1,2,-0.52,-3.324,0.607,Fast-Track Performers
PANW-2265,33,0,Non-Travel,775,Research & Development,4,3,Technical Degree,4,Male,90,3,2,Research Scientist,2,Divorced,3055,6194,5,No,15,3,4,2,11,2,2,9,8,1,7,0.1,0.8,0.2,0.778,0.7,7,0.167,0.94,3.0,Established Stage (7-12 yrs),56.0,High Risk,74.6,Immediate Action,Moderate Development Need,Stable Leadership Continuity,Lateral Role Rotation / New Project,3,1,1.107,0.607,-1.386,High-Risk Stagnation Profiles
PANW-2266,41,0,Travel_Rarely,548,Research & Development,9,4,Life Sciences,3,Male,94,3,1,Laboratory Technician,1,Divorced,2289,20520,1,No,20,4,2,2,5,2,3,5,3,0,4,0.0,0.5,0.333,1.0,0.667,3,0.167,0.71,2.25,Growth Stage (3-6 yrs),33.1,Medium Risk,72.8,Immediate Action,Moderate Development Need,Stable Leadership Continuity,Regular Annual Review,1,4,-0.988,0.241,-1.399,Fast-Track Performers
PANW-2267,34,0,Non-Travel,1375,Sales,10,3,Life Sciences,4,Male,87,3,2,Sales Executive,3,Divorced,4001,12313,1,Yes,14,3,3,1,15,3,3,15,14,0,7,0.0,0.875,0.188,0.467,0.438,14,0.125,0.58,3.25,Veteran Stage (13+ yrs),50.6,Medium Risk,72.7,Immediate Action,Sufficiently Trained,Stable Leadership Continuity,Lateral Role Rotation / New Project,3,1,2.245,0.684,-2.168,High-Risk Stagnation Profiles
PANW-2268,53,0,Non-Travel,661,Research & Development,1,4,Medical,1,Female,60,2,4,Manufacturing Director,3,Married,12965,22308,4,Yes,20,4,4,3,27,2,2,3,2,0,2,0.0,0.5,0.5,0.667,0.5,2,0.143,1.78,2.5,Growth Stage (3-6 yrs),22.5,Low Risk,65.4,Watchlist,Moderate Development Need,Moderate Manager Continuity,Regular Annual Review,1,1,0.171,-1.719,-0.726,Fast-Track Performers
PANW-2269,43,0,Travel_Rarely,244,Human Resources,2,3,Life Sciences,2,Male,97,3,1,Human Resources,4,Single,3539,5033,0,No,13,3,2,0,10,5,3,9,7,1,8,0.1,0.7,0.5,1.0,0.8,6,0.091,0.84,2.75,Established Stage (7-12 yrs),42.9,Medium Risk,70.0,Immediate Action,Sufficiently Trained,Stable Leadership Continuity,Lateral Role Rotation / New Project,3,1,0.786,0.545,-1.453,High-Risk Stagnation Profiles
PANW-2270,34,0,Travel_Rarely,511,Sales,3,2,Life Sciences,4,Female,32,1,2,Sales Executive,4,Single,6029,25353,5,No,12,3,1,0,6,3,3,2,2,2,2,0.667,0.667,1.0,0.667,0.667,0,0.286,0.87,3.0,Early Stage (0-2 yrs),29.9,Low Risk,58.0,Watchlist,Sufficiently Trained,Moderate Manager Continuity,Regular Annual Review,1,4,-0.889,1.292,1.264,Fast-Track Performers
PANW-2271,21,1,Travel_Rarely,337,Sales,7,1,Marketing,2,Male,31,3,1,Sales Representative,2,Single,2679,4567,1,No,13,3,2,0,1,3,3,1,0,1,0,0.5,0.0,1.5,0.0,0.0,-1,0.5,1.02,2.25,Early Stage (0-2 yrs),11.0,Low Risk,33.8,Already Attrited,Sufficiently Trained,Recent Manager Transition,Exit Analysis & Knowledge Transfer,0,2,-3.335,0.449,2.291,Early-Career Explorers
PANW-2272,38,0,Travel_Rarely,1153,Research & Development,6,2,Other,4,Female,40,2,1,Laboratory Technician,3,Married,3702,16376,1,No,11,3,2,1,5,3,3,5,4,0,4,0.0,0.667,0.5,0.8,0.667,4,0.167,1.14,3.0,Growth Stage (3-6 yrs),32.9,Medium Risk,62.8,Watchlist,Sufficiently Trained,Stable Leadership Continuity,Lateral Role Rotation / New Project,1,4,-0.796,0.604,-1.312,Fast-Track Performers
PANW-2273,22,1,Travel_Rarely,1294,Research & Development,8,1,Medical,3,Female,79,3,1,Laboratory Technician,1,Married,2398,15999,1,Yes,17,3,3,0,1,6,3,1,0,0,0,0.0,0.0,3.0,0.0,0.0,0,0.5,0.74,2.5,Early Stage (0-2 yrs),11.2,Low Risk,33.9,Already Attrited,Sufficiently Trained,Recent Manager Transition,Exit Analysis & Knowledge Transfer,0,2,-4.461,-0.49,1.68,Early-Career Explorers
PANW-2274,31,0,Travel_Rarely,196,Sales,29,4,Marketing,1,Female,91,2,2,Sales Executive,4,Married,5468,13402,1,No,14,3,1,2,13,3,3,12,7,5,7,0.385,0.538,0.231,0.875,0.538,2,0.143,0.79,2.25,Established Stage (7-12 yrs),52.8,Medium Risk,69.7,Watchlist,Sufficiently Trained,Prolonged Stagnant Manager Dyad,Manager Mentorship & Skip-Level Check-in,3,1,1.73,0.399,0.177,High-Risk Stagnation Profiles
PANW-2275,51,0,Travel_Rarely,942,Research & Development,3,3,Technical Degree,1,Female,53,3,3,Manager,3,Married,13116,22984,2,No,11,3,4,0,15,2,3,2,2,2,2,0.667,0.667,0.667,0.667,0.667,0,0.188,0.76,2.75,Early Stage (0-2 yrs),33.7,Medium Risk,66.8,Watchlist,Moderate Development Need,Moderate Manager Continuity,Regular Annual Review,1,1,0.073,0.523,1.045,Fast-Track Performers
PANW-2276,37,0,Travel_Rarely,589,Sales,9,2,Marketing,2,Male,46,2,2,Sales Executive,2,Married,4189,8800,1,No,14,3,1,2,5,2,3,5,2,0,3,0.0,0.333,0.333,1.0,0.5,2,0.333,0.6,2.0,Growth Stage (3-6 yrs),22.1,Low Risk,59.0,Watchlist,Moderate Development Need,Moderate Manager Continuity,Regular Annual Review,1,4,-1.385,-0.479,-0.333,Fast-Track Performers
PANW-2277,46,0,Travel_Rarely,734,Research & Development,2,4,Medical,3,Male,46,3,5,Research Director,4,Divorced,19328,14218,7,Yes,17,3,3,1,24,3,3,2,1,2,2,0.667,0.333,1.0,1.0,0.667,-1,0.2,1.21,3.25,Early Stage (0-2 yrs),18.5,Low Risk,61.5,Watchlist,Sufficiently Trained,Moderate Manager Continuity,Regular Annual Review,1,1,0.411,-1.432,1.861,Fast-Track Performers
PANW-2278,36,0,Travel_Rarely,1383,Research & Development,10,3,Life Sciences,4,Male,90,3,3,Healthcare Representative,1,Married,8321,25949,7,Yes,13,3,4,1,15,1,3,12,8,5,7,0.385,0.615,0.077,0.778,0.538,3,0.188,1.11,3.0,Established Stage (7-12 yrs),69.1,High Risk,79.2,Immediate Action,High Development Need,Prolonged Stagnant Manager Dyad,Promotion & Compensation Review,3,1,2.206,0.242,0.306,High-Risk Stagnation Profiles
PANW-2279,44,1,Travel_Frequently,429,Research & Development,1,2,Medical,3,Male,99,3,1,Research Scientist,2,Divorced,2342,11092,1,Yes,12,3,3,3,6,2,2,5,3,2,3,0.333,0.5,0.333,0.75,0.5,1,0.143,0.72,2.5,Growth Stage (3-6 yrs),36.4,Medium Risk,42.7,Already Attrited,Moderate Development Need,Moderate Manager Continuity,Exit Analysis & Knowledge Transfer,1,4,-0.55,0.802,-0.208,Fast-Track Performers
PANW-2280,37,0,Travel_Rarely,1239,Human Resources,8,2,Other,3,Male,89,3,2,Human Resources,2,Divorced,4071,12832,2,No,13,3,3,0,19,4,2,10,0,4,7,0.364,0.0,0.364,7.0,0.636,-4,0.1,0.96,2.5,Established Stage (7-12 yrs),21.5,Low Risk,62.5,Watchlist,Sufficiently Trained,Prolonged Stagnant Manager Dyad,Manager Mentorship & Skip-Level Check-in,4,3,1.304,-3.763,0.868,Promotion-Stalled Employees
PANW-2281,35,1,Travel_Rarely,303,Sales,27,3,Life Sciences,3,Male,84,3,2,Sales Executive,4,Single,5813,13492,1,Yes,18,3,4,0,10,2,3,10,7,7,7,0.636,0.636,0.182,0.875,0.636,0,0.182,0.84,3.5,Established Stage (7-12 yrs),62.3,High Risk,51.8,Already Attrited,Moderate Development Need,Prolonged Stagnant Manager Dyad,Exit Analysis & Knowledge Transfer,3,0,1.875,1.31,0.885,High-Risk Stagnation Profiles
PANW-2282,33,0,Travel_Rarely,867,Research & Development,8,4,Life Sciences,4,Male,90,4,1,Research Scientist,1,Married,3143,6076,6,No,19,3,2,1,14,1,3,10,8,7,6,0.636,0.727,0.091,0.667,0.545,1,0.067,0.97,2.5,Established Stage (7-12 yrs),78.9,High Risk,86.4,Immediate Action,High Development Need,Prolonged Stagnant Manager Dyad,Promotion & Compensation Review,3,0,2.101,1.785,0.21,High-Risk Stagnation Profiles
PANW-2283,28,0,Travel_Rarely,1181,Research & Development,1,3,Life Sciences,3,Male,82,3,1,Research Scientist,4,Married,2044,5531,1,No,11,3,3,1,5,6,4,5,3,0,3,0.0,0.5,1.0,0.75,0.5,3,0.167,0.63,3.5,Growth Stage (3-6 yrs),21.9,Low Risk,62.7,Watchlist,Sufficiently Trained,Moderate Manager Continuity,Regular Annual Review,1,4,-1.367,0.177,-0.822,Fast-Track Performers
PANW-2284,39,0,Travel_Rarely,1253,Research & Development,10,1,Medical,3,Male,65,3,3,Research Director,3,Single,13464,7914,7,No,21,4,3,0,9,3,3,4,3,2,2,0.4,0.6,0.6,0.5,0.4,1,0.3,0.84,3.0,Growth Stage (3-6 yrs),35.1,Medium Risk,73.5,Immediate Action,Sufficiently Trained,Moderate Manager Continuity,Regular Annual Review,1,4,-0.448,0.509,0.53,Fast-Track Performers
PANW-2285,46,0,Non-Travel,849,Sales,26,2,Life Sciences,2,Male,98,2,2,Sales Executive,2,Single,7991,25166,8,No,15,3,3,0,6,3,3,2,2,2,2,0.667,0.667,1.0,0.667,0.667,0,0.286,1.15,2.5,Early Stage (0-2 yrs),37.4,Medium Risk,64.3,Watchlist,Sufficiently Trained,Moderate Manager Continuity,Regular Annual Review,1,4,-0.902,1.32,1.184,Fast-Track Performers
PANW-2286,40,0,Travel_Rarely,616,Research & Development,2,2,Life Sciences,3,Female,99,3,1,Laboratory Technician,1,Married,3377,25605,4,No,17,3,4,1,7,5,2,4,3,0,2,0.0,0.6,1.0,0.5,0.4,3,0.125,1.04,2.5,Growth Stage (3-6 yrs),35.6,Medium Risk,67.5,Watchlist,Sufficiently Trained,Moderate Manager Continuity,Regular Annual Review,1,4,-1.347,0.463,-1.187,Fast-Track Performers
PANW-2287,42,0,Travel_Rarely,1128,Research & Development,13,3,Medical,2,Male,95,4,2,Healthcare Representative,1,Married,5538,5696,5,No,18,3,3,2,10,2,2,0,0,0,0,0.0,0.0,2.0,0.0,0.0,0,0.182,0.74,2.0,Early Stage (0-2 yrs),11.2,Low Risk,62.7,Watchlist,Moderate Development Need,Recent Manager Transition,Regular Annual Review,0,2,-2.869,-1.188,0.446,Early-Career Explorers
PANW-2288,35,0,Non-Travel,1180,Research & Development,2,2,Medical,2,Male,90,3,2,Manufacturing Director,4,Divorced,5762,24442,2,No,14,3,3,1,15,6,3,7,7,1,7,0.125,0.875,0.75,0.875,0.875,6,0.125,0.79,3.0,Established Stage (7-12 yrs),47.2,Medium Risk,71.5,Immediate Action,Sufficiently Trained,Stable Leadership Continuity,Lateral Role Rotation / New Project,3,1,0.984,0.452,-1.203,High-Risk Stagnation Profiles
PANW-2289,38,0,Non-Travel,1336,Human Resources,2,3,Human Resources,1,Male,100,3,1,Human Resources,2,Divorced,2592,7129,5,No,13,3,4,3,13,3,3,11,10,3,8,0.25,0.833,0.25,0.727,0.667,7,0.071,0.61,2.5,Established Stage (7-12 yrs),63.8,High Risk,77.3,Immediate Action,Sufficiently Trained,Stable Leadership Continuity,Promotion & Compensation Review,3,1,1.902,1.248,-1.253,High-Risk Stagnation Profiles
PANW-2290,34,1,Travel_Frequently,234,Research & Development,9,4,Life Sciences,4,Male,93,3,2,Laboratory Technician,1,Married,5346,6208,4,No,17,3,3,1,11,3,2,7,1,0,7,0.0,0.125,0.375,3.5,0.875,1,0.167,1.65,2.5,Established Stage (7-12 yrs),17.5,Low Risk,36.1,Already Attrited,Sufficiently Trained,Stable Leadership Continuity,Exit Analysis & Knowledge Transfer,4,4,-0.27,-2.344,-0.67,Promotion-Stalled Employees
PANW-2291,37,1,Travel_Rarely,370,Research & Development,10,4,Medical,4,Male,58,3,2,Manufacturing Director,1,Single,4213,4992,1,No,15,3,2,0,10,4,1,10,3,0,8,0.0,0.273,0.364,2.0,0.727,3,0.182,0.58,2.0,Established Stage (7-12 yrs),27.4,Low Risk,39.6,Already Attrited,Sufficiently Trained,Stable Leadership Continuity,Exit Analysis & Knowledge Transfer,1,1,0.132,-1.426,-0.856,Fast-Track Performers
PANW-2292,39,0,Travel_Frequently,766,Sales,20,3,Life Sciences,3,Male,83,3,2,Sales Executive,4,Divorced,4127,19188,2,No,18,3,4,1,7,6,3,2,1,2,2,0.667,0.333,2.0,1.0,0.667,-1,0.25,0.6,3.5,Early Stage (0-2 yrs),18.5,Low Risk,61.5,Watchlist,Sufficiently Trained,Moderate Manager Continuity,Regular Annual Review,1,4,-1.576,0.295,1.894,Fast-Track Performers
PANW-2293,43,0,Non-Travel,343,Research & Development,9,3,Life Sciences,1,Male,52,3,1,Research Scientist,3,Single,2438,24978,4,No,13,3,3,0,7,2,2,3,2,1,2,0.25,0.5,0.5,0.667,0.5,1,0.125,0.75,2.25,Growth Stage (3-6 yrs),26.0,Low Risk,64.1,Watchlist,Moderate Development Need,Moderate Manager Continuity,Regular Annual Review,1,4,-1.065,0.605,-0.477,Fast-Track Performers
PANW-2294,41,0,Travel_Rarely,447,Research & Development,5,3,Life Sciences,2,Male,85,4,2,Healthcare Representative,2,Single,6870,15530,3,No,12,3,1,0,11,3,1,3,2,1,2,0.25,0.5,0.75,0.667,0.5,1,0.167,0.91,1.5,Growth Stage (3-6 yrs),29.8,Low Risk,69.2,Watchlist,Sufficiently Trained,Moderate Manager Continuity,Regular Annual Review,1,4,-0.83,0.041,-0.03,Fast-Track Performers
PANW-2295,41,0,Travel_Rarely,796,Sales,4,1,Marketing,3,Female,81,3,3,Sales Executive,3,Divorced,10447,26458,0,Yes,13,3,4,1,23,3,4,22,14,13,5,0.565,0.609,0.13,0.333,0.217,1,0.125,1.51,3.5,Veteran Stage (13+ yrs),79.0,High Risk,82.6,Immediate Action,Sufficiently Trained,Prolonged Stagnant Manager Dyad,Promotion & Compensation Review,2,0,4.616,0.802,1.664,Stable Long-Term Contributors
PANW-2296,30,0,Travel_Rarely,1092,Research & Development,10,3,Medical,1,Female,64,3,3,Manufacturing Director,3,Single,9667,2739,9,No,14,3,2,0,9,3,3,7,7,0,2,0.0,0.875,0.375,0.25,0.25,7,0.3,1.33,2.25,Established Stage (7-12 yrs),47.5,Medium Risk,71.6,Immediate Action,Sufficiently Trained,Moderate Manager Continuity,Lateral Role Rotation / New Project,1,1,0.002,0.615,-1.025,Fast-Track Performers
PANW-2297,26,1,Travel_Rarely,920,Human Resources,20,2,Medical,4,Female,69,3,1,Human Resources,2,Married,2148,6889,0,Yes,11,3,3,0,6,3,3,5,1,1,4,0.167,0.167,0.5,2.0,0.667,0,0.143,0.51,3.0,Growth Stage (3-6 yrs),18.3,Low Risk,36.4,Already Attrited,Sufficiently Trained,Stable Leadership Continuity,Exit Analysis & Knowledge Transfer,1,4,-1.078,-0.796,-0.174,Fast-Track Performers
PANW-2298,46,1,Travel_Rarely,261,Research & Development,21,2,Medical,4,Female,66,3,2,Healthcare Representative,2,Married,8926,10842,4,No,22,4,4,1,13,2,4,9,7,3,7,0.3,0.7,0.2,0.875,0.7,4,0.143,1.19,3.5,Established Stage (7-12 yrs),57.4,High Risk,56.3,Already Attrited,Moderate Development Need,Stable Leadership Continuity,Exit Analysis & Knowledge Transfer,3,0,1.38,0.658,-0.738,High-Risk Stagnation Profiles
PANW-2299,40,0,Travel_Rarely,1194,Research & Development,1,3,Life Sciences,3,Female,52,3,2,Healthcare Representative,4,Divorced,6513,9060,4,No,17,3,4,1,12,3,3,5,3,0,3,0.0,0.5,0.5,0.75,0.5,3,0.154,0.87,3.5,Growth Stage (3-6 yrs),21.9,Low Risk,62.7,Watchlist,Sufficiently Trained,Moderate Manager Continuity,Regular Annual Review,1,4,-0.613,-0.379,-1.063,Fast-Track Performers
PANW-2300,34,0,Travel_Rarely,810,Sales,8,2,Technical Degree,2,Male,92,4,2,Sales Executive,3,Married,6799,22128,1,No,21,4,3,2,10,5,3,10,8,4,8,0.364,0.727,0.455,0.889,0.727,4,0.182,0.98,2.75,Established Stage (7-12 yrs),60.9,High Risk,86.3,Immediate Action,Sufficiently Trained,Prolonged Stagnant Manager Dyad,Promotion & Compensation Review,3,0,1.528,0.977,-0.289,High-Risk Stagnation Profiles
PANW-2301,58,0,Non-Travel,350,Sales,2,3,Medical,2,Male,52,3,4,Manager,2,Divorced,16291,22577,4,No,22,4,4,1,37,0,2,16,9,14,14,0.824,0.529,0.0,1.4,0.824,-5,0.105,0.95,2.5,Veteran Stage (13+ yrs),80.7,High Risk,89.5,Immediate Action,High Development Need,Prolonged Stagnant Manager Dyad,Promotion & Compensation Review,2,0,5.896,-0.596,2.294,Stable Long-Term Contributors
PANW-2302,35,0,Travel_Rarely,185,Research & Development,23,4,Medical,2,Male,91,1,1,Laboratory Technician,3,Married,2705,9696,0,No,16,3,2,1,6,2,4,5,4,0,3,0.0,0.667,0.333,0.6,0.5,4,0.143,0.84,2.75,Growth Stage (3-6 yrs),32.9,Medium Risk,59.0,Watchlist,Moderate Development Need,Moderate Manager Continuity,Lateral Role Rotation / New Project,1,4,-0.789,0.714,-1.566,Fast-Track Performers
PANW-2303,47,0,Travel_Rarely,1001,Research & Development,4,3,Life Sciences,3,Female,92,2,3,Manufacturing Director,2,Divorced,10333,19271,8,Yes,12,3,3,1,28,4,3,22,11,14,10,0.609,0.478,0.174,0.833,0.435,-3,0.103,1.42,2.75,Veteran Stage (13+ yrs),79.4,High Risk,79.0,Immediate Action,Sufficiently Trained,Prolonged Stagnant Manager Dyad,Promotion & Compensation Review,2,0,5.151,-0.088,2.068,Stable Long-Term Contributors
PANW-2304,40,0,Travel_Rarely,750,Research & Development,12,3,Life Sciences,2,Female,47,3,2,Healthcare Representative,1,Divorced,4448,10748,2,No,12,3,2,1,15,3,3,7,4,7,7,0.875,0.5,0.375,1.4,0.875,-3,0.125,0.59,2.0,Established Stage (7-12 yrs),60.8,High Risk,76.3,Immediate Action,Sufficiently Trained,Prolonged Stagnant Manager Dyad,Promotion & Compensation Review,3,0,1.749,0.732,1.764,High-Risk Stagnation Profiles
PANW-2305,54,0,Travel_Rarely,431,Research & Development,7,4,Medical,4,Female,68,3,2,Research Scientist,4,Married,6854,15696,4,No,15,3,2,1,14,2,2,7,1,1,7,0.125,0.125,0.25,3.5,0.875,0,0.133,2.12,3.0,Established Stage (7-12 yrs),9.8,Low Risk,58.4,Watchlist,Moderate Development Need,Stable Leadership Continuity,Regular Annual Review,4,4,0.179,-2.271,-0.341,Promotion-Stalled Employees
PANW-2306,31,0,Travel_Frequently,1125,Sales,7,4,Marketing,1,Female,68,3,3,Sales Executive,1,Married,9637,8277,2,No,14,3,4,2,9,3,3,3,2,2,2,0.5,0.5,0.75,0.667,0.5,0,0.3,1.39,2.25,Growth Stage (3-6 yrs),37.0,Medium Risk,68.0,Watchlist,Sufficiently Trained,Moderate Manager Continuity,Regular Annual Review,1,4,-0.642,0.267,1.149,Fast-Track Performers
PANW-2307,28,0,Travel_Rarely,1217,Research & Development,1,3,Medical,3,Female,67,3,1,Research Scientist,1,Married,3591,12719,1,No,25,4,3,1,3,3,3,3,2,1,2,0.25,0.5,0.75,0.667,0.5,1,0.25,1.11,2.5,Growth Stage (3-6 yrs),33.5,Medium Risk,73.0,Immediate Action,Sufficiently Trained,Moderate Manager Continuity,Regular Annual Review,1,4,-1.633,0.916,-0.326,Fast-Track Performers
PANW-2308,38,0,Travel_Rarely,723,Sales,2,4,Marketing,2,Female,77,1,2,Sales Representative,4,Married,5405,4244,2,Yes,20,4,1,2,20,4,2,4,2,0,3,0.0,0.4,0.8,1.0,0.6,2,0.095,2.06,2.25,Growth Stage (3-6 yrs),16.2,Low Risk,59.4,Watchlist,Sufficiently Trained,Moderate Manager Continuity,Regular Annual Review,1,4,-0.53,-1.129,-0.99,Fast-Track Performers
PANW-2309,26,0,Travel_Rarely,572,Sales,10,3,Medical,3,Male,46,3,2,Sales Executive,4,Single,4684,9125,1,No,13,3,1,0,5,4,3,5,3,1,2,0.167,0.5,0.667,0.5,0.333,2,0.333,0.68,2.75,Growth Stage (3-6 yrs),25.4,Low Risk,63.9,Watchlist,Sufficiently Trained,Moderate Manager Continuity,Regular Annual Review,1,4,-1.215,0.358,0.156,Fast-Track Performers
PANW-2310,58,0,Travel_Frequently,1216,Research & Development,15,4,Life Sciences,1,Male,87,3,4,Research Director,3,Married,15787,21624,2,Yes,14,3,2,0,23,3,3,2,2,2,2,0.667,0.667,1.0,0.667,0.667,0,0.167,0.98,2.25,Early Stage (0-2 yrs),33.7,Medium Risk,66.8,Watchlist,Sufficiently Trained,Moderate Manager Continuity,Regular Annual Review,1,1,0.544,-0.229,1.255,Fast-Track Performers
PANW-2311,18,0,Non-Travel,1431,Research & Development,14,3,Medical,2,Female,33,3,1,Research Scientist,3,Single,1514,8018,1,No,16,3,3,0,0,4,1,0,0,0,0,0.0,0.0,4.0,0.0,0.0,0,1.0,0.47,2.25,Early Stage (0-2 yrs),3.8,Low Risk,56.3,Watchlist,Sufficiently Trained,Recent Manager Transition,Regular Annual Review,0,2,-5.947,-0.411,3.64,Early-Career Explorers
PANW-2312,31,1,Travel_Rarely,359,Human Resources,18,5,Human Resources,4,Male,89,4,1,Human Resources,1,Married,2956,21495,0,No,17,3,3,0,2,4,3,1,0,0,0,0.0,0.0,2.0,0.0,0.0,0,0.333,0.7,2.75,Early Stage (0-2 yrs),11.2,Low Risk,37.7,Already Attrited,Sufficiently Trained,Recent Manager Transition,Exit Analysis & Knowledge Transfer,0,2,-3.674,-0.45,0.723,Early-Career Explorers
PANW-2313,29,1,Travel_Rarely,350,Human Resources,13,3,Human Resources,1,Male,56,2,1,Human Resources,1,Divorced,2335,3157,4,Yes,15,3,4,3,4,3,3,2,2,2,0,0.667,0.667,1.0,0.0,0.0,0,0.2,0.55,2.25,Early Stage (0-2 yrs),41.2,Medium Risk,40.7,Already Attrited,Sufficiently Trained,Recent Manager Transition,Exit Analysis & Knowledge Transfer,1,4,-1.363,2.019,0.808,Fast-Track Performers
PANW-2314,45,0,Non-Travel,589,Sales,2,4,Life Sciences,3,Female,67,3,2,Sales Executive,3,Married,5154,19665,4,No,22,4,2,2,10,3,4,8,7,5,7,0.556,0.778,0.333,0.875,0.778,2,0.182,0.74,3.0,Established Stage (7-12 yrs),62.6,High Risk,83.2,Immediate Action,Sufficiently Trained,Prolonged Stagnant Manager Dyad,Promotion & Compensation Review,3,0,1.518,1.447,0.196,High-Risk Stagnation Profiles
PANW-2315,36,0,Travel_Rarely,430,Research & Development,2,4,Other,4,Female,73,3,2,Research Scientist,2,Married,6962,19573,4,Yes,22,4,4,1,15,2,3,1,0,0,0,0.0,0.0,1.0,0.0,0.0,0,0.125,2.15,3.25,Early Stage (0-2 yrs),7.5,Low Risk,63.9,Watchlist,Moderate Development Need,Recent Manager Transition,Regular Annual Review,1,2,-2.077,-1.297,-0.277,Fast-Track Performers
PANW-2316,43,0,Travel_Frequently,1422,Sales,2,4,Life Sciences,1,Male,92,3,2,Sales Executive,4,Married,5675,19246,1,No,20,4,3,1,7,5,3,7,7,7,7,0.875,0.875,0.625,0.875,0.875,0,0.25,0.82,2.75,Established Stage (7-12 yrs),68.2,High Risk,85.1,Immediate Action,Sufficiently Trained,Prolonged Stagnant Manager Dyad,Promotion & Compensation Review,3,0,1.604,2.331,1.455,High-Risk Stagnation Profiles
PANW-2317,27,0,Travel_Frequently,1297,Research & Development,5,2,Life Sciences,4,Female,53,3,1,Laboratory Technician,4,Single,2379,19826,0,Yes,14,3,3,0,6,3,2,5,4,0,2,0.0,0.667,0.5,0.4,0.333,4,0.143,0.73,3.25,Growth Stage (3-6 yrs),29.2,Low Risk,65.2,Watchlist,Sufficiently Trained,Moderate Manager Continuity,Lateral Role Rotation / New Project,1,4,-0.982,0.766,-1.41,Fast-Track Performers
PANW-2318,29,0,Travel_Frequently,574,Research & Development,20,1,Medical,4,Male,40,3,1,Laboratory Technician,4,Married,3812,7003,1,No,13,3,2,0,11,3,4,11,8,3,10,0.25,0.667,0.25,1.111,0.833,5,0.083,1.18,3.5,Established Stage (7-12 yrs),52.2,Medium Risk,73.3,Immediate Action,Sufficiently Trained,Stable Leadership Continuity,Lateral Role Rotation / New Project,3,1,1.701,0.708,-1.004,High-Risk Stagnation Profiles
PANW-2319,32,0,Travel_Frequently,1318,Sales,10,4,Marketing,4,Male,79,3,2,Sales Executive,4,Single,4648,26075,8,No,13,3,3,0,4,2,4,0,0,0,0,0.0,0.0,2.0,0.0,0.0,0,0.4,0.67,3.75,Early Stage (0-2 yrs),0.0,Low Risk,55.0,Watchlist,Moderate Development Need,Recent Manager Transition,Regular Annual Review,0,2,-3.517,-0.877,1.196,Early-Career Explorers
PANW-2320,42,0,Non-Travel,355,Research & Development,10,4,Technical Degree,3,Male,38,3,1,Research Scientist,3,Married,2936,6161,3,No,22,4,2,2,10,1,2,6,3,3,3,0.429,0.429,0.143,0.75,0.429,0,0.091,0.91,2.5,Growth Stage (3-6 yrs),34.4,Medium Risk,73.3,Immediate Action,Moderate Development Need,Moderate Manager Continuity,Upskilling & Training Program,1,4,-0.067,0.733,-0.255,Fast-Track Performers
PANW-2321,47,0,Travel_Rarely,207,Research & Development,9,4,Life Sciences,2,Female,64,3,1,Laboratory Technician,3,Single,2105,5411,4,No,12,3,3,0,7,2,3,2,2,2,0,0.667,0.667,0.667,0.0,0.0,0,0.125,0.65,2.75,Early Stage (0-2 yrs),33.7,Medium Risk,66.8,Watchlist,Moderate Development Need,Recent Manager Transition,Regular Annual Review,1,4,-0.939,1.869,0.522,Fast-Track Performers
PANW-2322,46,0,Travel_Rarely,706,Research & Development,2,2,Life Sciences,4,Male,82,3,3,Manufacturing Director,4,Divorced,8578,19989,3,No,14,3,3,1,12,4,2,9,8,4,7,0.4,0.8,0.4,0.778,0.7,4,0.231,1.18,3.25,Established Stage (7-12 yrs),59.0,High Risk,75.6,Immediate Action,Sufficiently Trained,Prolonged Stagnant Manager Dyad,Lateral Role Rotation / New Project,3,1,1.725,0.783,0.202,High-Risk Stagnation Profiles
PANW-2323,28,0,Non-Travel,280,Human Resources,1,2,Life Sciences,3,Male,43,3,1,Human Resources,4,Divorced,2706,10494,1,No,15,3,2,1,3,2,3,3,2,2,2,0.5,0.5,0.5,0.667,0.5,0,0.25,0.64,3.0,Growth Stage (3-6 yrs),25.8,Low Risk,64.0,Watchlist,Moderate Development Need,Moderate Manager Continuity,Regular Annual Review,1,4,-1.195,1.266,0.507,Fast-Track Performers
PANW-2324,29,0,Travel_Rarely,726,Research & Development,29,1,Life Sciences,4,Male,93,1,2,Healthcare Representative,3,Divorced,6384,21143,8,No,17,3,4,2,11,3,3,7,0,1,6,0.125,0.0,0.375,6.0,0.75,-1,0.167,0.85,3.5,Established Stage (7-12 yrs),7.2,Low Risk,50.0,Watchlist,Sufficiently Trained,Stable Leadership Continuity,Regular Annual Review,4,3,-0.091,-3.34,-0.033,Promotion-Stalled Employees
PANW-2325,42,0,Travel_Rarely,1142,Research & Development,8,3,Life Sciences,4,Male,81,3,1,Laboratory Technician,3,Single,3968,13624,4,No,13,3,4,0,8,3,3,0,0,0,0,0.0,0.0,3.0,0.0,0.0,0,0.111,1.23,3.5,Early Stage (0-2 yrs),3.8,Low Risk,56.3,Watchlist,Sufficiently Trained,Recent Manager Transition,Regular Annual Review,0,2,-3.467,-0.961,0.669,Early-Career Explorers
PANW-2326,32,1,Travel_Rarely,414,Sales,2,4,Marketing,3,Male,82,2,2,Sales Executive,2,Single,9907,26186,7,Yes,12,3,3,0,7,3,2,2,2,2,2,0.667,0.667,1.0,0.667,0.667,0,0.25,1.43,2.5,Early Stage (0-2 yrs),37.4,Medium Risk,39.3,Already Attrited,Sufficiently Trained,Moderate Manager Continuity,Exit Analysis & Knowledge Transfer,1,4,-0.778,1.232,1.162,Fast-Track Performers
PANW-2327,46,0,Travel_Rarely,1319,Sales,3,3,Technical Degree,1,Female,45,4,4,Sales Executive,1,Divorced,13225,7739,2,No,12,3,4,1,25,5,3,19,17,2,8,0.1,0.85,0.25,0.444,0.4,15,0.154,1.91,2.25,Veteran Stage (13+ yrs),64.5,High Risk,81.3,Immediate Action,Sufficiently Trained,Stable Leadership Continuity,Promotion & Compensation Review,2,1,4.033,-0.231,-1.216,Stable Long-Term Contributors
PANW-2328,27,0,Travel_Rarely,728,Sales,23,1,Medical,2,Female,36,2,2,Sales Representative,3,Married,3540,7018,1,No,21,4,4,1,9,5,3,9,8,5,8,0.5,0.8,0.5,0.889,0.8,3,0.2,1.35,3.0,Established Stage (7-12 yrs),66.2,High Risk,80.7,Immediate Action,Sufficiently Trained,Prolonged Stagnant Manager Dyad,Promotion & Compensation Review,3,0,1.632,1.443,0.143,High-Risk Stagnation Profiles
PANW-2329,29,0,Travel_Rarely,352,Human Resources,6,1,Medical,4,Male,87,2,1,Human Resources,2,Married,2804,15434,1,No,11,3,4,0,1,3,3,1,0,0,0,0.0,0.0,1.5,0.0,0.0,0,0.5,0.66,3.25,Early Stage (0-2 yrs),7.5,Low Risk,53.9,Watchlist,Sufficiently Trained,Recent Manager Transition,Regular Annual Review,0,2,-3.798,-0.336,1.133,Early-Career Explorers
PANW-2330,43,0,Travel_Rarely,823,Research & Development,6,3,Medical,1,Female,81,2,5,Manager,3,Married,19392,22539,7,No,13,3,4,0,21,2,3,16,12,6,14,0.353,0.706,0.118,1.077,0.824,6,0.227,1.13,2.75,Veteran Stage (13+ yrs),67.4,High Risk,74.8,Immediate Action,Moderate Development Need,Prolonged Stagnant Manager Dyad,Promotion & Compensation Review,2,1,4.488,-0.642,0.448,Stable Long-Term Contributors
PANW-2331,48,0,Travel_Rarely,1224,Research & Development,10,3,Life Sciences,4,Male,91,2,5,Research Director,2,Married,19665,13583,4,No,12,3,4,0,29,3,3,22,10,12,9,0.522,0.435,0.13,0.818,0.391,-2,0.167,1.23,3.25,Veteran Stage (13+ yrs),78.4,High Risk,78.7,Immediate Action,Sufficiently Trained,Prolonged Stagnant Manager Dyad,Promotion & Compensation Review,2,0,5.067,-1.139,2.177,Stable Long-Term Contributors
PANW-2332,29,1,Travel_Frequently,459,Research & Development,24,2,Life Sciences,4,Male,73,2,1,Research Scientist,4,Single,2439,14753,1,Yes,24,4,2,0,1,3,2,1,0,1,0,0.5,0.0,1.5,0.0,0.0,-1,0.5,0.75,3.0,Early Stage (0-2 yrs),3.5,Low Risk,33.7,Already Attrited,Sufficiently Trained,Recent Manager Transition,Exit Analysis & Knowledge Transfer,0,2,-3.384,0.553,2.0,Early-Career Explorers
PANW-2333,46,1,Travel_Rarely,1254,Sales,10,3,Life Sciences,3,Female,64,3,3,Sales Executive,2,Married,7314,14011,5,No,21,4,3,3,14,2,3,8,7,0,7,0.0,0.778,0.222,0.875,0.778,7,0.2,1.06,2.75,Established Stage (7-12 yrs),48.8,Medium Risk,53.3,Already Attrited,Moderate Development Need,Stable Leadership Continuity,Exit Analysis & Knowledge Transfer,3,1,1.028,-0.125,-1.568,High-Risk Stagnation Profiles
PANW-2334,27,0,Travel_Frequently,1131,Research & Development,15,3,Life Sciences,4,Female,77,2,1,Research Scientist,1,Married,4774,23844,0,No,19,3,4,1,8,2,2,7,6,7,3,0.875,0.75,0.25,0.429,0.375,-1,0.111,1.47,2.75,Established Stage (7-12 yrs),73.2,High Risk,76.9,Immediate Action,Moderate Development Need,Moderate Manager Continuity,Promotion & Compensation Review,3,0,1.136,2.558,1.018,High-Risk Stagnation Profiles
PANW-2335,39,0,Travel_Rarely,835,Research & Development,19,4,Other,4,Male,41,3,2,Research Scientist,4,Divorced,3902,5141,8,No,14,3,2,3,7,2,3,2,2,2,2,0.667,0.667,0.667,0.667,0.667,0,0.25,1.2,3.25,Early Stage (0-2 yrs),29.9,Low Risk,65.5,Watchlist,Moderate Development Need,Moderate Manager Continuity,Regular Annual Review,1,4,-0.645,1.298,0.952,Fast-Track Performers
PANW-2336,55,0,Travel_Rarely,836,Research & Development,2,4,Technical Degree,2,Male,98,2,1,Research Scientist,4,Married,2662,7975,8,No,20,4,2,1,19,2,4,5,2,0,4,0.0,0.333,0.333,1.333,0.667,2,0.05,0.82,3.0,Growth Stage (3-6 yrs),14.6,Low Risk,62.6,Watchlist,Moderate Development Need,Stable Leadership Continuity,Regular Annual Review,1,4,-0.382,-0.994,-1.456,Fast-Track Performers
PANW-2337,28,0,Travel_Rarely,1172,Sales,3,3,Medical,2,Female,78,3,1,Sales Representative,2,Married,2856,3692,1,No,19,3,4,1,1,3,3,1,0,0,0,0.0,0.0,1.5,0.0,0.0,0,0.5,1.09,2.75,Early Stage (0-2 yrs),7.5,Low Risk,57.6,Watchlist,Sufficiently Trained,Recent Manager Transition,Regular Annual Review,0,2,-3.834,-0.261,0.921,Early-Career Explorers
PANW-2338,30,1,Travel_Rarely,945,Sales,9,3,Medical,2,Male,89,3,1,Sales Representative,4,Single,1081,16019,1,No,13,3,3,0,1,3,2,1,0,0,0,0.0,0.0,1.5,0.0,0.0,0,0.5,0.41,2.75,Early Stage (0-2 yrs),0.0,Low Risk,30.0,Already Attrited,Sufficiently Trained,Recent Manager Transition,Exit Analysis & Knowledge Transfer,0,2,-3.807,-0.317,1.08,Early-Career Explorers
PANW-2339,22,1,Travel_Rarely,391,Research & Development,7,1,Life Sciences,4,Male,75,3,1,Research Scientist,2,Single,2472,26092,1,Yes,23,4,1,0,1,2,3,1,0,0,0,0.0,0.0,1.0,0.0,0.0,0,0.5,0.76,2.5,Early Stage (0-2 yrs),7.5,Low Risk,38.9,Already Attrited,Moderate Development Need,Recent Manager Transition,Exit Analysis & Knowledge Transfer,0,2,-3.64,-0.153,0.58,Early-Career Explorers
PANW-2340,36,0,Travel_Rarely,1266,Sales,10,4,Technical Degree,2,Female,63,2,2,Sales Executive,3,Married,5673,6060,1,Yes,13,3,1,1,10,4,3,10,9,1,7,0.091,0.818,0.364,0.7,0.636,8,0.182,0.82,2.25,Established Stage (7-12 yrs),52.7,Medium Risk,69.7,Watchlist,Sufficiently Trained,Stable Leadership Continuity,Lateral Role Rotation / New Project,3,1,1.147,0.707,-1.295,High-Risk Stagnation Profiles
PANW-2341,31,0,Travel_Rarely,311,Research & Development,20,3,Life Sciences,2,Male,89,3,2,Laboratory Technician,3,Divorced,4197,18624,1,No,11,3,1,1,10,2,3,10,8,0,2,0.0,0.727,0.182,0.222,0.182,8,0.182,1.3,2.25,Established Stage (7-12 yrs),46.9,Medium Risk,71.4,Immediate Action,Moderate Development Need,Moderate Manager Continuity,Lateral Role Rotation / New Project,1,1,0.29,0.568,-1.412,Fast-Track Performers
PANW-2342,34,0,Travel_Rarely,1480,Sales,4,3,Life Sciences,3,Male,64,3,3,Sales Executive,4,Married,9713,24444,2,Yes,13,3,4,3,9,3,3,5,3,1,0,0.167,0.5,0.5,0.0,0.0,2,0.3,1.4,3.5,Growth Stage (3-6 yrs),25.4,Low Risk,63.9,Watchlist,Sufficiently Trained,Recent Manager Transition,Regular Annual Review,1,4,-0.937,0.065,0.208,Fast-Track Performers
PANW-2343,29,0,Travel_Rarely,592,Research & Development,7,3,Life Sciences,4,Male,59,3,1,Laboratory Technician,1,Single,2062,19384,3,No,14,3,2,0,11,2,3,3,2,1,2,0.25,0.5,0.5,0.667,0.5,1,0.083,0.64,2.5,Growth Stage (3-6 yrs),33.5,Medium Risk,66.7,Watchlist,Moderate Development Need,Moderate Manager Continuity,Regular Annual Review,1,4,-0.821,0.408,-0.611,Fast-Track Performers
PANW-2344,37,0,Travel_Rarely,783,Research & Development,7,4,Medical,4,Male,78,3,2,Research Scientist,1,Married,4284,13588,5,Yes,22,4,3,1,16,2,3,5,3,0,4,0.0,0.5,0.333,1.0,0.667,3,0.118,1.32,2.75,Growth Stage (3-6 yrs),33.1,Medium Risk,72.8,Immediate Action,Moderate Development Need,Stable Leadership Continuity,Regular Annual Review,1,4,-0.191,-0.627,-1.389,Fast-Track Performers
PANW-2345,35,0,Travel_Rarely,219,Research & Development,16,2,Other,4,Female,44,2,2,Manufacturing Director,2,Married,4788,25388,0,Yes,11,3,4,0,4,2,3,3,2,0,2,0.0,0.5,0.5,0.667,0.5,2,0.4,0.66,3.25,Growth Stage (3-6 yrs),26.2,Low Risk,60.4,Watchlist,Moderate Development Need,Moderate Manager Continuity,Regular Annual Review,1,4,-1.749,0.069,-0.15,Fast-Track Performers
PANW-2346,45,0,Travel_Rarely,556,Research & Development,25,2,Life Sciences,2,Female,93,2,2,Manufacturing Director,4,Married,5906,23888,0,No,13,3,4,2,10,2,2,9,8,3,8,0.3,0.8,0.2,0.889,0.8,5,0.182,0.81,3.0,Established Stage (7-12 yrs),55.5,High Risk,70.7,Immediate Action,Moderate Development Need,Stable Leadership Continuity,Lateral Role Rotation / New Project,3,1,1.518,0.967,-0.576,High-Risk Stagnation Profiles
PANW-2347,36,0,Travel_Frequently,1213,Human Resources,2,1,Human Resources,2,Male,94,2,2,Human Resources,4,Single,3886,4223,1,No,21,4,4,0,10,2,2,10,1,0,8,0.0,0.091,0.182,4.0,0.727,1,0.182,0.92,3.0,Established Stage (7-12 yrs),5.4,Low Risk,59.4,Watchlist,Moderate Development Need,Stable Leadership Continuity,Regular Annual Review,4,4,0.057,-2.58,-0.808,Promotion-Stalled Employees
PANW-2348,40,0,Travel_Rarely,1137,Research & Development,1,4,Life Sciences,1,Male,98,3,4,Manager,1,Divorced,16823,18991,2,No,11,3,1,1,22,3,3,19,7,11,16,0.55,0.35,0.15,2.0,0.8,-4,0.174,0.98,1.5,Veteran Stage (13+ yrs),76.9,High Risk,81.9,Immediate Action,Sufficiently Trained,Prolonged Stagnant Manager Dyad,Promotion & Compensation Review,2,0,4.723,-1.344,1.985,Stable Long-Term Contributors
PANW-2349,26,0,Travel_Rarely,482,Research & Development,1,2,Life Sciences,2,Female,90,2,1,Research Scientist,3,Married,2933,14908,1,Yes,13,3,3,1,1,3,2,1,0,1,0,0.5,0.0,1.5,0.0,0.0,-1,0.5,0.91,2.5,Early Stage (0-2 yrs),7.2,Low Risk,53.8,Watchlist,Sufficiently Trained,Recent Manager Transition,Regular Annual Review,0,2,-3.335,0.449,2.291,Early-Career Explorers
PANW-2350,27,0,Travel_Rarely,511,Sales,2,2,Medical,1,Female,89,4,2,Sales Executive,3,Single,6500,26997,0,No,14,3,2,0,9,5,2,8,7,0,7,0.0,0.778,0.556,0.875,0.778,7,0.2,0.94,2.0,Established Stage (7-12 yrs),45.1,Medium Risk,74.5,Immediate Action,Sufficiently Trained,Stable Leadership Continuity,Lateral Role Rotation / New Project,3,1,0.458,0.344,-1.409,High-Risk Stagnation Profiles
PANW-2351,48,0,Travel_Frequently,117,Research & Development,22,3,Medical,4,Female,58,3,4,Manager,4,Divorced,17174,2437,3,No,11,3,2,1,24,3,3,22,17,4,7,0.174,0.739,0.13,0.389,0.304,13,0.16,1.0,3.25,Veteran Stage (13+ yrs),57.5,High Risk,75.1,Immediate Action,Sufficiently Trained,Prolonged Stagnant Manager Dyad,Lateral Role Rotation / New Project,2,1,4.284,-0.225,-0.601,Stable Long-Term Contributors
PANW-2352,44,0,Travel_Rarely,170,Research & Development,1,4,Life Sciences,2,Male,78,4,2,Healthcare Representative,1,Married,5033,9364,2,No,15,3,4,1,10,5,3,2,0,2,2,0.667,0.0,1.667,2.0,0.667,-2,0.182,0.67,2.5,Early Stage (0-2 yrs),18.2,Low Risk,65.1,Watchlist,Sufficiently Trained,Moderate Manager Continuity,Regular Annual Review,1,4,-1.432,-0.954,2.05,Fast-Track Performers
PANW-2353,34,1,Non-Travel,967,Research & Development,16,4,Technical Degree,4,Male,85,1,1,Research Scientist,1,Married,2307,14460,1,Yes,23,4,2,1,5,2,3,5,2,3,0,0.5,0.333,0.333,0.0,0.0,-1,0.167,0.71,2.5,Growth Stage (3-6 yrs),36.3,Medium Risk,41.5,Already Attrited,Moderate Development Need,Recent Manager Transition,Exit Analysis & Knowledge Transfer,1,4,-1.118,1.197,0.382,Fast-Track Performers
PANW-2354,56,1,Travel_Rarely,1162,Research & Development,24,2,Life Sciences,1,Male,97,3,1,Laboratory Technician,4,Single,2587,10261,1,No,16,3,4,0,5,3,3,4,2,1,0,0.2,0.4,0.6,0.0,0.0,1,0.167,0.8,3.0,Growth Stage (3-6 yrs),19.8,Low Risk,36.9,Already Attrited,Sufficiently Trained,Recent Manager Transition,Exit Analysis & Knowledge Transfer,1,4,-1.635,0.722,-0.336,Fast-Track Performers
PANW-2355,36,0,Travel_Rarely,335,Sales,17,2,Marketing,3,Male,33,2,2,Sales Executive,2,Married,5507,16822,2,No,16,3,3,2,12,1,1,4,2,1,3,0.2,0.4,0.2,1.0,0.6,1,0.154,0.8,2.25,Growth Stage (3-6 yrs),27.2,Low Risk,60.8,Watchlist,Moderate Development Need,Moderate Manager Continuity,Upskilling & Training Program,1,4,-0.457,-0.339,-0.443,Fast-Track Performers
PANW-2356,41,0,Travel_Rarely,337,Sales,8,3,Marketing,3,Female,54,3,2,Sales Executive,2,Married,4393,26841,5,No,21,4,3,1,14,3,3,5,4,1,4,0.167,0.667,0.5,0.8,0.667,3,0.133,0.63,2.75,Growth Stage (3-6 yrs),40.2,Medium Risk,75.3,Immediate Action,Sufficiently Trained,Stable Leadership Continuity,Lateral Role Rotation / New Project,1,4,0.079,0.202,-0.967,Fast-Track Performers
PANW-2357,42,0,Travel_Rarely,1396,Research & Development,6,3,Medical,3,Male,83,3,3,Research Director,1,Married,13348,14842,9,No,13,3,2,1,18,3,4,13,7,5,7,0.357,0.5,0.214,0.875,0.5,2,0.158,0.83,2.5,Veteran Stage (13+ yrs),63.1,High Risk,77.1,Immediate Action,Sufficiently Trained,Prolonged Stagnant Manager Dyad,Promotion & Compensation Review,3,1,2.185,-0.327,0.409,High-Risk Stagnation Profiles
PANW-2358,31,0,Travel_Rarely,1079,Sales,10,2,Medical,3,Female,86,3,2,Sales Executive,4,Divorced,6583,20115,2,Yes,11,3,4,1,8,2,3,5,2,1,4,0.167,0.333,0.333,1.333,0.667,1,0.222,0.95,3.5,Growth Stage (3-6 yrs),18.1,Low Risk,61.3,Watchlist,Moderate Development Need,Stable Leadership Continuity,Regular Annual Review,1,4,-0.66,-0.542,-0.08,Fast-Track Performers
PANW-2359,34,0,Travel_Rarely,735,Sales,3,1,Medical,4,Female,75,2,2,Sales Executive,4,Married,8103,16495,3,Yes,12,3,3,0,9,3,2,4,2,0,1,0.0,0.4,0.6,0.333,0.2,2,0.2,1.17,3.25,Growth Stage (3-6 yrs),16.2,Low Risk,56.9,Watchlist,Sufficiently Trained,Recent Manager Transition,Regular Annual Review,1,4,-1.367,-0.321,-0.558,Fast-Track Performers
PANW-2360,31,0,Travel_Rarely,471,Research & Development,4,3,Medical,1,Female,62,4,1,Laboratory Technician,3,Divorced,3978,16031,8,No,12,3,2,1,4,0,2,2,2,2,2,0.667,0.667,0.0,0.667,0.667,0,0.2,1.23,2.0,Early Stage (0-2 yrs),33.7,Medium Risk,70.5,Immediate Action,Moderate Development Need,Moderate Manager Continuity,Upskilling & Training Program,1,4,-0.633,1.842,0.369,Fast-Track Performers
PANW-2361,26,0,Travel_Frequently,1096,Research & Development,6,3,Other,3,Male,61,4,1,Laboratory Technician,4,Married,2544,7102,0,No,18,3,1,1,8,3,3,7,7,7,7,0.875,0.875,0.375,0.875,0.875,0,0.111,0.79,2.75,Established Stage (7-12 yrs),68.2,High Risk,82.6,Immediate Action,Sufficiently Trained,Prolonged Stagnant Manager Dyad,Promotion & Compensation Review,3,0,1.778,2.595,0.822,High-Risk Stagnation Profiles
PANW-2362,45,0,Travel_Frequently,1297,Research & Development,1,4,Medical,2,Male,44,3,2,Healthcare Representative,3,Single,5399,14511,4,No,12,3,3,0,12,3,3,4,2,0,3,0.0,0.4,0.6,1.0,0.6,2,0.154,0.72,2.75,Growth Stage (3-6 yrs),20.0,Low Risk,62.0,Watchlist,Sufficiently Trained,Moderate Manager Continuity,Regular Annual Review,1,4,-0.859,-0.77,-0.73,Fast-Track Performers
PANW-2363,33,0,Travel_Rarely,217,Sales,10,4,Marketing,2,Male,43,3,2,Sales Executive,3,Single,5487,10410,1,No,14,3,2,0,10,2,2,10,4,0,9,0.0,0.364,0.182,1.8,0.818,4,0.182,0.79,2.25,Established Stage (7-12 yrs),25.4,Low Risk,63.9,Watchlist,Moderate Development Need,Stable Leadership Continuity,Regular Annual Review,3,1,0.479,-1.111,-1.085,High-Risk Stagnation Profiles
PANW-2364,28,0,Travel_Frequently,783,Sales,1,2,Life Sciences,3,Male,42,2,2,Sales Executive,4,Married,6834,19255,1,Yes,12,3,3,1,7,2,3,7,7,0,7,0.0,0.875,0.25,0.875,0.875,7,0.25,0.99,3.25,Established Stage (7-12 yrs),43.8,Medium Risk,66.6,Watchlist,Moderate Development Need,Stable Leadership Continuity,Lateral Role Rotation / New Project,3,1,0.433,0.7,-1.472,High-Risk Stagnation Profiles
PANW-2365,29,1,Travel_Frequently,746,Sales,24,3,Technical Degree,3,Male,45,4,1,Sales Representative,1,Single,1091,10642,1,No,17,3,4,0,1,3,3,1,0,0,0,0.0,0.0,1.5,0.0,0.0,0,0.5,0.42,2.75,Early Stage (0-2 yrs),11.2,Low Risk,37.7,Already Attrited,Sufficiently Trained,Recent Manager Transition,Exit Analysis & Knowledge Transfer,0,2,-3.825,-0.28,0.974,Early-Career Explorers
PANW-2366,39,0,Non-Travel,1251,Sales,21,4,Life Sciences,1,Female,32,1,2,Sales Executive,3,Married,5736,3987,6,No,19,3,3,1,10,1,3,3,2,1,2,0.25,0.5,0.25,0.667,0.5,1,0.182,0.83,2.5,Growth Stage (3-6 yrs),26.0,Low Risk,56.6,Watchlist,Moderate Development Need,Moderate Manager Continuity,Upskilling & Training Program,1,4,-0.72,0.23,-0.411,Fast-Track Performers
PANW-2367,27,0,Travel_Rarely,1354,Research & Development,2,4,Technical Degree,2,Male,41,3,1,Research Scientist,2,Married,2226,6073,1,No,11,3,3,1,6,3,2,5,3,1,2,0.167,0.5,0.5,0.5,0.333,2,0.143,0.69,2.25,Growth Stage (3-6 yrs),32.9,Medium Risk,66.5,Watchlist,Sufficiently Trained,Moderate Manager Continuity,Regular Annual Review,1,4,-0.978,0.595,-0.588,Fast-Track Performers
PANW-2368,34,0,Travel_Frequently,735,Research & Development,22,4,Other,3,Male,86,2,2,Research Scientist,4,Married,5747,26496,1,Yes,15,3,2,0,16,3,3,15,10,6,11,0.375,0.625,0.188,1.0,0.688,4,0.118,1.77,3.0,Veteran Stage (13+ yrs),61.6,High Risk,72.8,Immediate Action,Sufficiently Trained,Prolonged Stagnant Manager Dyad,Promotion & Compensation Review,3,1,3.042,0.454,-0.109,High-Risk Stagnation Profiles
PANW-2369,28,1,Travel_Rarely,1475,Sales,13,2,Marketing,4,Female,84,3,2,Sales Executive,3,Single,9854,23352,3,Yes,11,3,4,0,6,0,3,2,0,2,2,0.667,0.0,0.0,2.0,0.667,-2,0.286,1.42,3.5,Early Stage (0-2 yrs),10.8,Low Risk,33.8,Already Attrited,Moderate Development Need,Moderate Manager Continuity,Exit Analysis & Knowledge Transfer,1,4,-1.075,-0.531,1.661,Fast-Track Performers
PANW-2370,47,0,Non-Travel,1169,Research & Development,14,4,Technical Degree,3,Male,64,3,2,Research Scientist,2,Married,5467,2125,8,No,18,3,3,1,16,4,4,8,7,1,7,0.111,0.778,0.444,0.875,0.778,6,0.118,1.69,3.0,Established Stage (7-12 yrs),52.3,Medium Risk,73.3,Immediate Action,Sufficiently Trained,Stable Leadership Continuity,Lateral Role Rotation / New Project,3,1,1.125,0.242,-1.387,High-Risk Stagnation Profiles
PANW-2371,56,0,Travel_Rarely,1443,Sales,11,5,Marketing,4,Female,89,2,2,Sales Executive,1,Married,5380,20328,4,No,16,3,3,1,6,3,3,0,0,0,0,0.0,0.0,3.0,0.0,0.0,0,0.286,0.78,2.75,Early Stage (0-2 yrs),11.2,Low Risk,55.2,Watchlist,Sufficiently Trained,Recent Manager Transition,Regular Annual Review,0,2,-3.651,-1.122,1.259,Early-Career Explorers
PANW-2372,39,0,Travel_Rarely,867,Research & Development,9,2,Medical,1,Male,87,3,2,Manufacturing Director,1,Married,5151,12315,1,No,25,4,4,1,10,3,3,10,0,7,9,0.636,0.0,0.273,9.0,0.818,-7,0.182,0.71,2.25,Established Stage (7-12 yrs),35.8,Medium Risk,73.8,Immediate Action,Sufficiently Trained,Prolonged Stagnant Manager Dyad,Manager Mentorship & Skip-Level Check-in,4,3,1.715,-3.421,1.721,Promotion-Stalled Employees
PANW-2373,38,0,Travel_Frequently,1394,Research & Development,8,3,Medical,4,Female,58,2,2,Research Scientist,2,Divorced,2133,18115,1,Yes,16,3,3,1,20,3,3,20,11,0,7,0.0,0.524,0.143,0.583,0.333,11,0.095,0.66,3.0,Veteran Stage (13+ yrs),45.6,Medium Risk,67.2,Watchlist,Sufficiently Trained,Stable Leadership Continuity,Regular Annual Review,3,1,2.248,-0.606,-1.781,High-Risk Stagnation Profiles
PANW-2374,58,0,Travel_Rarely,605,Sales,21,3,Life Sciences,4,Female,72,3,4,Manager,4,Married,17875,11761,4,Yes,13,3,3,1,29,2,2,1,0,0,0,0.0,0.0,1.0,0.0,0.0,0,0.133,1.04,3.25,Early Stage (0-2 yrs),0.0,Low Risk,55.0,Watchlist,Moderate Development Need,Recent Manager Transition,Regular Annual Review,1,2,-0.965,-2.736,0.368,Fast-Track Performers
PANW-2375,32,1,Travel_Frequently,238,Research & Development,5,2,Life Sciences,1,Female,47,4,1,Research Scientist,3,Single,2432,15318,3,Yes,14,3,1,0,8,2,3,4,1,0,3,0.0,0.2,0.4,1.5,0.6,1,0.111,0.75,2.0,Growth Stage (3-6 yrs),11.9,Low Risk,37.9,Already Attrited,Moderate Development Need,Moderate Manager Continuity,Exit Analysis & Knowledge Transfer,1,4,-1.333,-0.852,-0.914,Fast-Track Performers
PANW-2376,38,0,Travel_Rarely,1206,Research & Development,9,2,Life Sciences,2,Male,71,3,1,Research Scientist,4,Divorced,4771,14293,2,No,19,3,4,2,10,0,4,5,2,0,3,0.0,0.333,0.0,1.0,0.5,2,0.091,1.47,3.5,Growth Stage (3-6 yrs),14.6,Low Risk,60.1,Watchlist,Moderate Development Need,Moderate Manager Continuity,Upskilling & Training Program,1,4,-0.84,-0.363,-1.477,Fast-Track Performers
PANW-2377,49,0,Travel_Frequently,1064,Research & Development,2,1,Life Sciences,2,Male,42,3,5,Research Director,4,Married,19161,13738,3,No,15,3,4,0,28,3,3,5,4,4,3,0.667,0.667,0.5,0.6,0.5,0,0.172,1.2,3.25,Growth Stage (3-6 yrs),43.2,Medium Risk,70.1,Immediate Action,Sufficiently Trained,Moderate Manager Continuity,Lateral Role Rotation / New Project,3,1,1.914,-0.576,1.41,High-Risk Stagnation Profiles
PANW-2378,42,0,Travel_Rarely,419,Sales,12,4,Marketing,2,Male,77,3,2,Sales Executive,4,Divorced,5087,2900,3,Yes,12,3,3,2,14,4,3,0,0,0,0,0.0,0.0,4.0,0.0,0.0,0,0.133,0.73,3.0,Early Stage (0-2 yrs),0.0,Low Risk,55.0,Watchlist,Sufficiently Trained,Recent Manager Transition,Regular Annual Review,0,2,-3.427,-1.735,1.418,Early-Career Explorers
PANW-2379,27,1,Travel_Frequently,1337,Human Resources,22,3,Human Resources,1,Female,58,2,1,Human Resources,2,Married,2863,19555,1,No,12,3,1,0,1,2,3,1,0,0,0,0.0,0.0,1.0,0.0,0.0,0,0.5,0.68,1.75,Early Stage (0-2 yrs),7.5,Low Risk,28.9,Already Attrited,Moderate Development Need,Recent Manager Transition,Exit Analysis & Knowledge Transfer,0,2,-3.591,-0.257,0.871,Early-Career Explorers
PANW-2380,35,0,Travel_Rarely,682,Sales,18,4,Medical,2,Male,71,3,2,Sales Executive,1,Married,5561,15975,0,No,16,3,4,1,6,2,1,5,3,0,4,0.0,0.5,0.333,1.0,0.667,3,0.286,0.8,2.0,Growth Stage (3-6 yrs),33.1,Medium Risk,66.6,Watchlist,Moderate Development Need,Stable Leadership Continuity,Regular Annual Review,1,4,-0.908,-0.147,-0.775,Fast-Track Performers
PANW-2381,28,0,Non-Travel,1103,Research & Development,16,3,Medical,3,Male,49,3,1,Research Scientist,3,Single,2144,2122,1,No,14,3,3,0,5,3,2,5,3,1,4,0.167,0.5,0.5,1.0,0.667,2,0.167,0.66,2.75,Growth Stage (3-6 yrs),29.1,Low Risk,65.2,Watchlist,Sufficiently Trained,Stable Leadership Continuity,Regular Annual Review,1,4,-0.806,0.451,-0.65,Fast-Track Performers
PANW-2382,31,0,Non-Travel,976,Research & Development,3,2,Medical,3,Male,48,3,1,Research Scientist,1,Divorced,3065,3995,1,Yes,13,3,4,1,4,3,4,4,2,2,3,0.4,0.4,0.6,1.0,0.6,0,0.2,0.95,3.0,Growth Stage (3-6 yrs),34.5,Medium Risk,67.1,Watchlist,Sufficiently Trained,Moderate Manager Continuity,Regular Annual Review,1,4,-1.037,0.655,0.345,Fast-Track Performers
PANW-2383,36,0,Non-Travel,1351,Research & Development,9,4,Life Sciences,1,Male,66,4,1,Laboratory Technician,2,Married,2810,9238,1,No,22,4,2,0,5,3,3,5,4,0,2,0.0,0.667,0.5,0.4,0.333,4,0.167,0.87,2.0,Growth Stage (3-6 yrs),36.7,Medium Risk,77.8,Immediate Action,Sufficiently Trained,Moderate Manager Continuity,Lateral Role Rotation / New Project,1,4,-1.106,0.898,-1.555,Fast-Track Performers
PANW-2384,34,0,Travel_Rarely,937,Sales,1,3,Marketing,1,Male,32,3,3,Sales Executive,4,Single,9888,6770,1,No,21,4,1,0,14,3,2,14,8,2,1,0.133,0.533,0.2,0.111,0.067,6,0.2,1.43,2.0,Veteran Stage (13+ yrs),45.3,Medium Risk,77.1,Immediate Action,Sufficiently Trained,Recent Manager Transition,Regular Annual Review,3,0,0.902,-0.006,-0.585,High-Risk Stagnation Profiles
PANW-2385,34,0,Travel_Rarely,1239,Sales,13,4,Medical,4,Male,39,3,3,Sales Executive,3,Divorced,8628,22914,1,No,18,3,3,1,9,2,2,8,7,1,1,0.111,0.778,0.222,0.125,0.111,6,0.3,1.25,3.0,Established Stage (7-12 yrs),48.6,Medium Risk,72.0,Immediate Action,Moderate Development Need,Recent Manager Transition,Lateral Role Rotation / New Project,1,4,0.095,0.732,-0.673,Fast-Track Performers
PANW-2386,26,0,Travel_Rarely,157,Research & Development,1,3,Medical,3,Male,95,3,1,Laboratory Technician,1,Single,2867,20006,0,No,13,3,4,0,8,6,2,7,7,7,6,0.875,0.875,0.75,0.75,0.75,0,0.111,0.89,2.5,Established Stage (7-12 yrs),79.5,High Risk,82.8,Immediate Action,Sufficiently Trained,Prolonged Stagnant Manager Dyad,Promotion & Compensation Review,3,0,1.52,2.563,1.156,High-Risk Stagnation Profiles
PANW-2387,29,0,Travel_Rarely,136,Research & Development,1,3,Life Sciences,1,Male,89,3,2,Healthcare Representative,1,Married,5373,6225,0,No,12,3,1,1,6,5,2,5,3,0,2,0.0,0.5,0.833,0.5,0.333,3,0.286,0.71,1.25,Growth Stage (3-6 yrs),33.1,Medium Risk,66.6,Watchlist,Sufficiently Trained,Moderate Manager Continuity,Regular Annual Review,1,4,-1.375,-0.028,-0.385,Fast-Track Performers
PANW-2388,32,0,Non-Travel,1146,Research & Development,15,4,Medical,3,Female,34,3,2,Healthcare Representative,4,Divorced,6667,16542,5,No,18,3,2,1,9,6,3,5,1,1,2,0.167,0.167,1.0,1.0,0.333,0,0.2,0.89,3.0,Growth Stage (3-6 yrs),10.8,Low Risk,58.8,Watchlist,Sufficiently Trained,Moderate Manager Continuity,Regular Annual Review,1,4,-1.389,-0.854,0.266,Fast-Track Performers
PANW-2389,31,0,Travel_Frequently,1125,Research & Development,1,3,Life Sciences,4,Male,48,1,2,Research Scientist,1,Married,5003,5771,1,No,21,4,2,0,10,6,3,10,8,8,7,0.727,0.727,0.545,0.778,0.636,0,0.182,1.54,2.5,Established Stage (7-12 yrs),82.4,High Risk,82.6,Immediate Action,Sufficiently Trained,Prolonged Stagnant Manager Dyad,Promotion & Compensation Review,3,0,2.049,1.75,1.183,High-Risk Stagnation Profiles
PANW-2390,28,1,Travel_Rarely,1404,Research & Development,17,3,Technical Degree,3,Male,32,2,1,Laboratory Technician,4,Divorced,2367,18779,5,No,12,3,1,1,6,2,2,4,1,0,3,0.0,0.2,0.4,1.5,0.6,1,0.143,0.73,2.5,Growth Stage (3-6 yrs),8.1,Low Risk,29.1,Already Attrited,Moderate Development Need,Moderate Manager Continuity,Exit Analysis & Knowledge Transfer,1,4,-1.47,-0.764,-0.774,Fast-Track Performers
PANW-2391,38,0,Travel_Rarely,1404,Sales,1,3,Life Sciences,1,Male,59,2,1,Sales Representative,1,Single,2858,11473,4,No,14,3,1,0,20,3,2,1,0,0,0,0.0,0.0,1.5,0.0,0.0,0,0.048,1.09,1.25,Early Stage (0-2 yrs),11.2,Low Risk,55.2,Watchlist,Sufficiently Trained,Recent Manager Transition,Regular Annual Review,1,2,-2.144,-1.369,-0.2,Fast-Track Performers
PANW-2392,35,0,Travel_Rarely,1224,Sales,7,4,Life Sciences,3,Female,55,3,2,Sales Executive,4,Married,5204,13586,1,Yes,11,3,4,0,10,2,3,10,8,0,9,0.0,0.727,0.182,1.0,0.818,8,0.182,0.75,3.5,Established Stage (7-12 yrs),43.2,Medium Risk,70.1,Immediate Action,Moderate Development Need,Stable Leadership Continuity,Lateral Role Rotation / New Project,3,1,1.128,0.135,-1.584,High-Risk Stagnation Profiles
PANW-2393,27,0,Travel_Rarely,954,Sales,9,3,Marketing,4,Male,44,3,2,Sales Executive,4,Single,4105,5099,1,No,14,3,1,0,7,5,3,7,7,0,7,0.0,0.875,0.625,0.875,0.875,7,0.25,0.59,3.0,Established Stage (7-12 yrs),43.8,Medium Risk,70.3,Immediate Action,Sufficiently Trained,Stable Leadership Continuity,Lateral Role Rotation / New Project,3,1,0.266,0.666,-1.349,High-Risk Stagnation Profiles
PANW-2394,32,0,Travel_Rarely,1373,Research & Development,5,4,Life Sciences,4,Male,56,2,2,Manufacturing Director,4,Single,9679,10138,8,No,24,4,2,0,8,1,3,1,0,0,0,0.0,0.0,0.5,0.0,0.0,0,0.222,1.33,3.25,Early Stage (0-2 yrs),0.0,Low Risk,57.5,Watchlist,Moderate Development Need,Recent Manager Transition,Upskilling & Training Program,0,2,-2.355,-0.838,-0.308,Early-Career Explorers
PANW-2395,31,1,Travel_Frequently,754,Sales,26,4,Marketing,1,Male,63,3,2,Sales Executive,4,Married,5617,21075,1,Yes,11,3,3,0,10,4,3,10,7,0,8,0.0,0.636,0.364,1.0,0.727,7,0.182,0.81,2.75,Established Stage (7-12 yrs),37.8,Medium Risk,43.2,Already Attrited,Sufficiently Trained,Stable Leadership Continuity,Exit Analysis & Knowledge Transfer,3,1,0.762,-0.114,-1.329,High-Risk Stagnation Profiles
PANW-2396,53,1,Travel_Rarely,1168,Sales,24,4,Life Sciences,1,Male,66,3,3,Sales Executive,1,Single,10448,5843,6,Yes,13,3,2,0,15,2,2,2,2,2,2,0.667,0.667,0.667,0.667,0.667,0,0.188,1.51,1.5,Early Stage (0-2 yrs),41.2,Medium Risk,44.4,Already Attrited,Moderate Development Need,Moderate Manager Continuity,Exit Analysis & Knowledge Transfer,1,1,0.064,0.542,0.992,Fast-Track Performers
PANW-2397,54,0,Travel_Rarely,155,Research & Development,9,2,Life Sciences,1,Female,67,3,2,Research Scientist,3,Married,2897,22474,3,No,11,3,3,2,9,6,2,4,3,2,3,0.4,0.6,1.2,0.75,0.6,1,0.2,0.89,2.25,Growth Stage (3-6 yrs),35.1,Medium Risk,67.3,Watchlist,Sufficiently Trained,Moderate Manager Continuity,Regular Annual Review,1,4,-0.578,0.526,0.595,Fast-Track Performers
PANW-2398,33,0,Travel_Frequently,1303,Research & Development,7,2,Life Sciences,4,Male,36,3,2,Healthcare Representative,3,Divorced,5968,18079,1,No,20,4,3,3,9,2,3,9,7,2,8,0.2,0.7,0.2,1.0,0.8,5,0.2,0.79,3.25,Established Stage (7-12 yrs),50.1,Medium Risk,78.8,Immediate Action,Moderate Development Need,Stable Leadership Continuity,Lateral Role Rotation / New Project,3,0,1.056,0.589,-0.929,High-Risk Stagnation Profiles
PANW-2399,43,0,Travel_Rarely,574,Research & Development,11,3,Life Sciences,1,Male,30,3,3,Healthcare Representative,3,Married,7510,16873,1,No,17,3,2,1,10,1,3,10,9,0,9,0.0,0.818,0.091,0.9,0.818,9,0.273,1.0,2.25,Established Stage (7-12 yrs),49.2,Medium Risk,72.2,Immediate Action,High Development Need,Stable Leadership Continuity,Lateral Role Rotation / New Project,3,1,1.386,0.175,-1.5,High-Risk Stagnation Profiles
PANW-2400,38,0,Travel_Frequently,1444,Human Resources,1,4,Other,4,Male,88,3,1,Human Resources,2,Married,2991,5224,0,Yes,11,3,2,1,7,2,3,6,2,1,2,0.143,0.286,0.286,0.667,0.286,1,0.125,0.71,2.75,Growth Stage (3-6 yrs),24.4,Low Risk,63.5,Watchlist,Moderate Development Need,Moderate Manager Continuity,Regular Annual Review,1,4,-1.03,-0.042,-0.502,Fast-Track Performers
PANW-2401,55,0,Travel_Rarely,189,Human Resources,26,4,Human Resources,3,Male,71,4,5,Manager,2,Married,19636,25811,4,Yes,18,3,1,1,35,0,3,10,9,1,4,0.091,0.818,0.0,0.4,0.364,8,0.139,1.14,2.25,Established Stage (7-12 yrs),56.4,High Risk,78.5,Immediate Action,High Development Need,Stable Leadership Continuity,Lateral Role Rotation / New Project,2,1,2.806,-1.265,-1.062,Stable Long-Term Contributors
PANW-2402,31,0,Travel_Rarely,1276,Research & Development,2,1,Medical,4,Female,59,1,1,Laboratory Technician,4,Divorced,1129,17536,1,Yes,11,3,3,3,1,4,3,1,0,0,0,0.0,0.0,2.0,0.0,0.0,0,0.5,0.35,3.5,Early Stage (0-2 yrs),0.0,Low Risk,47.5,Low Urgency,Sufficiently Trained,Recent Manager Transition,Regular Annual Review,0,2,-4.01,-0.406,1.369,Early-Career Explorers
PANW-2403,39,0,Travel_Rarely,119,Sales,15,4,Marketing,2,Male,77,3,4,Sales Executive,1,Single,13341,25098,0,No,12,3,1,0,21,3,3,20,8,11,10,0.524,0.381,0.143,1.111,0.476,-3,0.182,1.93,1.75,Veteran Stage (13+ yrs),80.8,High Risk,83.3,Immediate Action,Sufficiently Trained,Prolonged Stagnant Manager Dyad,Promotion & Compensation Review,2,0,4.098,-0.767,1.993,Stable Long-Term Contributors
PANW-2404,42,0,Non-Travel,335,Research & Development,23,2,Life Sciences,4,Male,37,2,2,Research Scientist,3,Single,4332,14811,1,No,12,3,4,0,20,2,3,20,9,3,7,0.143,0.429,0.095,0.7,0.333,6,0.095,1.34,3.5,Veteran Stage (13+ yrs),50.0,Medium Risk,68.8,Watchlist,Moderate Development Need,Stable Leadership Continuity,Regular Annual Review,3,1,2.42,-0.639,-0.724,High-Risk Stagnation Profiles
PANW-2405,31,0,Non-Travel,697,Research & Development,10,3,Medical,3,Female,40,3,3,Research Director,3,Married,11031,26862,4,No,20,4,3,1,13,2,4,11,7,4,8,0.333,0.583,0.167,1.0,0.667,3,0.214,0.69,3.25,Established Stage (7-12 yrs),54.2,Medium Risk,80.2,Immediate Action,Moderate Development Need,Prolonged Stagnant Manager Dyad,Manager Mentorship & Skip-Level Check-in,3,0,1.796,0.071,0.013,High-Risk Stagnation Profiles
PANW-2406,54,0,Travel_Rarely,157,Research & Development,10,3,Medical,3,Female,77,3,2,Manufacturing Director,1,Single,4440,25198,6,Yes,19,3,4,0,9,3,3,5,2,1,4,0.167,0.333,0.5,1.333,0.667,1,0.2,0.61,2.75,Growth Stage (3-6 yrs),29.3,Low Risk,65.3,Watchlist,Sufficiently Trained,Stable Leadership Continuity,Regular Annual Review,1,4,-0.682,-0.545,-0.274,Fast-Track Performers
PANW-2407,24,0,Travel_Rarely,771,Research & Development,1,2,Life Sciences,2,Male,45,2,2,Healthcare Representative,3,Single,4617,14120,1,No,12,3,2,0,4,2,2,4,3,1,2,0.2,0.6,0.4,0.5,0.4,2,0.4,0.61,2.25,Growth Stage (3-6 yrs),31.6,Medium Risk,62.3,Watchlist,Moderate Development Need,Moderate Manager Continuity,Regular Annual Review,1,4,-1.224,0.728,0.204,Fast-Track Performers
PANW-2408,23,0,Travel_Rarely,571,Research & Development,12,2,Other,4,Male,78,3,1,Laboratory Technician,4,Single,2647,13672,1,No,13,3,3,0,5,6,4,5,2,1,4,0.167,0.333,1.0,1.333,0.667,1,0.167,0.82,3.75,Growth Stage (3-6 yrs),18.1,Low Risk,61.3,Watchlist,Sufficiently Trained,Stable Leadership Continuity,Regular Annual Review,1,4,-1.221,-0.149,-0.156,Fast-Track Performers
PANW-2409,40,0,Travel_Frequently,692,Research & Development,11,3,Technical Degree,4,Female,73,3,2,Laboratory Technician,3,Married,6323,26849,1,No,11,3,1,1,10,2,4,10,9,9,4,0.818,0.818,0.182,0.4,0.364,0,0.182,1.95,3.0,Established Stage (7-12 yrs),80.7,High Risk,83.2,Immediate Action,Moderate Development Need,Stable Leadership Continuity,Promotion & Compensation Review,3,0,2.236,2.334,1.559,High-Risk Stagnation Profiles
PANW-2410,40,0,Travel_Rarely,444,Sales,2,2,Marketing,2,Female,92,3,2,Sales Executive,2,Married,5677,4258,3,No,14,3,3,1,15,4,3,11,8,5,10,0.417,0.667,0.333,1.111,0.833,3,0.125,0.82,2.5,Established Stage (7-12 yrs),66.7,High Risk,78.3,Immediate Action,Sufficiently Trained,Prolonged Stagnant Manager Dyad,Promotion & Compensation Review,3,1,2.327,0.526,-0.016,High-Risk Stagnation Profiles
PANW-2411,25,0,Travel_Rarely,309,Human Resources,2,3,Human Resources,3,Female,82,3,1,Human Resources,2,Married,2187,19655,4,No,14,3,3,0,6,3,3,2,0,1,2,0.333,0.0,1.0,2.0,0.667,-1,0.143,0.52,2.75,Early Stage (0-2 yrs),11.0,Low Risk,58.8,Watchlist,Sufficiently Trained,Moderate Manager Continuity,Regular Annual Review,1,4,-1.837,-0.877,0.606,Fast-Track Performers
PANW-2412,30,0,Travel_Rarely,911,Research & Development,1,2,Medical,4,Male,76,3,1,Laboratory Technician,2,Married,3748,4077,1,No,13,3,3,0,12,6,2,12,8,1,7,0.077,0.615,0.462,0.778,0.538,7,0.077,1.16,2.75,Established Stage (7-12 yrs),51.4,Medium Risk,73.0,Immediate Action,Sufficiently Trained,Stable Leadership Continuity,Lateral Role Rotation / New Project,3,1,0.993,0.334,-1.468,High-Risk Stagnation Profiles
PANW-2413,25,0,Travel_Rarely,977,Research & Development,2,1,Other,4,Male,57,3,1,Laboratory Technician,3,Divorced,3977,7298,6,Yes,19,3,3,1,7,2,2,2,2,0,2,0.0,0.667,0.667,0.667,0.667,2,0.125,1.23,3.0,Early Stage (0-2 yrs),26.7,Low Risk,64.3,Watchlist,Moderate Development Need,Moderate Manager Continuity,Regular Annual Review,1,4,-1.375,0.589,-1.434,Fast-Track Performers
PANW-2414,47,0,Travel_Rarely,1180,Research & Development,25,3,Medical,1,Male,84,3,3,Healthcare Representative,3,Single,8633,13084,2,No,23,4,2,0,25,3,3,17,14,12,11,0.667,0.778,0.167,0.733,0.611,2,0.115,1.15,2.25,Veteran Stage (13+ yrs),83.2,High Risk,90.4,Immediate Action,Sufficiently Trained,Prolonged Stagnant Manager Dyad,Promotion & Compensation Review,2,0,5.134,1.083,1.1,Stable Long-Term Contributors
PANW-2415,33,0,Non-Travel,1313,Research & Development,1,2,Medical,2,Male,59,2,1,Laboratory Technician,3,Divorced,2008,20439,1,No,12,3,3,3,1,2,2,1,1,0,0,0.0,0.5,1.0,0.0,0.0,1,0.5,0.62,2.5,Early Stage (0-2 yrs),19.4,Low Risk,58.0,Watchlist,Moderate Development Need,Recent Manager Transition,Regular Annual Review,0,4,-3.062,0.803,0.263,Early-Career Explorers
PANW-2416,38,0,Travel_Rarely,1321,Sales,1,4,Life Sciences,4,Male,86,3,2,Sales Executive,2,Married,4440,7636,0,No,15,3,1,2,16,3,3,15,13,5,8,0.312,0.812,0.188,0.571,0.5,8,0.118,0.64,2.5,Veteran Stage (13+ yrs),70.3,High Risk,79.6,Immediate Action,Sufficiently Trained,Prolonged Stagnant Manager Dyad,Promotion & Compensation Review,3,1,3.0,1.096,-0.664,High-Risk Stagnation Profiles
PANW-2417,31,0,Travel_Rarely,1154,Sales,2,2,Life Sciences,1,Male,54,3,1,Sales Representative,3,Married,3067,6393,0,No,19,3,3,1,3,1,3,2,2,1,2,0.333,0.667,0.333,0.667,0.667,1,0.25,1.17,2.5,Early Stage (0-2 yrs),30.2,Medium Risk,65.6,Watchlist,Moderate Development Need,Moderate Manager Continuity,Upskilling & Training Program,1,4,-1.293,1.396,-0.38,Fast-Track Performers
PANW-2418,38,0,Travel_Frequently,508,Research & Development,6,4,Life Sciences,1,Male,72,2,2,Manufacturing Director,3,Married,5321,14284,2,No,11,3,4,1,10,1,3,8,3,7,7,0.778,0.333,0.111,1.75,0.778,-4,0.182,0.73,2.75,Established Stage (7-12 yrs),46.0,Medium Risk,67.4,Watchlist,High Development Need,Prolonged Stagnant Manager Dyad,Upskilling & Training Program,3,0,1.334,0.327,1.843,High-Risk Stagnation Profiles
PANW-2419,42,0,Travel_Rarely,557,Research & Development,18,4,Life Sciences,4,Male,35,3,2,Research Scientist,1,Divorced,5410,11189,6,Yes,17,3,3,1,9,3,2,4,3,1,2,0.2,0.6,0.6,0.5,0.4,2,0.2,1.67,2.5,Growth Stage (3-6 yrs),39.1,Medium Risk,68.7,Watchlist,Sufficiently Trained,Moderate Manager Continuity,Regular Annual Review,1,4,-0.737,0.443,-0.403,Fast-Track Performers
PANW-2420,41,0,Travel_Rarely,642,Research & Development,1,3,Life Sciences,4,Male,76,3,1,Research Scientist,4,Married,2782,21412,3,No,22,4,1,1,12,3,3,5,3,1,0,0.167,0.5,0.5,0.0,0.0,2,0.077,0.86,3.0,Growth Stage (3-6 yrs),25.4,Low Risk,70.1,Immediate Action,Sufficiently Trained,Recent Manager Transition,Regular Annual Review,1,4,-0.921,0.614,-1.001,Fast-Track Performers
PANW-2421,47,0,Non-Travel,1162,Research & Development,1,1,Medical,3,Female,98,3,3,Research Director,2,Married,11957,17231,0,No,18,3,1,2,14,3,1,13,8,5,12,0.357,0.571,0.214,1.333,0.857,3,0.2,0.75,1.75,Veteran Stage (13+ yrs),64.3,High Risk,77.5,Immediate Action,Sufficiently Trained,Prolonged Stagnant Manager Dyad,Promotion & Compensation Review,3,1,2.667,-0.141,0.138,High-Risk Stagnation Profiles
PANW-2422,35,0,Travel_Rarely,1490,Research & Development,11,4,Medical,4,Male,43,3,1,Laboratory Technician,3,Married,2660,20232,7,Yes,11,3,3,1,5,3,3,2,2,2,2,0.667,0.667,1.0,0.667,0.667,0,0.167,0.82,3.25,Early Stage (0-2 yrs),33.7,Medium Risk,66.8,Watchlist,Sufficiently Trained,Moderate Manager Continuity,Regular Annual Review,1,4,-0.947,1.633,0.773,Fast-Track Performers
PANW-2423,22,0,Travel_Rarely,581,Research & Development,1,2,Life Sciences,4,Male,63,3,1,Research Scientist,3,Single,3375,17624,0,No,12,3,4,0,4,2,4,3,2,1,2,0.25,0.5,0.5,0.667,0.5,1,0.2,1.04,3.75,Growth Stage (3-6 yrs),26.0,Low Risk,64.1,Watchlist,Moderate Development Need,Moderate Manager Continuity,Regular Annual Review,1,4,-1.331,0.765,-0.242,Fast-Track Performers
PANW-2424,35,0,Travel_Rarely,1395,Research & Development,9,4,Medical,2,Male,48,3,2,Research Scientist,3,Single,5098,18698,1,No,19,3,2,0,10,5,3,10,7,0,8,0.0,0.636,0.455,1.0,0.727,7,0.182,1.57,2.5,Established Stage (7-12 yrs),41.5,Medium Risk,69.5,Watchlist,Sufficiently Trained,Stable Leadership Continuity,Lateral Role Rotation / New Project,3,1,0.687,-0.052,-1.499,High-Risk Stagnation Profiles
PANW-2425,33,0,Travel_Rarely,501,Research & Development,15,2,Medical,2,Female,95,3,2,Healthcare Representative,4,Married,4878,21653,0,Yes,13,3,1,1,10,6,3,9,7,8,1,0.8,0.7,0.6,0.125,0.1,-1,0.182,0.65,2.5,Established Stage (7-12 yrs),67.4,High Risk,78.6,Immediate Action,Sufficiently Trained,Recent Manager Transition,Promotion & Compensation Review,3,0,1.204,2.046,1.793,High-Risk Stagnation Profiles
PANW-2426,32,0,Travel_Rarely,267,Research & Development,29,4,Life Sciences,3,Female,49,2,1,Laboratory Technician,2,Single,2837,15919,1,No,13,3,3,0,6,3,3,6,2,4,1,0.571,0.286,0.429,0.333,0.143,-2,0.143,0.88,2.75,Growth Stage (3-6 yrs),34.9,Medium Risk,63.5,Watchlist,Sufficiently Trained,Recent Manager Transition,Regular Annual Review,1,4,-0.699,0.921,0.966,Fast-Track Performers
PANW-2427,40,0,Travel_Rarely,543,Research & Development,1,4,Life Sciences,1,Male,83,3,1,Laboratory Technician,4,Married,2406,4060,8,No,19,3,3,2,8,3,2,1,0,0,0,0.0,0.0,1.5,0.0,0.0,0,0.111,0.74,2.5,Early Stage (0-2 yrs),0.0,Low Risk,55.0,Watchlist,Sufficiently Trained,Recent Manager Transition,Regular Annual Review,0,2,-2.793,-0.721,-0.194,Early-Career Explorers
PANW-2428,32,0,Travel_Rarely,234,Sales,1,4,Medical,2,Male,68,2,1,Sales Representative,2,Married,2269,18024,0,No,14,3,2,1,3,2,3,2,2,2,2,0.667,0.667,0.667,0.667,0.667,0,0.25,0.86,2.25,Early Stage (0-2 yrs),37.4,Medium Risk,64.3,Watchlist,Moderate Development Need,Moderate Manager Continuity,Regular Annual Review,1,4,-1.063,1.831,0.773,Fast-Track Performers
PANW-2429,39,0,Travel_Rarely,116,Research & Development,24,1,Life Sciences,1,Male,52,3,2,Research Scientist,4,Single,4108,5340,7,No,13,3,1,0,18,2,3,7,7,1,7,0.125,0.875,0.25,0.875,0.875,6,0.105,1.27,2.25,Established Stage (7-12 yrs),47.2,Medium Risk,71.5,Immediate Action,Moderate Development Need,Stable Leadership Continuity,Lateral Role Rotation / New Project,3,1,1.365,0.361,-1.458,High-Risk Stagnation Profiles
PANW-2430,38,0,Travel_Rarely,201,Research & Development,10,3,Medical,2,Female,99,1,3,Research Director,3,Married,13206,3376,3,No,12,3,1,1,20,3,3,18,16,1,11,0.053,0.842,0.158,0.647,0.579,15,0.143,0.82,2.25,Veteran Stage (13+ yrs),53.3,Medium Risk,66.2,Watchlist,Sufficiently Trained,Stable Leadership Continuity,Lateral Role Rotation / New Project,3,1,3.662,0.053,-1.76,High-Risk Stagnation Profiles
PANW-2431,32,0,Travel_Rarely,801,Sales,1,4,Marketing,3,Female,48,3,3,Sales Executive,4,Married,10422,24032,1,No,19,3,3,2,14,3,3,14,10,5,7,0.333,0.667,0.2,0.636,0.467,5,0.2,1.51,3.25,Veteran Stage (13+ yrs),59.2,High Risk,75.7,Immediate Action,Sufficiently Trained,Prolonged Stagnant Manager Dyad,Lateral Role Rotation / New Project,3,0,2.394,0.489,-0.012,High-Risk Stagnation Profiles
PANW-2432,37,0,Travel_Rarely,161,Research & Development,10,3,Life Sciences,3,Female,42,4,3,Research Director,4,Married,13744,15471,1,Yes,25,4,1,1,16,2,3,16,11,6,8,0.353,0.647,0.118,0.667,0.471,5,0.176,0.86,2.75,Veteran Stage (13+ yrs),62.2,High Risk,86.8,Immediate Action,Moderate Development Need,Prolonged Stagnant Manager Dyad,Promotion & Compensation Review,3,1,2.98,0.471,-0.11,High-Risk Stagnation Profiles
PANW-2433,25,0,Travel_Rarely,1382,Sales,8,2,Other,1,Female,85,3,2,Sales Executive,3,Divorced,4907,13684,0,Yes,22,4,2,1,6,3,2,5,3,0,4,0.0,0.5,0.5,1.0,0.667,3,0.286,0.71,2.0,Growth Stage (3-6 yrs),25.6,Low Risk,70.2,Immediate Action,Sufficiently Trained,Stable Leadership Continuity,Regular Annual Review,1,4,-1.005,-0.114,-0.856,Fast-Track Performers
PANW-2434,52,0,Non-Travel,585,Sales,29,4,Life Sciences,1,Male,40,3,1,Sales Representative,4,Divorced,3482,19788,2,No,15,3,2,2,16,3,2,9,8,0,0,0.0,0.8,0.3,0.0,0.0,8,0.059,1.33,2.25,Established Stage (7-12 yrs),45.0,Medium Risk,70.8,Immediate Action,Sufficiently Trained,Recent Manager Transition,Lateral Role Rotation / New Project,1,1,0.219,0.895,-1.999,Fast-Track Performers
PANW-2435,44,0,Travel_Rarely,1037,Research & Development,1,3,Medical,2,Male,42,3,1,Research Scientist,4,Single,2436,13422,6,Yes,12,3,3,0,6,2,3,4,3,1,2,0.2,0.6,0.4,0.5,0.4,2,0.143,0.75,3.0,Growth Stage (3-6 yrs),27.9,Low Risk,64.8,Watchlist,Moderate Development Need,Moderate Manager Continuity,Regular Annual Review,1,4,-0.896,0.891,-0.707,Fast-Track Performers
PANW-2436,21,0,Travel_Rarely,501,Sales,5,1,Medical,3,Male,58,3,1,Sales Representative,1,Single,2380,25479,1,Yes,11,3,4,0,2,6,3,2,2,1,2,0.333,0.667,2.0,0.667,0.667,1,0.333,0.91,2.75,Early Stage (0-2 yrs),37.7,Medium Risk,68.2,Watchlist,Sufficiently Trained,Moderate Manager Continuity,Regular Annual Review,1,4,-2.165,1.161,0.857,Fast-Track Performers
PANW-2437,39,0,Non-Travel,105,Research & Development,9,3,Life Sciences,4,Male,87,3,5,Manager,4,Single,19431,15302,2,No,13,3,3,0,21,3,2,6,0,1,3,0.143,0.0,0.429,3.0,0.429,-1,0.227,1.13,3.25,Growth Stage (3-6 yrs),3.5,Low Risk,56.2,Watchlist,Sufficiently Trained,Moderate Manager Continuity,Regular Annual Review,4,4,0.224,-3.636,0.909,Promotion-Stalled Employees
PANW-2438,23,1,Travel_Frequently,638,Sales,9,3,Marketing,4,Male,33,3,1,Sales Representative,1,Married,1790,26956,1,No,19,3,1,1,1,3,2,1,0,1,0,0.5,0.0,1.5,0.0,0.0,-1,0.5,0.68,2.0,Early Stage (0-2 yrs),14.8,Low Risk,35.2,Already Attrited,Sufficiently Trained,Recent Manager Transition,Exit Analysis & Knowledge Transfer,0,2,-3.362,0.506,2.132,Early-Career Explorers
PANW-2439,36,0,Travel_Rarely,557,Sales,3,3,Medical,1,Female,94,2,3,Sales Executive,4,Married,7644,12695,0,No,19,3,3,2,10,2,3,9,7,3,4,0.3,0.7,0.2,0.5,0.4,4,0.273,1.1,2.75,Established Stage (7-12 yrs),49.9,Medium Risk,68.7,Watchlist,Moderate Development Need,Stable Leadership Continuity,Lateral Role Rotation / New Project,3,0,0.903,0.677,-0.051,High-Risk Stagnation Profiles
PANW-2440,36,0,Travel_Frequently,688,Research & Development,4,2,Life Sciences,4,Female,97,3,2,Manufacturing Director,2,Divorced,5131,9192,7,No,13,3,2,3,18,3,3,4,2,0,2,0.0,0.4,0.6,0.667,0.4,2,0.105,0.7,2.75,Growth Stage (3-6 yrs),23.8,Low Risk,63.3,Watchlist,Sufficiently Trained,Moderate Manager Continuity,Regular Annual Review,1,4,-0.664,-0.922,-0.853,Fast-Track Performers
PANW-2441,56,0,Non-Travel,667,Research & Development,1,4,Life Sciences,3,Male,57,3,2,Healthcare Representative,3,Divorced,6306,26236,1,No,21,4,1,1,13,2,2,13,12,1,9,0.071,0.857,0.143,0.692,0.643,11,0.143,0.84,2.25,Veteran Stage (13+ yrs),53.7,Medium Risk,80.0,Immediate Action,Moderate Development Need,Stable Leadership Continuity,Lateral Role Rotation / New Project,3,1,2.151,0.778,-1.969,High-Risk Stagnation Profiles
PANW-2442,29,1,Travel_Rarely,1092,Research & Development,1,4,Medical,1,Male,36,3,1,Research Scientist,4,Married,4787,26124,9,Yes,14,3,2,3,4,3,4,2,2,2,2,0.667,0.667,1.0,0.667,0.667,0,0.2,1.48,2.75,Early Stage (0-2 yrs),29.9,Low Risk,40.5,Already Attrited,Sufficiently Trained,Moderate Manager Continuity,Exit Analysis & Knowledge Transfer,1,4,-1.066,1.72,0.786,Fast-Track Performers
PANW-2443,42,0,Travel_Rarely,300,Research & Development,2,3,Life Sciences,1,Male,56,3,5,Manager,3,Married,18880,17312,5,No,11,3,1,0,24,2,2,22,6,4,14,0.174,0.261,0.087,2.0,0.609,2,0.2,1.1,1.75,Veteran Stage (13+ yrs),43.0,Medium Risk,70.0,Immediate Action,Moderate Development Need,Prolonged Stagnant Manager Dyad,Manager Mentorship & Skip-Level Check-in,2,1,3.838,-2.937,0.486,Stable Long-Term Contributors
PANW-2444,56,1,Travel_Rarely,310,Research & Development,7,2,Technical Degree,4,Male,72,3,1,Laboratory Technician,3,Married,2339,3666,8,No,11,3,4,1,14,4,1,10,9,9,8,0.818,0.818,0.364,0.8,0.727,0,0.067,0.72,3.0,Established Stage (7-12 yrs),80.7,High Risk,58.2,Already Attrited,Sufficiently Trained,Prolonged Stagnant Manager Dyad,Exit Analysis & Knowledge Transfer,3,0,2.773,2.188,1.06,High-Risk Stagnation Profiles
PANW-2445,41,0,Travel_Rarely,582,Research & Development,28,4,Life Sciences,1,Female,60,2,4,Manufacturing Director,2,Married,13570,5640,0,No,23,4,3,1,21,3,3,20,7,0,10,0.0,0.333,0.143,1.25,0.476,7,0.182,1.86,2.25,Veteran Stage (13+ yrs),37.7,Medium Risk,70.7,Immediate Action,Sufficiently Trained,Stable Leadership Continuity,Regular Annual Review,2,1,2.402,-2.184,-1.071,Stable Long-Term Contributors
PANW-2446,34,0,Travel_Rarely,704,Sales,28,3,Marketing,4,Female,95,2,2,Sales Executive,3,Married,6712,8978,1,No,21,4,4,2,8,2,3,8,7,1,7,0.111,0.778,0.222,0.875,0.778,6,0.222,0.97,3.5,Established Stage (7-12 yrs),48.6,Medium Risk,74.5,Immediate Action,Moderate Development Need,Stable Leadership Continuity,Lateral Role Rotation / New Project,3,1,0.669,0.722,-1.297,High-Risk Stagnation Profiles
PANW-2447,36,0,Non-Travel,301,Sales,15,4,Marketing,4,Male,88,1,2,Sales Executive,4,Divorced,5406,10436,1,No,24,4,1,1,15,4,2,15,12,11,11,0.688,0.75,0.25,0.846,0.688,1,0.125,0.78,2.75,Veteran Stage (13+ yrs),78.8,High Risk,81.3,Immediate Action,Sufficiently Trained,Prolonged Stagnant Manager Dyad,Promotion & Compensation Review,2,0,3.965,1.716,0.934,Stable Long-Term Contributors
PANW-2448,41,0,Travel_Rarely,930,Sales,3,3,Life Sciences,3,Male,57,2,2,Sales Executive,2,Divorced,8938,12227,2,No,11,3,3,1,14,5,3,5,4,0,4,0.0,0.667,0.833,0.8,0.667,4,0.133,1.29,2.75,Growth Stage (3-6 yrs),36.7,Medium Risk,64.1,Watchlist,Sufficiently Trained,Stable Leadership Continuity,Lateral Role Rotation / New Project,1,4,-0.244,-0.229,-1.057,Fast-Track Performers
PANW-2449,32,0,Travel_Rarely,529,Research & Development,2,3,Technical Degree,4,Male,78,3,1,Research Scientist,1,Single,2439,11288,1,No,14,3,4,0,4,4,3,4,2,1,2,0.2,0.4,0.8,0.667,0.4,1,0.2,0.75,3.0,Growth Stage (3-6 yrs),31.0,Medium Risk,65.8,Watchlist,Sufficiently Trained,Moderate Manager Continuity,Regular Annual Review,1,4,-1.523,0.444,-0.144,Fast-Track Performers
PANW-2450,35,0,Travel_Rarely,1146,Human Resources,26,4,Life Sciences,3,Female,31,3,3,Human Resources,4,Single,8837,16642,1,Yes,16,3,3,0,9,2,3,9,0,1,7,0.1,0.0,0.2,7.0,0.7,-1,0.3,2.09,3.25,Established Stage (7-12 yrs),3.5,Low Risk,56.2,Watchlist,Moderate Development Need,Stable Leadership Continuity,Regular Annual Review,4,3,0.236,-4.008,0.386,Promotion-Stalled Employees
PANW-2451,38,0,Travel_Rarely,345,Sales,10,2,Life Sciences,1,Female,100,3,2,Sales Executive,4,Married,5343,5982,1,No,11,3,3,1,10,1,3,10,7,1,9,0.091,0.636,0.091,1.125,0.818,6,0.182,0.77,2.75,Established Stage (7-12 yrs),41.3,Medium Risk,69.5,Watchlist,High Development Need,Stable Leadership Continuity,Lateral Role Rotation / New Project,3,1,1.169,0.038,-1.13,High-Risk Stagnation Profiles
PANW-2452,50,1,Travel_Frequently,878,Sales,1,4,Life Sciences,2,Male,94,3,2,Sales Executive,3,Divorced,6728,14255,7,No,12,3,4,2,12,3,3,6,3,0,1,0.0,0.429,0.429,0.25,0.143,3,0.154,0.97,3.0,Growth Stage (3-6 yrs),23.8,Low Risk,38.3,Already Attrited,Sufficiently Trained,Recent Manager Transition,Exit Analysis & Knowledge Transfer,1,4,-0.829,-0.357,-0.833,Fast-Track Performers
PANW-2453,36,0,Travel_Rarely,1120,Sales,11,4,Marketing,2,Female,100,2,2,Sales Executive,4,Married,6652,14369,4,No,13,3,1,1,8,2,2,6,3,0,0,0.0,0.429,0.286,0.0,0.0,3,0.222,0.96,2.25,Growth Stage (3-6 yrs),20.1,Low Risk,58.3,Watchlist,Moderate Development Need,Recent Manager Transition,Regular Annual Review,1,4,-1.208,0.001,-0.719,Fast-Track Performers
PANW-2454,45,0,Travel_Rarely,374,Sales,20,3,Life Sciences,4,Female,50,3,2,Sales Executive,3,Single,4850,23333,8,No,15,3,3,0,8,3,3,5,3,0,1,0.0,0.5,0.5,0.25,0.167,3,0.222,0.7,3.25,Growth Stage (3-6 yrs),25.6,Low Risk,64.0,Watchlist,Sufficiently Trained,Recent Manager Transition,Regular Annual Review,1,4,-1.176,0.044,-0.778,Fast-Track Performers
PANW-2455,40,0,Travel_Rarely,1322,Research & Development,2,4,Life Sciences,3,Male,52,2,1,Research Scientist,3,Single,2809,2725,2,No,14,3,4,0,8,2,3,2,2,2,2,0.667,0.667,0.667,0.667,0.667,0,0.111,0.87,3.25,Early Stage (0-2 yrs),33.7,Medium Risk,63.0,Watchlist,Moderate Development Need,Moderate Manager Continuity,Regular Annual Review,1,4,-0.586,1.546,0.384,Fast-Track Performers
PANW-2456,35,0,Travel_Frequently,1199,Research & Development,18,4,Life Sciences,3,Male,80,3,2,Healthcare Representative,3,Married,5689,24594,1,Yes,14,3,4,2,10,2,4,10,2,0,2,0.0,0.182,0.182,0.667,0.182,2,0.182,0.76,3.5,Established Stage (7-12 yrs),14.6,Low Risk,60.1,Watchlist,Moderate Development Need,Moderate Manager Continuity,Regular Annual Review,1,4,-0.769,-1.035,-0.625,Fast-Track Performers
PANW-2457,40,0,Travel_Rarely,1194,Research & Development,2,4,Medical,3,Female,98,3,1,Research Scientist,3,Married,2001,12549,2,No,14,3,2,3,20,2,3,5,3,0,2,0.0,0.5,0.333,0.5,0.333,3,0.048,0.62,2.75,Growth Stage (3-6 yrs),25.6,Low Risk,64.0,Watchlist,Moderate Development Need,Moderate Manager Continuity,Regular Annual Review,1,4,-0.375,-0.351,-1.482,Fast-Track Performers
PANW-2458,35,0,Travel_Rarely,287,Research & Development,1,4,Life Sciences,3,Female,62,1,1,Research Scientist,4,Married,2977,8952,1,No,12,3,4,1,4,5,3,4,3,1,1,0.2,0.6,1.0,0.25,0.2,2,0.2,0.92,3.5,Growth Stage (3-6 yrs),27.9,Low Risk,57.3,Watchlist,Sufficiently Trained,Recent Manager Transition,Regular Annual Review,1,4,-1.481,1.035,-0.241,Fast-Track Performers
PANW-2459,29,0,Travel_Rarely,1378,Research & Development,13,2,Other,4,Male,46,2,2,Laboratory Technician,2,Married,4025,23679,4,Yes,13,3,1,1,10,2,3,4,3,0,3,0.0,0.6,0.4,0.75,0.6,3,0.182,1.24,2.5,Growth Stage (3-6 yrs),31.9,Medium Risk,62.4,Watchlist,Moderate Development Need,Moderate Manager Continuity,Regular Annual Review,1,4,-0.672,-0.072,-1.045,Fast-Track Performers
PANW-2460,29,0,Travel_Rarely,468,Research & Development,28,4,Medical,4,Female,73,2,1,Research Scientist,1,Single,3785,8489,1,No,14,3,2,0,5,3,1,5,4,0,4,0.0,0.667,0.5,0.8,0.667,4,0.167,1.17,2.0,Growth Stage (3-6 yrs),40.4,Medium Risk,65.4,Watchlist,Sufficiently Trained,Stable Leadership Continuity,Lateral Role Rotation / New Project,1,4,-0.809,0.632,-1.392,Fast-Track Performers
PANW-2461,50,1,Travel_Rarely,410,Sales,28,3,Marketing,4,Male,39,2,3,Sales Executive,1,Divorced,10854,16586,4,Yes,13,3,2,1,20,3,3,3,2,2,0,0.5,0.5,0.75,0.0,0.0,0,0.143,1.57,2.5,Growth Stage (3-6 yrs),37.0,Medium Risk,39.2,Already Attrited,Sufficiently Trained,Recent Manager Transition,Exit Analysis & Knowledge Transfer,1,1,-0.167,-0.035,0.806,Fast-Track Performers
PANW-2462,39,0,Travel_Rarely,722,Sales,24,1,Marketing,2,Female,60,2,4,Sales Executive,4,Married,12031,8828,0,No,11,3,1,1,21,2,2,20,9,9,6,0.429,0.429,0.095,0.6,0.286,0,0.182,1.74,2.25,Veteran Stage (13+ yrs),67.2,High Risk,74.8,Immediate Action,Moderate Development Need,Prolonged Stagnant Manager Dyad,Promotion & Compensation Review,2,0,3.507,-0.577,1.478,Stable Long-Term Contributors
PANW-2463,31,0,Non-Travel,325,Research & Development,5,3,Medical,2,Male,74,3,2,Manufacturing Director,1,Single,9936,3787,0,No,19,3,2,0,10,2,3,9,4,1,7,0.1,0.4,0.2,1.4,0.7,3,0.182,1.36,2.0,Established Stage (7-12 yrs),37.2,Medium Risk,68.0,Watchlist,Moderate Development Need,Stable Leadership Continuity,Regular Annual Review,1,1,0.33,-0.584,-0.832,Fast-Track Performers
PANW-2464,26,0,Travel_Rarely,1167,Sales,5,3,Other,4,Female,30,2,1,Sales Representative,3,Single,2966,21378,0,No,18,3,4,0,5,2,3,4,2,0,0,0.0,0.4,0.4,0.0,0.0,2,0.167,1.13,3.5,Growth Stage (3-6 yrs),20.0,Low Risk,58.2,Watchlist,Moderate Development Need,Recent Manager Transition,Regular Annual Review,1,4,-1.81,0.432,-1.064,Fast-Track Performers
PANW-2465,36,0,Travel_Frequently,884,Research & Development,23,2,Medical,3,Male,41,4,2,Laboratory Technician,4,Married,2571,12290,4,No,17,3,3,1,17,3,3,5,2,0,3,0.0,0.333,0.5,1.0,0.5,2,0.111,0.79,3.25,Growth Stage (3-6 yrs),14.6,Low Risk,63.9,Watchlist,Sufficiently Trained,Moderate Manager Continuity,Regular Annual Review,1,4,-0.538,-1.124,-0.939,Fast-Track Performers
PANW-2466,39,0,Travel_Rarely,613,Research & Development,6,1,Medical,4,Male,42,2,3,Healthcare Representative,1,Married,9991,21457,4,No,15,3,1,1,9,5,3,7,7,1,7,0.125,0.875,0.625,0.875,0.875,6,0.3,1.33,2.25,Established Stage (7-12 yrs),58.5,High Risk,71.7,Immediate Action,Sufficiently Trained,Stable Leadership Continuity,Lateral Role Rotation / New Project,3,1,0.693,0.485,-0.634,High-Risk Stagnation Profiles
PANW-2467,27,0,Travel_Rarely,155,Research & Development,4,3,Life Sciences,2,Male,87,4,2,Manufacturing Director,2,Married,6142,5174,1,Yes,20,4,2,1,6,0,3,6,2,0,3,0.0,0.286,0.0,1.0,0.429,2,0.286,0.84,2.25,Growth Stage (3-6 yrs),20.9,Low Risk,72.3,Immediate Action,Moderate Development Need,Moderate Manager Continuity,Upskilling & Training Program,1,4,-1.113,-0.559,-0.728,Fast-Track Performers
PANW-2468,49,0,Travel_Frequently,1023,Sales,2,3,Medical,4,Male,63,2,2,Sales Executive,2,Married,5390,13243,2,No,14,3,4,0,17,3,2,9,6,0,8,0.0,0.6,0.3,1.143,0.8,6,0.111,0.78,3.0,Established Stage (7-12 yrs),41.2,Medium Risk,65.7,Watchlist,Sufficiently Trained,Stable Leadership Continuity,Lateral Role Rotation / New Project,3,1,1.021,-0.6,-1.539,High-Risk Stagnation Profiles
PANW-2469,34,0,Travel_Rarely,628,Research & Development,8,3,Medical,2,Male,82,4,2,Laboratory Technician,3,Married,4404,10228,2,No,12,3,1,0,6,3,4,4,3,1,2,0.2,0.6,0.6,0.5,0.4,2,0.286,1.36,2.5,Growth Stage (3-6 yrs),31.6,Medium Risk,69.8,Watchlist,Sufficiently Trained,Moderate Manager Continuity,Regular Annual Review,1,4,-1.006,0.568,-0.029,Fast-Track Performers
